{
	"__comment": "Designed by Ersatz with Cubik Studio - https://cubik.studio",
	"textures": {
		"anchor": "blocks/anvil_base",
		"red": "decoration/stockings/red",
		"white": "blocks/wool_colored_white",
		"black": "solid_colors/black",
		"green": "decoration/stockings/green",
		"cyan": "decoration/stockings/cyan"
	},
	"elements": [ 	 
		{
			"__comment": "s1",
			"from": [ 7.5, 13, 0 ],
			"to": [ 8.5, 14, 2.5 ],
			"faces": {
				"down": { "uv": [ 7.5, 13.5, 8.5, 16 ], "texture": "#anchor" },
				"up": { "uv": [ 7.5, 0, 8.5, 2.5 ], "texture": "#anchor" },
				"north": { "uv": [ 7.5, 2, 8.5, 3 ], "texture": "#anchor" },
				"south": { "uv": [ 7.5, 2, 8.5, 3 ], "texture": "#anchor" },
				"west": { "uv": [ 0, 2, 2.5, 3 ], "texture": "#anchor" },
				"east": { "uv": [ 13.5, 2, 16, 3 ], "texture": "#anchor" }
			}
		},
		{
			"__comment": "s2",
			"from": [ -8.5, 5, 0 ],
			"to": [ -7.5, 6, 2.5 ],
			"faces": {
				"down": { "uv": [ 7.5, 13.5, 8.5, 16 ], "texture": "#anchor" },
				"up": { "uv": [ 7.5, 0, 8.5, 2.5 ], "texture": "#anchor" },
				"north": { "uv": [ 7.5, 10, 8.5, 11 ], "texture": "#anchor" },
				"south": { "uv": [ 7.5, 10, 8.5, 11 ], "texture": "#anchor" },
				"west": { "uv": [ 0, 10, 2.5, 11 ], "texture": "#anchor" },
				"east": { "uv": [ 13.5, 10, 16, 11 ], "texture": "#anchor" }
			}
		},
		{
			"__comment": "s3",
			"from": [ 23.5, 5, 0 ],
			"to": [ 24.5, 6, 2.5 ],
			"faces": {
				"down": { "uv": [ 7.5, 13.5, 8.5, 16 ], "texture": "#anchor" },
				"up": { "uv": [ 7.5, 0, 8.5, 2.5 ], "texture": "#anchor" },
				"north": { "uv": [ 7.5, 10, 8.5, 11 ], "texture": "#anchor" },
				"south": { "uv": [ 7.5, 10, 8.5, 11 ], "texture": "#anchor" },
				"west": { "uv": [ 0, 10, 2.5, 11 ], "texture": "#anchor" },
				"east": { "uv": [ 13.5, 10, 16, 11 ], "texture": "#anchor" }
			}
		},
		{
			"__comment": "s31",
			"from": [ 21.6074, -2.8997, 0.749 ],
			"to": [ 28.1074, 1.1003, 1.999 ],
			"rotation": { "origin": [ 21.6074, -2.8998, 0.749 ], "axis": "z", "angle": -45 },
			"faces": {
				"down": { "uv": [ 5.607445, 14.126, 12.10744, 15.376 ], "texture": "#cyan" },
				"up": { "uv": [ 5.607445, 0.6239996, 12.10744, 1.874 ], "texture": "#cyan" },
				"north": { "uv": [ 3.892555, 6.899773, 10.39256, 10.89977 ], "texture": "#cyan" },
				"south": { "uv": [ 5.607445, 6.899773, 12.10744, 10.89977 ], "texture": "#cyan" },
				"west": { "uv": [ 0.624, 6.899773, 1.874, 10.89977 ], "texture": "#cyan" },
				"east": { "uv": [ 14.126, 6.899773, 15.376, 10.89977 ], "texture": "#cyan" }
			}
		},
		{
			"__comment": "s32",
			"from": [ 26.5, -7.125, 0.75 ],
			"to": [ 27, -4.125, 2 ],
			"rotation": { "origin": [ 26.5, -7.125, 0.75 ], "axis": "z", "angle": -45 },
			"faces": {
				"down": { "uv": [ 10.5, 14.125, 11, 15.375 ], "texture": "#cyan" },
				"up": { "uv": [ 10.5, 0.625, 11, 1.875 ], "texture": "#cyan" },
				"north": { "uv": [ 5, 4.124947, 5.5, 7.124947 ], "texture": "#cyan" },
				"south": { "uv": [ 10.5, 4.124947, 11, 7.124947 ], "texture": "#cyan" },
				"west": { "uv": [ 0.625, 4.124947, 1.875, 7.124947 ], "texture": "#cyan" },
				"east": { "uv": [ 14.125, 4.124947, 15.375, 7.124947 ], "texture": "#cyan" }
			}
		},
		{
			"__comment": "s33",
			"from": [ 24.25, 2.5, 1.625 ],
			"to": [ 28.25, 4, 2.125 ],
			"rotation": { "origin": [ 24.25, 2.5, 1.125 ], "axis": "z", "angle": -22.5 },
			"faces": {
				"down": { "uv": [ 8.25, 14, 12.25, 14.5 ], "texture": "#white" },
				"up": { "uv": [ 8.25, 1.5, 12.25, 2 ], "texture": "#white" },
				"north": { "uv": [ 3.75, 4, 7.75, 5.5 ], "texture": "#white" },
				"south": { "uv": [ 8.25, 4, 12.25, 5.5 ], "texture": "#white" },
				"west": { "uv": [ 1.5, 4, 2, 5.5 ], "texture": "#white" },
				"east": { "uv": [ 14, 4, 14.5, 5.5 ], "texture": "#white" }
			}
		},
		{
			"__comment": "s34",
			"from": [ 23.25, 6, 1.249 ],
			"to": [ 23.5, 6.35, 1.499 ],
			"rotation": { "origin": [ 23.25, 6, 1.249 ], "axis": "z", "angle": -45 },
			"faces": {
				"down": { "uv": [ 7.25, 14.626, 7.5, 14.876 ], "texture": "#white" },
				"up": { "uv": [ 7.25, 1.124001, 7.5, 1.374001 ], "texture": "#white" },
				"north": { "uv": [ 8.5, 1.65, 8.75, 2 ], "texture": "#white" },
				"south": { "uv": [ 7.25, 1.65, 7.5, 2 ], "texture": "#white" },
				"west": { "uv": [ 1.124, 1.65, 1.374, 2 ], "texture": "#white" },
				"east": { "uv": [ 14.626, 1.65, 14.876, 2 ], "texture": "#white" }
			}
		},
		{
			"__comment": "s35",
			"from": [ 24.25, 2.5, 1.125 ],
			"to": [ 28.25, 3.5, 1.625 ],
			"rotation": { "origin": [ 24.25, 2.5, 1.125 ], "axis": "z", "angle": -22.5 },
			"faces": {
				"down": { "uv": [ 8.25, 14.5, 12.25, 15 ], "texture": "#black" },
				"up": { "uv": [ 8.25, 1, 12.25, 1.5 ], "texture": "#black" },
				"north": { "uv": [ 3.75, 4.5, 7.75, 5.5 ], "texture": "#black" },
				"south": { "uv": [ 8.25, 4.5, 12.25, 5.5 ], "texture": "#black" },
				"west": { "uv": [ 1, 4.5, 1.5, 5.5 ], "texture": "#black" },
				"east": { "uv": [ 14.5, 4.5, 15, 5.5 ], "texture": "#black" }
			}
		},
		{
			"__comment": "s36",
			"from": [ 28.25, 2.5, 0.625 ],
			"to": [ 28.75, 4, 2.125 ],
			"rotation": { "origin": [ 24.25, 2.5, 1.125 ], "axis": "z", "angle": -22.5 },
			"faces": {
				"down": { "uv": [ 11.94552, 14, 12.44552, 15.5 ], "texture": "#white" },
				"up": { "uv": [ 11.94552, 0.5, 12.44552, 2 ], "texture": "#white" },
				"north": { "uv": [ 3.554482, 5.530733, 4.054482, 7.030733 ], "texture": "#white" },
				"south": { "uv": [ 11.94552, 5.530733, 12.44552, 7.030733 ], "texture": "#white" },
				"west": { "uv": [ 0.5, 5.530733, 2, 7.030733 ], "texture": "#white" },
				"east": { "uv": [ 14, 5.530733, 15.5, 7.030733 ], "texture": "#white" }
			}
		},
		{
			"__comment": "s37",
			"from": [ 24.25, 2.5, 0.625 ],
			"to": [ 28.25, 4, 1.125 ],
			"rotation": { "origin": [ 24.25, 2.5, 1.125 ], "axis": "z", "angle": -22.5 },
			"faces": {
				"down": { "uv": [ 8.25, 15, 12.25, 15.5 ], "texture": "#white" },
				"up": { "uv": [ 8.25, 0.5, 12.25, 1 ], "texture": "#white" },
				"north": { "uv": [ 3.75, 4, 7.75, 5.5 ], "texture": "#white" },
				"south": { "uv": [ 8.25, 4, 12.25, 5.5 ], "texture": "#white" },
				"west": { "uv": [ 0.5, 4, 1, 5.5 ], "texture": "#white" },
				"east": { "uv": [ 15, 4, 15.5, 5.5 ], "texture": "#white" }
			}
		},
		{
			"__comment": "s38",
			"from": [ 23.875, -3.5, 0.75 ],
			"to": [ 28.625, 2.5, 2 ],
			"rotation": { "origin": [ 24.25, 2.5, 1.125 ], "axis": "z", "angle": -22.5 },
			"faces": {
				"down": { "uv": [ 5.607445, 14.125, 10.35744, 15.375 ], "texture": "#cyan" },
				"up": { "uv": [ 5.607445, 0.625, 10.35744, 1.875 ], "texture": "#cyan" },
				"north": { "uv": [ 5.642555, 4.899771, 10.39256, 10.89977 ], "texture": "#cyan" },
				"south": { "uv": [ 5.607445, 4.899771, 10.35744, 10.89977 ], "texture": "#cyan" },
				"west": { "uv": [ 0.625, 4.899771, 1.875, 10.89977 ], "texture": "#cyan" },
				"east": { "uv": [ 14.125, 4.899771, 15.375, 10.89977 ], "texture": "#cyan" }
			}
		},
		{
			"__comment": "s39",
			"from": [ 23.75, 2.5, 0.625 ],
			"to": [ 24.25, 4, 2.125 ],
			"rotation": { "origin": [ 24.25, 2.5, 1.125 ], "axis": "z", "angle": -22.5 },
			"faces": {
				"down": { "uv": [ 7.78806, 14, 8.28806, 15.5 ], "texture": "#white" },
				"up": { "uv": [ 7.78806, 0.5, 8.28806, 2 ], "texture": "#white" },
				"north": { "uv": [ 7.71194, 3.808659, 8.21194, 5.308659 ], "texture": "#white" },
				"south": { "uv": [ 7.78806, 3.808659, 8.28806, 5.308659 ], "texture": "#white" },
				"west": { "uv": [ 0.5, 3.808659, 2, 5.308659 ], "texture": "#white" },
				"east": { "uv": [ 14, 3.808659, 15.5, 5.308659 ], "texture": "#white" }
			}
		},
		{
			"__comment": "s310",
			"from": [ 23.25, 3.35, 1.251 ],
			"to": [ 23.5, 5, 1.501 ],
			"rotation": { "origin": [ 23.25, 5, 1.251 ], "axis": "z", "angle": 22.5 },
			"faces": {
				"down": { "uv": [ 7.881428, 14.624, 8.131428, 14.874 ], "texture": "#white" },
				"up": { "uv": [ 7.881428, 1.126, 8.131428, 1.376 ], "texture": "#white" },
				"north": { "uv": [ 7.868572, 2.874401, 8.118572, 4.524401 ], "texture": "#white" },
				"south": { "uv": [ 7.881428, 2.874401, 8.131428, 4.524401 ], "texture": "#white" },
				"west": { "uv": [ 1.126, 2.874401, 1.376, 4.524401 ], "texture": "#white" },
				"east": { "uv": [ 14.624, 2.874401, 14.874, 4.524401 ], "texture": "#white" }
			}
		},
		{
			"__comment": "s311",
			"from": [ 24.5, 2.5, 1.249 ],
			"to": [ 24.75, 5, 1.499 ],
			"rotation": { "origin": [ 24.75, 5, 1.249 ], "axis": "z", "angle": -22.5 },
			"faces": {
				"down": { "uv": [ 7.562322, 14.626, 7.812322, 14.876 ], "texture": "#white" },
				"up": { "uv": [ 7.562322, 1.124001, 7.812322, 1.374001 ], "texture": "#white" },
				"north": { "uv": [ 8.187678, 2.714027, 8.437678, 5.214027 ], "texture": "#white" },
				"south": { "uv": [ 7.562322, 2.714027, 7.812322, 5.214027 ], "texture": "#white" },
				"west": { "uv": [ 1.124, 2.714027, 1.374, 5.214027 ], "texture": "#white" },
				"east": { "uv": [ 14.626, 2.714027, 14.876, 5.214027 ], "texture": "#white" }
			}
		},
		{
			"__comment": "s312",
			"from": [ 24.5, 5, 1.25 ],
			"to": [ 24.75, 6, 1.5 ],
			"faces": {
				"down": { "uv": [ 8.5, 14.625, 8.75, 14.875 ], "texture": "#white" },
				"up": { "uv": [ 8.5, 1.125, 8.75, 1.375 ], "texture": "#white" },
				"north": { "uv": [ 7.25, 2, 7.5, 3 ], "texture": "#white" },
				"south": { "uv": [ 8.5, 2, 8.75, 3 ], "texture": "#white" },
				"west": { "uv": [ 1.125, 2, 1.375, 3 ], "texture": "#white" },
				"east": { "uv": [ 14.625, 2, 14.875, 3 ], "texture": "#white" }
			}
		},
		{
			"__comment": "s313",
			"from": [ 24.5, 6, 1.249 ],
			"to": [ 24.85, 6.25, 1.499 ],
			"rotation": { "origin": [ 24.5, 6.25, 1.249 ], "axis": "z", "angle": -45 },
			"faces": {
				"down": { "uv": [ 8.323223, 14.626, 8.673223, 14.876 ], "texture": "#white" },
				"up": { "uv": [ 8.323223, 1.124001, 8.673223, 1.374001 ], "texture": "#white" },
				"north": { "uv": [ 7.326777, 1.676777, 7.676777, 1.926777 ], "texture": "#white" },
				"south": { "uv": [ 8.323223, 1.676777, 8.673223, 1.926777 ], "texture": "#white" },
				"west": { "uv": [ 1.124, 1.676777, 1.374, 1.926777 ], "texture": "#white" },
				"east": { "uv": [ 14.626, 1.676777, 14.876, 1.926777 ], "texture": "#white" }
			}
		},
		{
			"__comment": "s314",
			"from": [ 23.25, 5, 1.25 ],
			"to": [ 23.5, 6, 1.5 ],
			"faces": {
				"down": { "uv": [ 7.25, 14.625, 7.5, 14.875 ], "texture": "#white" },
				"up": { "uv": [ 7.25, 1.125, 7.5, 1.375 ], "texture": "#white" },
				"north": { "uv": [ 8.5, 2, 8.75, 3 ], "texture": "#white" },
				"south": { "uv": [ 7.25, 2, 7.5, 3 ], "texture": "#white" },
				"west": { "uv": [ 1.125, 2, 1.375, 3 ], "texture": "#white" },
				"east": { "uv": [ 14.625, 2, 14.875, 3 ], "texture": "#white" }
			}
		},
		{
			"__comment": "s3",
			"from": [ 23.5, 6, 1.25 ],
			"to": [ 24.5, 6.25, 1.5 ],
			"faces": {
				"down": { "uv": [ 7.5, 14.625, 8.5, 14.875 ], "texture": "#white" },
				"up": { "uv": [ 7.5, 1.125, 8.5, 1.375 ], "texture": "#white" },
				"north": { "uv": [ 7.5, 1.75, 8.5, 2 ], "texture": "#white" },
				"south": { "uv": [ 7.5, 1.75, 8.5, 2 ], "texture": "#white" },
				"west": { "uv": [ 1.125, 1.75, 1.375, 2 ], "texture": "#white" },
				"east": { "uv": [ 14.625, 1.75, 14.875, 2 ], "texture": "#white" }
			}
		},
		{
			"__comment": "s113",
			"from": [ 7.5, 14, 1.25 ],
			"to": [ 8.5, 14.25, 1.5 ],
			"faces": {
				"down": { "uv": [ 7.5, 14.625, 8.5, 14.875 ], "texture": "#white" },
				"up": { "uv": [ 7.5, 1.125, 8.5, 1.375 ], "texture": "#white" },
				"north": { "uv": [ 7.5, 1.75, 8.5, 2 ], "texture": "#white" },
				"south": { "uv": [ 7.5, 1.75, 8.5, 2 ], "texture": "#white" },
				"west": { "uv": [ 1.125, 1.75, 1.375, 2 ], "texture": "#white" },
				"east": { "uv": [ 14.625, 1.75, 14.875, 2 ], "texture": "#white" }
			}
		},
		{
			"__comment": "s15",
			"from": [ 5.6074, 5.1003, 0.749 ],
			"to": [ 12.1074, 9.1003, 1.999 ],
			"rotation": { "origin": [ 5.6074, 5.1002, 0.749 ], "axis": "z", "angle": -45 },
			"faces": {
				"down": { "uv": [ 5.607445, 14.126, 12.10744, 15.376 ], "texture": "#red" },
				"up": { "uv": [ 5.607445, 0.6239996, 12.10744, 1.874 ], "texture": "#red" },
				"north": { "uv": [ 3.892555, 6.899773, 10.39256, 10.89977 ], "texture": "#red" },
				"south": { "uv": [ 5.607445, 6.899773, 12.10744, 10.89977 ], "texture": "#red" },
				"west": { "uv": [ 0.624, 6.899773, 1.874, 10.89977 ], "texture": "#red" },
				"east": { "uv": [ 14.126, 6.899773, 15.376, 10.89977 ], "texture": "#red" }
			}
		},
		{
			"__comment": "s15",
			"from": [ 10.5, 0.875, 0.75 ],
			"to": [ 11, 3.875, 2 ],
			"rotation": { "origin": [ 10.5, 0.875, 0.75 ], "axis": "z", "angle": -45 },
			"faces": {
				"down": { "uv": [ 10.5, 14.125, 11, 15.375 ], "texture": "#red" },
				"up": { "uv": [ 10.5, 0.625, 11, 1.875 ], "texture": "#red" },
				"north": { "uv": [ 5, 12.12495, 5.5, 15.12495 ], "texture": "#red" },
				"south": { "uv": [ 10.5, 12.12495, 11, 15.12495 ], "texture": "#red" },
				"west": { "uv": [ 0.625, 12.12495, 1.875, 15.12495 ], "texture": "#red" },
				"east": { "uv": [ 14.125, 12.12495, 15.375, 15.12495 ], "texture": "#red" }
			}
		},
		{
			"__comment": "s12",
			"from": [ 8.25, 10.5, 1.625 ],
			"to": [ 12.25, 12, 2.125 ],
			"rotation": { "origin": [ 8.25, 10.5, 1.125 ], "axis": "z", "angle": -22.5 },
			"faces": {
				"down": { "uv": [ 8.25, 14, 12.25, 14.5 ], "texture": "#white" },
				"up": { "uv": [ 8.25, 1.5, 12.25, 2 ], "texture": "#white" },
				"north": { "uv": [ 3.75, 4, 7.75, 5.5 ], "texture": "#white" },
				"south": { "uv": [ 8.25, 4, 12.25, 5.5 ], "texture": "#white" },
				"west": { "uv": [ 1.5, 4, 2, 5.5 ], "texture": "#white" },
				"east": { "uv": [ 14, 4, 14.5, 5.5 ], "texture": "#white" }
			}
		},
		{
			"__comment": "s114",
			"from": [ 7.25, 14, 1.249 ],
			"to": [ 7.5, 14.35, 1.499 ],
			"rotation": { "origin": [ 7.25, 14, 1.249 ], "axis": "z", "angle": -45 },
			"faces": {
				"down": { "uv": [ 7.25, 14.626, 7.5, 14.876 ], "texture": "#white" },
				"up": { "uv": [ 7.25, 1.124001, 7.5, 1.374001 ], "texture": "#white" },
				"north": { "uv": [ 8.5, 1.65, 8.75, 2 ], "texture": "#white" },
				"south": { "uv": [ 7.25, 1.65, 7.5, 2 ], "texture": "#white" },
				"west": { "uv": [ 1.124, 1.65, 1.374, 2 ], "texture": "#white" },
				"east": { "uv": [ 14.626, 1.65, 14.876, 2 ], "texture": "#white" }
			}
		},
		{
			"__comment": "s11",
			"from": [ 8.25, 10.5, 1.125 ],
			"to": [ 12.25, 11.5, 1.625 ],
			"rotation": { "origin": [ 8.25, 10.5, 1.125 ], "axis": "z", "angle": -22.5 },
			"faces": {
				"down": { "uv": [ 8.25, 14.5, 12.25, 15 ], "texture": "#black" },
				"up": { "uv": [ 8.25, 1, 12.25, 1.5 ], "texture": "#black" },
				"north": { "uv": [ 3.75, 4.5, 7.75, 5.5 ], "texture": "#black" },
				"south": { "uv": [ 8.25, 4.5, 12.25, 5.5 ], "texture": "#black" },
				"west": { "uv": [ 1, 4.5, 1.5, 5.5 ], "texture": "#black" },
				"east": { "uv": [ 14.5, 4.5, 15, 5.5 ], "texture": "#black" }
			}
		},
		{
			"__comment": "s13",
			"from": [ 12.25, 10.5, 0.625 ],
			"to": [ 12.75, 12, 2.125 ],
			"rotation": { "origin": [ 8.25, 10.5, 1.125 ], "axis": "z", "angle": -22.5 },
			"faces": {
				"down": { "uv": [ 11.94552, 14, 12.44552, 15.5 ], "texture": "#white" },
				"up": { "uv": [ 11.94552, 0.5, 12.44552, 2 ], "texture": "#white" },
				"north": { "uv": [ 3.554482, 5.530733, 4.054482, 7.030733 ], "texture": "#white" },
				"south": { "uv": [ 11.94552, 5.530733, 12.44552, 7.030733 ], "texture": "#white" },
				"west": { "uv": [ 0.5, 5.530733, 2, 7.030733 ], "texture": "#white" },
				"east": { "uv": [ 14, 5.530733, 15.5, 7.030733 ], "texture": "#white" }
			}
		},
		{
			"__comment": "s14",
			"from": [ 8.25, 10.5, 0.625 ],
			"to": [ 12.25, 12, 1.125 ],
			"rotation": { "origin": [ 8.25, 10.5, 1.125 ], "axis": "z", "angle": -22.5 },
			"faces": {
				"down": { "uv": [ 8.25, 15, 12.25, 15.5 ], "texture": "#white" },
				"up": { "uv": [ 8.25, 0.5, 12.25, 1 ], "texture": "#white" },
				"north": { "uv": [ 3.75, 4, 7.75, 5.5 ], "texture": "#white" },
				"south": { "uv": [ 8.25, 4, 12.25, 5.5 ], "texture": "#white" },
				"west": { "uv": [ 0.5, 4, 1, 5.5 ], "texture": "#white" },
				"east": { "uv": [ 15, 4, 15.5, 5.5 ], "texture": "#white" }
			}
		},
		{
			"__comment": "s16",
			"from": [ 7.875, 4.5, 0.75 ],
			"to": [ 12.625, 10.5, 2 ],
			"rotation": { "origin": [ 8.25, 10.5, 1.125 ], "axis": "z", "angle": -22.5 },
			"faces": {
				"down": { "uv": [ 5.607445, 14.125, 10.35744, 15.375 ], "texture": "#red" },
				"up": { "uv": [ 5.607445, 0.625, 10.35744, 1.875 ], "texture": "#red" },
				"north": { "uv": [ 5.642555, 4.899771, 10.39256, 10.89977 ], "texture": "#red" },
				"south": { "uv": [ 5.607445, 4.899771, 10.35744, 10.89977 ], "texture": "#red" },
				"west": { "uv": [ 0.625, 4.899771, 1.875, 10.89977 ], "texture": "#red" },
				"east": { "uv": [ 14.125, 4.899771, 15.375, 10.89977 ], "texture": "#red" }
			}
		},
		{
			"__comment": "s17",
			"from": [ 7.75, 10.5, 0.625 ],
			"to": [ 8.25, 12, 2.125 ],
			"rotation": { "origin": [ 8.25, 10.5, 1.125 ], "axis": "z", "angle": -22.5 },
			"faces": {
				"down": { "uv": [ 7.78806, 14, 8.28806, 15.5 ], "texture": "#white" },
				"up": { "uv": [ 7.78806, 0.5, 8.28806, 2 ], "texture": "#white" },
				"north": { "uv": [ 7.71194, 3.808659, 8.21194, 5.308659 ], "texture": "#white" },
				"south": { "uv": [ 7.78806, 3.808659, 8.28806, 5.308659 ], "texture": "#white" },
				"west": { "uv": [ 0.5, 3.808659, 2, 5.308659 ], "texture": "#white" },
				"east": { "uv": [ 14, 3.808659, 15.5, 5.308659 ], "texture": "#white" }
			}
		},
		{
			"__comment": "s18",
			"from": [ 7.25, 11.35, 1.251 ],
			"to": [ 7.5, 13, 1.501 ],
			"rotation": { "origin": [ 7.25, 13, 1.251 ], "axis": "z", "angle": 22.5 },
			"faces": {
				"down": { "uv": [ 7.881428, 14.624, 8.131428, 14.874 ], "texture": "#white" },
				"up": { "uv": [ 7.881428, 1.126, 8.131428, 1.376 ], "texture": "#white" },
				"north": { "uv": [ 7.868572, 2.874401, 8.118572, 4.524401 ], "texture": "#white" },
				"south": { "uv": [ 7.881428, 2.874401, 8.131428, 4.524401 ], "texture": "#white" },
				"west": { "uv": [ 1.126, 2.874401, 1.376, 4.524401 ], "texture": "#white" },
				"east": { "uv": [ 14.624, 2.874401, 14.874, 4.524401 ], "texture": "#white" }
			}
		},
		{
			"__comment": "s19",
			"from": [ 8.5, 10.5, 1.249 ],
			"to": [ 8.75, 13, 1.499 ],
			"rotation": { "origin": [ 8.75, 13, 1.249 ], "axis": "z", "angle": -22.5 },
			"faces": {
				"down": { "uv": [ 7.562322, 14.626, 7.812322, 14.876 ], "texture": "#white" },
				"up": { "uv": [ 7.562322, 1.124001, 7.812322, 1.374001 ], "texture": "#white" },
				"north": { "uv": [ 8.187678, 2.714027, 8.437678, 5.214027 ], "texture": "#white" },
				"south": { "uv": [ 7.562322, 2.714027, 7.812322, 5.214027 ], "texture": "#white" },
				"west": { "uv": [ 1.124, 2.714027, 1.374, 5.214027 ], "texture": "#white" },
				"east": { "uv": [ 14.626, 2.714027, 14.876, 5.214027 ], "texture": "#white" }
			}
		},
		{
			"__comment": "s110",
			"from": [ 8.5, 13, 1.25 ],
			"to": [ 8.75, 14, 1.5 ],
			"faces": {
				"down": { "uv": [ 8.5, 14.625, 8.75, 14.875 ], "texture": "#white" },
				"up": { "uv": [ 8.5, 1.125, 8.75, 1.375 ], "texture": "#white" },
				"north": { "uv": [ 7.25, 2, 7.5, 3 ], "texture": "#white" },
				"south": { "uv": [ 8.5, 2, 8.75, 3 ], "texture": "#white" },
				"west": { "uv": [ 1.125, 2, 1.375, 3 ], "texture": "#white" },
				"east": { "uv": [ 14.625, 2, 14.875, 3 ], "texture": "#white" }
			}
		},
		{
			"__comment": "s111",
			"from": [ 8.5, 14, 1.249 ],
			"to": [ 8.85, 14.25, 1.499 ],
			"rotation": { "origin": [ 8.5, 14.25, 1.249 ], "axis": "z", "angle": -45 },
			"faces": {
				"down": { "uv": [ 8.323223, 14.626, 8.673223, 14.876 ], "texture": "#white" },
				"up": { "uv": [ 8.323223, 1.124001, 8.673223, 1.374001 ], "texture": "#white" },
				"north": { "uv": [ 7.326777, 1.676777, 7.676777, 1.926777 ], "texture": "#white" },
				"south": { "uv": [ 8.323223, 1.676777, 8.673223, 1.926777 ], "texture": "#white" },
				"west": { "uv": [ 1.124, 1.676777, 1.374, 1.926777 ], "texture": "#white" },
				"east": { "uv": [ 14.626, 1.676777, 14.876, 1.926777 ], "texture": "#white" }
			}
		},
		{
			"__comment": "s112",
			"from": [ 7.25, 13, 1.25 ],
			"to": [ 7.5, 14, 1.5 ],
			"faces": {
				"down": { "uv": [ 7.25, 14.625, 7.5, 14.875 ], "texture": "#white" },
				"up": { "uv": [ 7.25, 1.125, 7.5, 1.375 ], "texture": "#white" },
				"north": { "uv": [ 8.5, 2, 8.75, 3 ], "texture": "#white" },
				"south": { "uv": [ 7.25, 2, 7.5, 3 ], "texture": "#white" },
				"west": { "uv": [ 1.125, 2, 1.375, 3 ], "texture": "#white" },
				"east": { "uv": [ 14.625, 2, 14.875, 3 ], "texture": "#white" }
			}
		},
		{
			"__comment": "s214",
			"from": [ -8.5, 6, 1.25 ],
			"to": [ -7.5, 6.25, 1.5 ],
			"faces": {
				"down": { "uv": [ 7.5, 14.625, 8.5, 14.875 ], "texture": "#white" },
				"up": { "uv": [ 7.5, 1.125, 8.5, 1.375 ], "texture": "#white" },
				"north": { "uv": [ 7.5, 1.75, 8.5, 2 ], "texture": "#white" },
				"south": { "uv": [ 7.5, 1.75, 8.5, 2 ], "texture": "#white" },
				"west": { "uv": [ 1.125, 1.75, 1.375, 2 ], "texture": "#white" },
				"east": { "uv": [ 14.625, 1.75, 14.875, 2 ], "texture": "#white" }
			}
		},
		{
			"__comment": "s21",
			"from": [ -10.3926, -2.8997, 0.749 ],
			"to": [ -3.8926, 1.1003, 1.999 ],
			"rotation": { "origin": [ -10.3926, -2.8998, 0.749 ], "axis": "z", "angle": -45 },
			"faces": {
				"down": { "uv": [ 5.607445, 14.126, 12.10744, 15.376 ], "texture": "#green" },
				"up": { "uv": [ 5.607445, 0.6239996, 12.10744, 1.874 ], "texture": "#green" },
				"north": { "uv": [ 3.892555, 6.899773, 10.39256, 10.89977 ], "texture": "#green" },
				"south": { "uv": [ 5.607445, 6.899773, 12.10744, 10.89977 ], "texture": "#green" },
				"west": { "uv": [ 0.624, 6.899773, 1.874, 10.89977 ], "texture": "#green" },
				"east": { "uv": [ 14.126, 6.899773, 15.376, 10.89977 ], "texture": "#green" }
			}
		},
		{
			"__comment": "s22",
			"from": [ -5.5, -7.125, 0.75 ],
			"to": [ -5, -4.125, 2 ],
			"rotation": { "origin": [ -5.5, -7.125, 0.75 ], "axis": "z", "angle": -45 },
			"faces": {
				"down": { "uv": [ 10.5, 14.125, 11, 15.375 ], "texture": "#green" },
				"up": { "uv": [ 10.5, 0.625, 11, 1.875 ], "texture": "#green" },
				"north": { "uv": [ 5, 12.12495, 5.5, 15.12495 ], "texture": "#green" },
				"south": { "uv": [ 10.5, 12.12495, 11, 15.12495 ], "texture": "#green" },
				"west": { "uv": [ 0.625, 12.12495, 1.875, 15.12495 ], "texture": "#green" },
				"east": { "uv": [ 14.125, 12.12495, 15.375, 15.12495 ], "texture": "#green" }
			}
		},
		{
			"__comment": "s23",
			"from": [ -7.75, 2.5, 1.625 ],
			"to": [ -3.75, 4, 2.125 ],
			"rotation": { "origin": [ -7.75, 2.5, 1.125 ], "axis": "z", "angle": -22.5 },
			"faces": {
				"down": { "uv": [ 8.25, 14, 12.25, 14.5 ], "texture": "#white" },
				"up": { "uv": [ 8.25, 1.5, 12.25, 2 ], "texture": "#white" },
				"north": { "uv": [ 3.75, 4, 7.75, 5.5 ], "texture": "#white" },
				"south": { "uv": [ 8.25, 4, 12.25, 5.5 ], "texture": "#white" },
				"west": { "uv": [ 1.5, 4, 2, 5.5 ], "texture": "#white" },
				"east": { "uv": [ 14, 4, 14.5, 5.5 ], "texture": "#white" }
			}
		},
		{
			"__comment": "s24",
			"from": [ -8.75, 6, 1.249 ],
			"to": [ -8.5, 6.35, 1.499 ],
			"rotation": { "origin": [ -8.75, 6, 1.249 ], "axis": "z", "angle": -45 },
			"faces": {
				"down": { "uv": [ 7.25, 14.626, 7.5, 14.876 ], "texture": "#white" },
				"up": { "uv": [ 7.25, 1.124001, 7.5, 1.374001 ], "texture": "#white" },
				"north": { "uv": [ 8.5, 1.65, 8.75, 2 ], "texture": "#white" },
				"south": { "uv": [ 7.25, 1.65, 7.5, 2 ], "texture": "#white" },
				"west": { "uv": [ 1.124, 1.65, 1.374, 2 ], "texture": "#white" },
				"east": { "uv": [ 14.626, 1.65, 14.876, 2 ], "texture": "#white" }
			}
		},
		{
			"__comment": "s25",
			"from": [ -7.75, 2.5, 1.125 ],
			"to": [ -3.75, 3.5, 1.625 ],
			"rotation": { "origin": [ -7.75, 2.5, 1.125 ], "axis": "z", "angle": -22.5 },
			"faces": {
				"down": { "uv": [ 8.25, 14.5, 12.25, 15 ], "texture": "#black" },
				"up": { "uv": [ 8.25, 1, 12.25, 1.5 ], "texture": "#black" },
				"north": { "uv": [ 3.75, 4.5, 7.75, 5.5 ], "texture": "#black" },
				"south": { "uv": [ 8.25, 4.5, 12.25, 5.5 ], "texture": "#black" },
				"west": { "uv": [ 1, 4.5, 1.5, 5.5 ], "texture": "#black" },
				"east": { "uv": [ 14.5, 4.5, 15, 5.5 ], "texture": "#black" }
			}
		},
		{
			"__comment": "s26",
			"from": [ -3.75, 2.5, 0.625 ],
			"to": [ -3.25, 4, 2.125 ],
			"rotation": { "origin": [ -7.75, 2.5, 1.125 ], "axis": "z", "angle": -22.5 },
			"faces": {
				"down": { "uv": [ 11.94552, 14, 12.44552, 15.5 ], "texture": "#white" },
				"up": { "uv": [ 11.94552, 0.5, 12.44552, 2 ], "texture": "#white" },
				"north": { "uv": [ 3.554482, 5.530733, 4.054482, 7.030733 ], "texture": "#white" },
				"south": { "uv": [ 11.94552, 5.530733, 12.44552, 7.030733 ], "texture": "#white" },
				"west": { "uv": [ 0.5, 5.530733, 2, 7.030733 ], "texture": "#white" },
				"east": { "uv": [ 14, 5.530733, 15.5, 7.030733 ], "texture": "#white" }
			}
		},
		{
			"__comment": "s27",
			"from": [ -7.75, 2.5, 0.625 ],
			"to": [ -3.75, 4, 1.125 ],
			"rotation": { "origin": [ -7.75, 2.5, 1.125 ], "axis": "z", "angle": -22.5 },
			"faces": {
				"down": { "uv": [ 8.25, 15, 12.25, 15.5 ], "texture": "#white" },
				"up": { "uv": [ 8.25, 0.5, 12.25, 1 ], "texture": "#white" },
				"north": { "uv": [ 3.75, 4, 7.75, 5.5 ], "texture": "#white" },
				"south": { "uv": [ 8.25, 4, 12.25, 5.5 ], "texture": "#white" },
				"west": { "uv": [ 0.5, 4, 1, 5.5 ], "texture": "#white" },
				"east": { "uv": [ 15, 4, 15.5, 5.5 ], "texture": "#white" }
			}
		},
		{
			"__comment": "s28",
			"from": [ -8.125, -3.5, 0.75 ],
			"to": [ -3.375, 2.5, 2 ],
			"rotation": { "origin": [ -7.75, 2.5, 1.125 ], "axis": "z", "angle": -22.5 },
			"faces": {
				"down": { "uv": [ 5.607445, 14.125, 10.35744, 15.375 ], "texture": "#green" },
				"up": { "uv": [ 5.607445, 0.625, 10.35744, 1.875 ], "texture": "#green" },
				"north": { "uv": [ 5.642555, 4.899771, 10.39256, 10.89977 ], "texture": "#green" },
				"south": { "uv": [ 5.607445, 4.899771, 10.35744, 10.89977 ], "texture": "#green" },
				"west": { "uv": [ 0.625, 4.899771, 1.875, 10.89977 ], "texture": "#green" },
				"east": { "uv": [ 14.125, 4.899771, 15.375, 10.89977 ], "texture": "#green" }
			}
		},
		{
			"__comment": "s29",
			"from": [ -8.25, 2.5, 0.625 ],
			"to": [ -7.75, 4, 2.125 ],
			"rotation": { "origin": [ -7.75, 2.5, 1.125 ], "axis": "z", "angle": -22.5 },
			"faces": {
				"down": { "uv": [ 7.78806, 14, 8.28806, 15.5 ], "texture": "#white" },
				"up": { "uv": [ 7.78806, 0.5, 8.28806, 2 ], "texture": "#white" },
				"north": { "uv": [ 7.71194, 3.808659, 8.21194, 5.308659 ], "texture": "#white" },
				"south": { "uv": [ 7.78806, 3.808659, 8.28806, 5.308659 ], "texture": "#white" },
				"west": { "uv": [ 0.5, 3.808659, 2, 5.308659 ], "texture": "#white" },
				"east": { "uv": [ 14, 3.808659, 15.5, 5.308659 ], "texture": "#white" }
			}
		},
		{
			"__comment": "s210",
			"from": [ -8.75, 3.35, 1.251 ],
			"to": [ -8.5, 5, 1.501 ],
			"rotation": { "origin": [ -8.75, 5, 1.251 ], "axis": "z", "angle": 22.5 },
			"faces": {
				"down": { "uv": [ 7.881428, 14.624, 8.131428, 14.874 ], "texture": "#white" },
				"up": { "uv": [ 7.881428, 1.126, 8.131428, 1.376 ], "texture": "#white" },
				"north": { "uv": [ 7.868572, 2.874401, 8.118572, 4.524401 ], "texture": "#white" },
				"south": { "uv": [ 7.881428, 2.874401, 8.131428, 4.524401 ], "texture": "#white" },
				"west": { "uv": [ 1.126, 2.874401, 1.376, 4.524401 ], "texture": "#white" },
				"east": { "uv": [ 14.624, 2.874401, 14.874, 4.524401 ], "texture": "#white" }
			}
		},
		{
			"__comment": "s211",
			"from": [ -7.5, 2.5, 1.249 ],
			"to": [ -7.25, 5, 1.499 ],
			"rotation": { "origin": [ -7.25, 5, 1.249 ], "axis": "z", "angle": -22.5 },
			"faces": {
				"down": { "uv": [ 7.562322, 14.626, 7.812322, 14.876 ], "texture": "#white" },
				"up": { "uv": [ 7.562322, 1.124001, 7.812322, 1.374001 ], "texture": "#white" },
				"north": { "uv": [ 8.187678, 2.714027, 8.437678, 5.214027 ], "texture": "#white" },
				"south": { "uv": [ 7.562322, 2.714027, 7.812322, 5.214027 ], "texture": "#white" },
				"west": { "uv": [ 1.124, 2.714027, 1.374, 5.214027 ], "texture": "#white" },
				"east": { "uv": [ 14.626, 2.714027, 14.876, 5.214027 ], "texture": "#white" }
			}
		},
		{
			"__comment": "s212",
			"from": [ -7.5, 5, 1.25 ],
			"to": [ -7.25, 6, 1.5 ],
			"faces": {
				"down": { "uv": [ 8.5, 14.625, 8.75, 14.875 ], "texture": "#white" },
				"up": { "uv": [ 8.5, 1.125, 8.75, 1.375 ], "texture": "#white" },
				"north": { "uv": [ 7.25, 2, 7.5, 3 ], "texture": "#white" },
				"south": { "uv": [ 8.5, 2, 8.75, 3 ], "texture": "#white" },
				"west": { "uv": [ 1.125, 2, 1.375, 3 ], "texture": "#white" },
				"east": { "uv": [ 14.625, 2, 14.875, 3 ], "texture": "#white" }
			}
		},
		{
			"__comment": "s213",
			"from": [ -7.5, 6, 1.249 ],
			"to": [ -7.15, 6.25, 1.499 ],
			"rotation": { "origin": [ -7.5, 6.25, 1.249 ], "axis": "z", "angle": -45 },
			"faces": {
				"down": { "uv": [ 8.323223, 14.626, 8.673223, 14.876 ], "texture": "#white" },
				"up": { "uv": [ 8.323223, 1.124001, 8.673223, 1.374001 ], "texture": "#white" },
				"north": { "uv": [ 7.326777, 1.676777, 7.676777, 1.926777 ], "texture": "#white" },
				"south": { "uv": [ 8.323223, 1.676777, 8.673223, 1.926777 ], "texture": "#white" },
				"west": { "uv": [ 1.124, 1.676777, 1.374, 1.926777 ], "texture": "#white" },
				"east": { "uv": [ 14.626, 1.676777, 14.876, 1.926777 ], "texture": "#white" }
			}
		},
		{
			"__comment": "s2",
			"from": [ -8.75, 5, 1.25 ],
			"to": [ -8.5, 6, 1.5 ],
			"faces": {
				"down": { "uv": [ 7.25, 14.625, 7.5, 14.875 ], "texture": "#white" },
				"up": { "uv": [ 7.25, 1.125, 7.5, 1.375 ], "texture": "#white" },
				"north": { "uv": [ 8.5, 2, 8.75, 3 ], "texture": "#white" },
				"south": { "uv": [ 7.25, 2, 7.5, 3 ], "texture": "#white" },
				"west": { "uv": [ 1.125, 2, 1.375, 3 ], "texture": "#white" },
				"east": { "uv": [ 14.625, 2, 14.875, 3 ], "texture": "#white" }
			}
		}
	],
	"display": {
		"head": {
			"rotation":  [ 0, 180, 0 ],
			"translation":  [ 0, -3.25, 0 ],
			"scale":  [ 1.6, 1.6, 1.6 ]
		}
	}
}