{
	"__comment": "Designed by Ersatz with Cubik Studio - https://cubik.studio",
	"textures": {
		"logo": "decoration/logo/logo"
	},
	"elements": [ 	 
		{
			"__comment": "Box1",
			"from": [ 0, 8, 0 ],
			"to": [ 16, 9, 4.067797 ],
			"faces": {
				"down": { "uv": [ 0, 4.067797, 16, 0 ], "texture": "#logo" },
				"up": { "uv": [ 0, 0, 16, 4.067797 ], "texture": "#logo" },
				"north": { "uv": [ 16, 0, 0, 0.2711868 ], "texture": "#logo" },
				"south": { "uv": [ 0, 3.79661, 16, 4.067797 ], "texture": "#logo" },
				"west": { "uv": [ 0, 0, 0.2711864, 4.067797 ], "texture": "#logo", "rotation": 270 },
				"east": { "uv": [ 16, 4.067797, 15.72881, 0 ], "texture": "#logo", "rotation": 270 }
			}
		}
	],
	"display": {
		"head": {
			"rotation":  [ -90, 180, 180 ],
			"translation":  [ 0, -22, 12.5 ],
			"scale":  [ 4, 1.6, 4 ]
		}
	}
}