{
	"grape.music.lobby": {
		"sounds": [
			{
				"name": "music/lobby",
				"stream": true
			}
		]
	},
	"grape.music.game": {
		"sounds": [
			{
				"name": "music/game",
				"stream": true
			}
		]
	},
	"grape.music.victory_fanfare": {
		"sounds": [
			{
				"name": "music/victory_fanfare",
				"stream": true
			}
		]
	},
	"music.creative": {
		"replace": true,
		"sounds": [
			{
				"name": "utility/blank",
				"stream": false
			}
		]
	},
	"music.credits": {
		"replace": true,
		"sounds": [
			{
				"name": "utility/blank",
				"stream": false
			}
		]
	},
	"music.game": {
		"replace": true,
		"sounds": [
			{
				"name": "utility/blank",
				"stream": false
			}
		]
	},
	"ambient.cave": {
		"replace": true,
		"sounds": [
			{
				"name": "utility/blank",
				"stream": false
			}
		]
	},
	"entity.generic.explode": {
		"replace": true,
		"sounds": [
			{
				"name": "utility/blank",
				"stream": false
			}
		]
	}
}