{
	"__comment": "Designed by Ersatz with Cubik Studio - https://cubik.studio",
	"textures": {
		"metal": "blocks/anvil_base",
		"wood": "blocks/log_big_oak",
		"metal2": "blocks/concrete_gray",
		"glass": "decoration/indoor_lights/glass",
		"light": "decoration/indoor_lights/light"
	},
	"elements": [ 	 
		{
			"__comment": "Box1",
			"from": [ 12, 0, 11.5 ],
			"to": [ 13, 6, 12 ],
			"faces": {
				"down": { "uv": [ 12, 4, 13, 4.5 ], "texture": "#metal2" },
				"up": { "uv": [ 12, 11.5, 13, 12 ], "texture": "#metal2" },
				"north": { "uv": [ 3, 10, 4, 16 ], "texture": "#metal2" },
				"south": { "uv": [ 12, 10, 13, 16 ], "texture": "#metal2" },
				"west": { "uv": [ 11.5, 10, 12, 16 ], "texture": "#metal2" },
				"east": { "uv": [ 4, 10, 4.5, 16 ], "texture": "#metal2" }
			}
		},
		{
			"__comment": "Box1",
			"from": [ 5, 15, 5 ],
			"to": [ 11, 16, 11 ],
			"faces": {
				"down": { "uv": [ 5, 5, 11, 11 ], "texture": "#metal" },
				"up": { "uv": [ 5, 5, 11, 11 ], "texture": "#metal" },
				"north": { "uv": [ 5, 0, 11, 1 ], "texture": "#metal" },
				"south": { "uv": [ 5, 0, 11, 1 ], "texture": "#metal" },
				"west": { "uv": [ 5, 0, 11, 1 ], "texture": "#metal" },
				"east": { "uv": [ 5, 0, 11, 1 ], "texture": "#metal" }
			}
		},
		{
			"__comment": "Box1",
			"from": [ 6, 6, 6 ],
			"to": [ 10, 7, 10 ],
			"faces": {
				"down": { "uv": [ 6, 6, 10, 10 ], "texture": "#metal" },
				"up": { "uv": [ 6, 6, 10, 10 ], "texture": "#metal" },
				"north": { "uv": [ 6, 9, 10, 10 ], "texture": "#metal" },
				"south": { "uv": [ 6, 9, 10, 10 ], "texture": "#metal" },
				"west": { "uv": [ 6, 9, 10, 10 ], "texture": "#metal" },
				"east": { "uv": [ 6, 9, 10, 10 ], "texture": "#metal" }
			}
		},
		{
			"__comment": "Box1",
			"from": [ 6, 14, 6 ],
			"to": [ 10, 15, 10 ],
			"faces": {
				"down": { "uv": [ 6, 6, 10, 10 ], "texture": "#metal" },
				"up": { "uv": [ 6, 6, 10, 10 ], "texture": "#metal" },
				"north": { "uv": [ 6, 1, 10, 2 ], "texture": "#metal" },
				"south": { "uv": [ 6, 1, 10, 2 ], "texture": "#metal" },
				"west": { "uv": [ 6, 1, 10, 2 ], "texture": "#metal" },
				"east": { "uv": [ 6, 1, 10, 2 ], "texture": "#metal" }
			}
		},
		{
			"__comment": "Box1",
			"from": [ 6.75, -3.5, 6.75 ],
			"to": [ 9.25, 0.5, 9.25 ],
			"faces": {
				"down": { "uv": [ 6.75, 6.75, 9.25, 9.25 ], "texture": "#light" },
				"up": { "uv": [ 6.75, 6.75, 9.25, 9.25 ], "texture": "#light" },
				"north": { "uv": [ 6.75, 15.5, 9.25, 16 ], "texture": "#light" },
				"south": { "uv": [ 6.75, 15.5, 9.25, 16 ], "texture": "#light" },
				"west": { "uv": [ 6.75, 15.5, 9.25, 16 ], "texture": "#light" },
				"east": { "uv": [ 6.75, 15.5, 9.25, 16 ], "texture": "#light" }
			}
		},
		{
			"__comment": "Box1",
			"from": [ 3, 0, 3 ],
			"to": [ 4.5, 6, 4 ],
			"faces": {
				"down": { "uv": [ 3, 12, 4.5, 13 ], "texture": "#metal2" },
				"up": { "uv": [ 3, 3, 4.5, 4 ], "texture": "#metal2" },
				"north": { "uv": [ 11.5, 10, 13, 16 ], "texture": "#metal2" },
				"south": { "uv": [ 3, 10, 4.5, 16 ], "texture": "#metal2" },
				"west": { "uv": [ 3, 10, 4, 16 ], "texture": "#metal2" },
				"east": { "uv": [ 12, 10, 13, 16 ], "texture": "#metal2" }
			}
		},
		{
			"__comment": "Box1",
			"from": [ 11.5, 0, 3 ],
			"to": [ 13, 6, 4 ],
			"faces": {
				"down": { "uv": [ 11.5, 12, 13, 13 ], "texture": "#metal2" },
				"up": { "uv": [ 11.5, 3, 13, 4 ], "texture": "#metal2" },
				"north": { "uv": [ 3, 10, 4.5, 16 ], "texture": "#metal2" },
				"south": { "uv": [ 11.5, 10, 13, 16 ], "texture": "#metal2" },
				"west": { "uv": [ 3, 10, 4, 16 ], "texture": "#metal2" },
				"east": { "uv": [ 12, 10, 13, 16 ], "texture": "#metal2" }
			}
		},
		{
			"__comment": "Box1",
			"from": [ 11.5, -6, 3 ],
			"to": [ 13, 0, 4 ],
			"faces": {
				"down": { "uv": [ 11.5, 12, 13, 13 ], "texture": "#metal2" },
				"up": { "uv": [ 11.5, 3, 13, 4 ], "texture": "#metal2" },
				"north": { "uv": [ 3, 0, 4.5, 6 ], "texture": "#metal2" },
				"south": { "uv": [ 11.5, 0, 13, 6 ], "texture": "#metal2" },
				"west": { "uv": [ 3, 0, 4, 6 ], "texture": "#metal2" },
				"east": { "uv": [ 12, 0, 13, 6 ], "texture": "#metal2" }
			}
		},
		{
			"__comment": "Box1",
			"from": [ 3, 0, 12 ],
			"to": [ 4.5, 6, 13 ],
			"faces": {
				"down": { "uv": [ 3, 3, 4.5, 4 ], "texture": "#metal2" },
				"up": { "uv": [ 3, 12, 4.5, 13 ], "texture": "#metal2" },
				"north": { "uv": [ 11.5, 10, 13, 16 ], "texture": "#metal2" },
				"south": { "uv": [ 3, 10, 4.5, 16 ], "texture": "#metal2" },
				"west": { "uv": [ 12, 10, 13, 16 ], "texture": "#metal2" },
				"east": { "uv": [ 3, 10, 4, 16 ], "texture": "#metal2" }
			}
		},
		{
			"__comment": "Box1",
			"from": [ 3, 0, 11.5 ],
			"to": [ 4, 6, 12 ],
			"faces": {
				"down": { "uv": [ 3, 4, 4, 4.5 ], "texture": "#metal2" },
				"up": { "uv": [ 3, 11.5, 4, 12 ], "texture": "#metal2" },
				"north": { "uv": [ 12, 10, 13, 16 ], "texture": "#metal2" },
				"south": { "uv": [ 3, 10, 4, 16 ], "texture": "#metal2" },
				"west": { "uv": [ 11.5, 10, 12, 16 ], "texture": "#metal2" },
				"east": { "uv": [ 4, 10, 4.5, 16 ], "texture": "#metal2" }
			}
		},
		{
			"__comment": "Box1",
			"from": [ 4.5, 4.5, 12 ],
			"to": [ 11.5, 6, 13 ],
			"faces": {
				"down": { "uv": [ 4.5, 3, 11.5, 4 ], "texture": "#metal2" },
				"up": { "uv": [ 4.5, 12, 11.5, 13 ], "texture": "#metal2" },
				"north": { "uv": [ 4.5, 10, 11.5, 11.5 ], "texture": "#metal2" },
				"south": { "uv": [ 4.5, 10, 11.5, 11.5 ], "texture": "#metal2" },
				"west": { "uv": [ 12, 10, 13, 11.5 ], "texture": "#metal2" },
				"east": { "uv": [ 3, 10, 4, 11.5 ], "texture": "#metal2" }
			}
		},
		{
			"__comment": "Box1",
			"from": [ 12, -6, 11.5 ],
			"to": [ 13, 0, 12 ],
			"faces": {
				"down": { "uv": [ 12, 4, 13, 4.5 ], "texture": "#metal2" },
				"up": { "uv": [ 12, 11.5, 13, 12 ], "texture": "#metal2" },
				"north": { "uv": [ 3, 0, 4, 6 ], "texture": "#metal2" },
				"south": { "uv": [ 12, 0, 13, 6 ], "texture": "#metal2" },
				"west": { "uv": [ 11.5, 0, 12, 6 ], "texture": "#metal2" },
				"east": { "uv": [ 4, 0, 4.5, 6 ], "texture": "#metal2" }
			}
		},
		{
			"__comment": "Box1",
			"from": [ 3, 0, 4 ],
			"to": [ 4, 6, 4.5 ],
			"faces": {
				"down": { "uv": [ 3, 11.5, 4, 12 ], "texture": "#metal2" },
				"up": { "uv": [ 3, 4, 4, 4.5 ], "texture": "#metal2" },
				"north": { "uv": [ 12, 10, 13, 16 ], "texture": "#metal2" },
				"south": { "uv": [ 3, 10, 4, 16 ], "texture": "#metal2" },
				"west": { "uv": [ 4, 10, 4.5, 16 ], "texture": "#metal2" },
				"east": { "uv": [ 11.5, 10, 12, 16 ], "texture": "#metal2" }
			}
		},
		{
			"__comment": "Box1",
			"from": [ 12, 4.5, 4.5 ],
			"to": [ 13, 6, 11.5 ],
			"faces": {
				"down": { "uv": [ 12, 4.5, 13, 11.5 ], "texture": "#metal2" },
				"up": { "uv": [ 12, 4.5, 13, 11.5 ], "texture": "#metal2" },
				"north": { "uv": [ 3, 10, 4, 11.5 ], "texture": "#metal2" },
				"south": { "uv": [ 12, 10, 13, 11.5 ], "texture": "#metal2" },
				"west": { "uv": [ 4.5, 10, 11.5, 11.5 ], "texture": "#metal2" },
				"east": { "uv": [ 4.5, 10, 11.5, 11.5 ], "texture": "#metal2" }
			}
		},
		{
			"__comment": "Box1",
			"from": [ 4, 4.5, 4 ],
			"to": [ 12, 6, 12 ],
			"faces": {
				"down": { "uv": [ 4, 4, 12, 12 ], "texture": "#metal2" },
				"up": { "uv": [ 4, 4, 12, 12 ], "texture": "#metal2" },
				"north": { "uv": [ 4, 10, 12, 11.5 ], "texture": "#metal2" },
				"south": { "uv": [ 4, 10, 12, 11.5 ], "texture": "#metal2" },
				"west": { "uv": [ 4, 10, 12, 11.5 ], "texture": "#metal2" },
				"east": { "uv": [ 4, 10, 12, 11.5 ], "texture": "#metal2" }
			}
		},
		{
			"__comment": "Box1",
			"from": [ 3, 4.5, 13 ],
			"to": [ 13, 5, 14 ],
			"faces": {
				"down": { "uv": [ 3, 2, 13, 3 ], "texture": "#metal2" },
				"up": { "uv": [ 3, 13, 13, 14 ], "texture": "#metal2" },
				"north": { "uv": [ 3, 11, 13, 11.5 ], "texture": "#metal2" },
				"south": { "uv": [ 3, 11, 13, 11.5 ], "texture": "#metal2" },
				"west": { "uv": [ 13, 11, 14, 11.5 ], "texture": "#metal2" },
				"east": { "uv": [ 2, 11, 3, 11.5 ], "texture": "#metal2" }
			}
		},
		{
			"__comment": "Box1",
			"from": [ 4.5, 4.5, 3 ],
			"to": [ 11.5, 6, 4 ],
			"faces": {
				"down": { "uv": [ 4.5, 12, 11.5, 13 ], "texture": "#metal2" },
				"up": { "uv": [ 4.5, 3, 11.5, 4 ], "texture": "#metal2" },
				"north": { "uv": [ 4.5, 10, 11.5, 11.5 ], "texture": "#metal2" },
				"south": { "uv": [ 4.5, 10, 11.5, 11.5 ], "texture": "#metal2" },
				"west": { "uv": [ 3, 10, 4, 11.5 ], "texture": "#metal2" },
				"east": { "uv": [ 12, 10, 13, 11.5 ], "texture": "#metal2" }
			}
		},
		{
			"__comment": "Box1",
			"from": [ 11.5, -6, 4.5 ],
			"to": [ 12, -5.5, 11.5 ],
			"faces": {
				"down": { "uv": [ 11.5, 4.5, 12, 11.5 ], "texture": "#metal2" },
				"up": { "uv": [ 11.5, 4.5, 12, 11.5 ], "texture": "#metal2" },
				"north": { "uv": [ 4, 5.5, 4.5, 6 ], "texture": "#metal2" },
				"south": { "uv": [ 11.5, 5.5, 12, 6 ], "texture": "#metal2" },
				"west": { "uv": [ 4.5, 5.5, 11.5, 6 ], "texture": "#metal2" },
				"east": { "uv": [ 4.5, 5.5, 11.5, 6 ], "texture": "#metal2" }
			}
		},
		{
			"__comment": "Box1",
			"from": [ 11.5, 0, 12 ],
			"to": [ 13, 6, 13 ],
			"faces": {
				"down": { "uv": [ 11.5, 3, 13, 4 ], "texture": "#metal2" },
				"up": { "uv": [ 11.5, 12, 13, 13 ], "texture": "#metal2" },
				"north": { "uv": [ 3, 10, 4.5, 16 ], "texture": "#metal2" },
				"south": { "uv": [ 11.5, 10, 13, 16 ], "texture": "#metal2" },
				"west": { "uv": [ 12, 10, 13, 16 ], "texture": "#metal2" },
				"east": { "uv": [ 3, 10, 4, 16 ], "texture": "#metal2" }
			}
		},
		{
			"__comment": "Box1",
			"from": [ 11.5, -6, 12 ],
			"to": [ 13, 0, 13 ],
			"faces": {
				"down": { "uv": [ 11.5, 3, 13, 4 ], "texture": "#metal2" },
				"up": { "uv": [ 11.5, 12, 13, 13 ], "texture": "#metal2" },
				"north": { "uv": [ 3, 0, 4.5, 6 ], "texture": "#metal2" },
				"south": { "uv": [ 11.5, 0, 13, 6 ], "texture": "#metal2" },
				"west": { "uv": [ 12, 0, 13, 6 ], "texture": "#metal2" },
				"east": { "uv": [ 3, 0, 4, 6 ], "texture": "#metal2" }
			}
		},
		{
			"__comment": "Box1",
			"from": [ 3, -6, 12 ],
			"to": [ 4.5, 0, 13 ],
			"faces": {
				"down": { "uv": [ 3, 3, 4.5, 4 ], "texture": "#metal2" },
				"up": { "uv": [ 3, 12, 4.5, 13 ], "texture": "#metal2" },
				"north": { "uv": [ 11.5, 0, 13, 6 ], "texture": "#metal2" },
				"south": { "uv": [ 3, 0, 4.5, 6 ], "texture": "#metal2" },
				"west": { "uv": [ 12, 0, 13, 6 ], "texture": "#metal2" },
				"east": { "uv": [ 3, 0, 4, 6 ], "texture": "#metal2" }
			}
		},
		{
			"__comment": "Box1",
			"from": [ 3, -6, 3 ],
			"to": [ 4.5, 0, 4 ],
			"faces": {
				"down": { "uv": [ 3, 12, 4.5, 13 ], "texture": "#metal2" },
				"up": { "uv": [ 3, 3, 4.5, 4 ], "texture": "#metal2" },
				"north": { "uv": [ 11.5, 0, 13, 6 ], "texture": "#metal2" },
				"south": { "uv": [ 3, 0, 4.5, 6 ], "texture": "#metal2" },
				"west": { "uv": [ 3, 0, 4, 6 ], "texture": "#metal2" },
				"east": { "uv": [ 12, 0, 13, 6 ], "texture": "#metal2" }
			}
		},
		{
			"__comment": "Box1",
			"from": [ 12, 0, 4 ],
			"to": [ 13, 6, 4.5 ],
			"faces": {
				"down": { "uv": [ 12, 11.5, 13, 12 ], "texture": "#metal2" },
				"up": { "uv": [ 12, 4, 13, 4.5 ], "texture": "#metal2" },
				"north": { "uv": [ 3, 10, 4, 16 ], "texture": "#metal2" },
				"south": { "uv": [ 12, 10, 13, 16 ], "texture": "#metal2" },
				"west": { "uv": [ 4, 10, 4.5, 16 ], "texture": "#metal2" },
				"east": { "uv": [ 11.5, 10, 12, 16 ], "texture": "#metal2" }
			}
		},
		{
			"__comment": "Box1",
			"from": [ 12, -6, 4 ],
			"to": [ 13, 0, 4.5 ],
			"faces": {
				"down": { "uv": [ 12, 11.5, 13, 12 ], "texture": "#metal2" },
				"up": { "uv": [ 12, 4, 13, 4.5 ], "texture": "#metal2" },
				"north": { "uv": [ 3, 0, 4, 6 ], "texture": "#metal2" },
				"south": { "uv": [ 12, 0, 13, 6 ], "texture": "#metal2" },
				"west": { "uv": [ 4, 0, 4.5, 6 ], "texture": "#metal2" },
				"east": { "uv": [ 11.5, 0, 12, 6 ], "texture": "#metal2" }
			}
		},
		{
			"__comment": "Box1",
			"from": [ 3, -6, 11.5 ],
			"to": [ 4, 0, 12 ],
			"faces": {
				"down": { "uv": [ 3, 4, 4, 4.5 ], "texture": "#metal2" },
				"up": { "uv": [ 3, 11.5, 4, 12 ], "texture": "#metal2" },
				"north": { "uv": [ 12, 0, 13, 6 ], "texture": "#metal2" },
				"south": { "uv": [ 3, 0, 4, 6 ], "texture": "#metal2" },
				"west": { "uv": [ 11.5, 0, 12, 6 ], "texture": "#metal2" },
				"east": { "uv": [ 4, 0, 4.5, 6 ], "texture": "#metal2" }
			}
		},
		{
			"__comment": "Box1",
			"from": [ 3, -6, 4 ],
			"to": [ 4, 0, 4.5 ],
			"faces": {
				"down": { "uv": [ 3, 11.5, 4, 12 ], "texture": "#metal2" },
				"up": { "uv": [ 3, 4, 4, 4.5 ], "texture": "#metal2" },
				"north": { "uv": [ 12, 0, 13, 6 ], "texture": "#metal2" },
				"south": { "uv": [ 3, 0, 4, 6 ], "texture": "#metal2" },
				"west": { "uv": [ 4, 0, 4.5, 6 ], "texture": "#metal2" },
				"east": { "uv": [ 11.5, 0, 12, 6 ], "texture": "#metal2" }
			}
		},
		{
			"__comment": "Box1",
			"from": [ 4.5, -1, 12 ],
			"to": [ 11.5, 0, 12.5 ],
			"faces": {
				"down": { "uv": [ 4.5, 3.5, 11.5, 4 ], "texture": "#metal2" },
				"up": { "uv": [ 4.5, 12, 11.5, 12.5 ], "texture": "#metal2" },
				"north": { "uv": [ 4.5, 0, 11.5, 1 ], "texture": "#metal2" },
				"south": { "uv": [ 4.5, 0, 11.5, 1 ], "texture": "#metal2" },
				"west": { "uv": [ 12, 0, 12.5, 1 ], "texture": "#metal2" },
				"east": { "uv": [ 3.5, 0, 4, 1 ], "texture": "#metal2" }
			}
		},
		{
			"__comment": "Box1",
			"from": [ 4, -6, 4 ],
			"to": [ 12, -5.5, 4.5 ],
			"faces": {
				"down": { "uv": [ 4, 11.5, 12, 12 ], "texture": "#metal2" },
				"up": { "uv": [ 4, 4, 12, 4.5 ], "texture": "#metal2" },
				"north": { "uv": [ 4, 5.5, 12, 6 ], "texture": "#metal2" },
				"south": { "uv": [ 4, 5.5, 12, 6 ], "texture": "#metal2" },
				"west": { "uv": [ 4, 5.5, 4.5, 6 ], "texture": "#metal2" },
				"east": { "uv": [ 11.5, 5.5, 12, 6 ], "texture": "#metal2" }
			}
		},
		{
			"__comment": "Box1",
			"from": [ 4, -6, 4.5 ],
			"to": [ 4.5, -5.5, 11.5 ],
			"faces": {
				"down": { "uv": [ 4, 4.5, 4.5, 11.5 ], "texture": "#metal2" },
				"up": { "uv": [ 4, 4.5, 4.5, 11.5 ], "texture": "#metal2" },
				"north": { "uv": [ 11.5, 5.5, 12, 6 ], "texture": "#metal2" },
				"south": { "uv": [ 4, 5.5, 4.5, 6 ], "texture": "#metal2" },
				"west": { "uv": [ 4.5, 5.5, 11.5, 6 ], "texture": "#metal2" },
				"east": { "uv": [ 4.5, 5.5, 11.5, 6 ], "texture": "#metal2" }
			}
		},
		{
			"__comment": "Box1",
			"from": [ 4, -6, 11.5 ],
			"to": [ 12, -5.5, 12 ],
			"faces": {
				"down": { "uv": [ 4, 4, 12, 4.5 ], "texture": "#metal2" },
				"up": { "uv": [ 4, 11.5, 12, 12 ], "texture": "#metal2" },
				"north": { "uv": [ 4, 5.5, 12, 6 ], "texture": "#metal2" },
				"south": { "uv": [ 4, 5.5, 12, 6 ], "texture": "#metal2" },
				"west": { "uv": [ 11.5, 5.5, 12, 6 ], "texture": "#metal2" },
				"east": { "uv": [ 4, 5.5, 4.5, 6 ], "texture": "#metal2" }
			}
		},
		{
			"__comment": "Box1",
			"from": [ 4.5, -6, 12 ],
			"to": [ 11.5, -5.5, 12.5 ],
			"faces": {
				"down": { "uv": [ 4.5, 3.5, 11.5, 4 ], "texture": "#metal2" },
				"up": { "uv": [ 4.5, 12, 11.5, 12.5 ], "texture": "#metal2" },
				"north": { "uv": [ 4.5, 5.5, 11.5, 6 ], "texture": "#metal2" },
				"south": { "uv": [ 4.5, 5.5, 11.5, 6 ], "texture": "#metal2" },
				"west": { "uv": [ 12, 5.5, 12.5, 6 ], "texture": "#metal2" },
				"east": { "uv": [ 3.5, 5.5, 4, 6 ], "texture": "#metal2" }
			}
		},
		{
			"__comment": "Box1",
			"from": [ 4.5, -6, 3.5 ],
			"to": [ 11.5, -5.5, 4 ],
			"faces": {
				"down": { "uv": [ 4.5, 12, 11.5, 12.5 ], "texture": "#metal2" },
				"up": { "uv": [ 4.5, 3.5, 11.5, 4 ], "texture": "#metal2" },
				"north": { "uv": [ 4.5, 5.5, 11.5, 6 ], "texture": "#metal2" },
				"south": { "uv": [ 4.5, 5.5, 11.5, 6 ], "texture": "#metal2" },
				"west": { "uv": [ 3.5, 5.5, 4, 6 ], "texture": "#metal2" },
				"east": { "uv": [ 12, 5.5, 12.5, 6 ], "texture": "#metal2" }
			}
		},
		{
			"__comment": "Box1",
			"from": [ 3.5, -6, 4.5 ],
			"to": [ 4, -5.5, 11.5 ],
			"faces": {
				"down": { "uv": [ 3.5, 4.5, 4, 11.5 ], "texture": "#metal2" },
				"up": { "uv": [ 3.5, 4.5, 4, 11.5 ], "texture": "#metal2" },
				"north": { "uv": [ 12, 5.5, 12.5, 6 ], "texture": "#metal2" },
				"south": { "uv": [ 3.5, 5.5, 4, 6 ], "texture": "#metal2" },
				"west": { "uv": [ 4.5, 5.5, 11.5, 6 ], "texture": "#metal2" },
				"east": { "uv": [ 4.5, 5.5, 11.5, 6 ], "texture": "#metal2" }
			}
		},
		{
			"__comment": "Box1",
			"from": [ 7, 7, 7 ],
			"to": [ 9, 14, 9 ],
			"faces": {
				"down": { "uv": [ 7, 7, 9, 9 ], "texture": "#wood" },
				"up": { "uv": [ 7, 7, 9, 9 ], "texture": "#wood" },
				"north": { "uv": [ 7, 2, 9, 9 ], "texture": "#wood" },
				"south": { "uv": [ 7, 2, 9, 9 ], "texture": "#wood" },
				"west": { "uv": [ 7, 2, 9, 9 ], "texture": "#wood" },
				"east": { "uv": [ 7, 2, 9, 9 ], "texture": "#wood" }
			}
		},
		{
			"__comment": "Box1",
			"from": [ 7.25, 0.5, 7.25 ],
			"to": [ 8.75, 4.5, 8.75 ],
			"faces": {
				"down": { "uv": [ 7.25, 7.25, 8.75, 8.75 ], "texture": "#metal" },
				"up": { "uv": [ 7.25, 7.25, 8.75, 8.75 ], "texture": "#metal" },
				"north": { "uv": [ 7.25, 11.5, 8.75, 15.5 ], "texture": "#metal" },
				"south": { "uv": [ 7.25, 11.5, 8.75, 15.5 ], "texture": "#metal" },
				"west": { "uv": [ 7.25, 11.5, 8.75, 15.5 ], "texture": "#metal" },
				"east": { "uv": [ 7.25, 11.5, 8.75, 15.5 ], "texture": "#metal" }
			}
		},
		{
			"__comment": "Box1",
			"from": [ 3, 4.5, 4.5 ],
			"to": [ 4, 6, 11.5 ],
			"faces": {
				"down": { "uv": [ 3, 4.5, 4, 11.5 ], "texture": "#metal2" },
				"up": { "uv": [ 3, 4.5, 4, 11.5 ], "texture": "#metal2" },
				"north": { "uv": [ 12, 10, 13, 11.5 ], "texture": "#metal2" },
				"south": { "uv": [ 3, 10, 4, 11.5 ], "texture": "#metal2" },
				"west": { "uv": [ 4.5, 10, 11.5, 11.5 ], "texture": "#metal2" },
				"east": { "uv": [ 4.5, 10, 11.5, 11.5 ], "texture": "#metal2" }
			}
		},
		{
			"__comment": "Box1",
			"from": [ 2, 4.5, 2 ],
			"to": [ 3, 5, 14 ],
			"faces": {
				"down": { "uv": [ 2, 2, 3, 14 ], "texture": "#metal2" },
				"up": { "uv": [ 2, 2, 3, 14 ], "texture": "#metal2" },
				"north": { "uv": [ 13, 11, 14, 11.5 ], "texture": "#metal2" },
				"south": { "uv": [ 2, 11, 3, 11.5 ], "texture": "#metal2" },
				"west": { "uv": [ 2, 11, 14, 11.5 ], "texture": "#metal2" },
				"east": { "uv": [ 2, 11, 14, 11.5 ], "texture": "#metal2" }
			}
		},
		{
			"__comment": "Box1",
			"from": [ 13, 4.5, 2 ],
			"to": [ 14, 5, 14 ],
			"faces": {
				"down": { "uv": [ 13, 2, 14, 14 ], "texture": "#metal2" },
				"up": { "uv": [ 13, 2, 14, 14 ], "texture": "#metal2" },
				"north": { "uv": [ 2, 11, 3, 11.5 ], "texture": "#metal2" },
				"south": { "uv": [ 13, 11, 14, 11.5 ], "texture": "#metal2" },
				"west": { "uv": [ 2, 11, 14, 11.5 ], "texture": "#metal2" },
				"east": { "uv": [ 2, 11, 14, 11.5 ], "texture": "#metal2" }
			}
		},
		{
			"__comment": "Box1",
			"from": [ 3, 4.5, 2 ],
			"to": [ 13, 5, 3 ],
			"faces": {
				"down": { "uv": [ 3, 13, 13, 14 ], "texture": "#metal2" },
				"up": { "uv": [ 3, 2, 13, 3 ], "texture": "#metal2" },
				"north": { "uv": [ 3, 11, 13, 11.5 ], "texture": "#metal2" },
				"south": { "uv": [ 3, 11, 13, 11.5 ], "texture": "#metal2" },
				"west": { "uv": [ 2, 11, 3, 11.5 ], "texture": "#metal2" },
				"east": { "uv": [ 13, 11, 14, 11.5 ], "texture": "#metal2" }
			}
		},
		{
			"__comment": "Box1",
			"from": [ 12, -6, 4.5 ],
			"to": [ 12.5, -5.5, 11.5 ],
			"faces": {
				"down": { "uv": [ 12, 4.5, 12.5, 11.5 ], "texture": "#metal2" },
				"up": { "uv": [ 12, 4.5, 12.5, 11.5 ], "texture": "#metal2" },
				"north": { "uv": [ 3.5, 5.5, 4, 6 ], "texture": "#metal2" },
				"south": { "uv": [ 12, 5.5, 12.5, 6 ], "texture": "#metal2" },
				"west": { "uv": [ 4.5, 5.5, 11.5, 6 ], "texture": "#metal2" },
				"east": { "uv": [ 4.5, 5.5, 11.5, 6 ], "texture": "#metal2" }
			}
		},
		{
			"__comment": "Box1",
			"from": [ 12, -1, 4.5 ],
			"to": [ 12.5, 0, 11.5 ],
			"faces": {
				"down": { "uv": [ 12, 4.5, 12.5, 11.5 ], "texture": "#metal2" },
				"up": { "uv": [ 12, 4.5, 12.5, 11.5 ], "texture": "#metal2" },
				"north": { "uv": [ 3.5, 0, 4, 1 ], "texture": "#metal2" },
				"south": { "uv": [ 12, 0, 12.5, 1 ], "texture": "#metal2" },
				"west": { "uv": [ 4.5, 0, 11.5, 1 ], "texture": "#metal2" },
				"east": { "uv": [ 4.5, 0, 11.5, 1 ], "texture": "#metal2" }
			}
		},
		{
			"__comment": "Box1",
			"from": [ 3.5, -1, 4.5 ],
			"to": [ 4, 0, 11.5 ],
			"faces": {
				"down": { "uv": [ 3.5, 4.5, 4, 11.5 ], "texture": "#metal2" },
				"up": { "uv": [ 3.5, 4.5, 4, 11.5 ], "texture": "#metal2" },
				"north": { "uv": [ 12, 0, 12.5, 1 ], "texture": "#metal2" },
				"south": { "uv": [ 3.5, 0, 4, 1 ], "texture": "#metal2" },
				"west": { "uv": [ 4.5, 0, 11.5, 1 ], "texture": "#metal2" },
				"east": { "uv": [ 4.5, 0, 11.5, 1 ], "texture": "#metal2" }
			}
		},
		{
			"__comment": "Box1",
			"from": [ 4.5, -1, 3.5 ],
			"to": [ 11.5, 0, 4 ],
			"faces": {
				"down": { "uv": [ 4.5, 12, 11.5, 12.5 ], "texture": "#metal2" },
				"up": { "uv": [ 4.5, 3.5, 11.5, 4 ], "texture": "#metal2" },
				"north": { "uv": [ 4.5, 0, 11.5, 1 ], "texture": "#metal2" },
				"south": { "uv": [ 4.5, 0, 11.5, 1 ], "texture": "#metal2" },
				"west": { "uv": [ 3.5, 0, 4, 1 ], "texture": "#metal2" },
				"east": { "uv": [ 12, 0, 12.5, 1 ], "texture": "#metal2" }
			}
		},
		{
			"__comment": "PlaneZ52",
			"from": [ 4.5, -5.5, 12.25 ],
			"to": [ 11.5, -1, 12.251 ],
			"faces": {
				"south": { "uv": [ 4.5, 1, 11.5, 5.5 ], "texture": "#glass" }
			}
		},
		{
			"__comment": "PlaneZ52",
			"from": [ 4.5, -5.5, 3.75 ],
			"to": [ 11.5, -1, 3.751 ],
			"faces": {
				"north": { "uv": [ 4.5, 1, 11.5, 5.5 ], "texture": "#glass" }
			}
		},
		{
			"__comment": "PlaneZ52",
			"from": [ 4.5, 0, 3.75 ],
			"to": [ 11.5, 4.5, 3.751 ],
			"faces": {
				"north": { "uv": [ 4.5, 11.5, 11.5, 16 ], "texture": "#glass" }
			}
		},
		{
			"__comment": "PlaneZ52",
			"from": [ 4.5, 0, 12.25 ],
			"to": [ 11.5, 4.5, 12.251 ],
			"faces": {
				"south": { "uv": [ 4.5, 11.5, 11.5, 16 ], "texture": "#glass" }
			}
		},
		{
			"__comment": "PlaneX56",
			"from": [ 12.25, -5.5, 4.5 ],
			"to": [ 12.251, -1, 11.5 ],
			"faces": {
				"east": { "uv": [ 4.5, 1, 11.5, 5.5 ], "texture": "#glass" }
			}
		},
		{
			"__comment": "PlaneX56",
			"from": [ 3.75, -5.5, 4.5 ],
			"to": [ 3.751, -1, 11.5 ],
			"faces": {
				"west": { "uv": [ 4.5, 1, 11.5, 5.5 ], "texture": "#glass" }
			}
		},
		{
			"__comment": "PlaneX56",
			"from": [ 3.75, 0, 4.5 ],
			"to": [ 3.751, 4.5, 11.5 ],
			"faces": {
				"west": { "uv": [ 4.5, 11.5, 11.5, 16 ], "texture": "#glass" }
			}
		},
		{
			"__comment": "PlaneX56",
			"from": [ 12.25, 0, 4.5 ],
			"to": [ 12.251, 4.5, 11.5 ],
			"faces": {
				"east": { "uv": [ 4.5, 11.5, 11.5, 16 ], "texture": "#glass" }
			}
		}
	],
	"display": {
		"head": {
			"translation":  [ 0, -4.8, 0 ],
			"scale":  [ 1.6, 1.6, 1.6 ]
		}
	}
}