{
	"__comment": "Designed by Ersatz with Cubik Studio - https://cubik.studio",
	"textures": {
		"metal": "blocks/anvil_base",
		"wood": "blocks/log_big_oak",
		"metal2": "blocks/concrete_gray",
		"light": "decoration/indoor_lights/light",
		"glass": "decoration/indoor_lights/glass"
	},
	"elements": [ 	 
		{
			"__comment": "Box1",
			"from": [ 5, 15, 5 ],
			"to": [ 11, 16, 11 ],
			"faces": {
				"down": { "uv": [ 5, 5, 11, 11 ], "texture": "#metal" },
				"up": { "uv": [ 5, 5, 11, 11 ], "texture": "#metal" },
				"north": { "uv": [ 5, 0, 11, 1 ], "texture": "#metal" },
				"south": { "uv": [ 5, 0, 11, 1 ], "texture": "#metal" },
				"west": { "uv": [ 5, 0, 11, 1 ], "texture": "#metal" },
				"east": { "uv": [ 5, 0, 11, 1 ], "texture": "#metal" }
			}
		},
		{
			"__comment": "Box1",
			"from": [ -1, 2, -1 ],
			"to": [ 0, 2.5, 0 ],
			"faces": {
				"down": { "uv": [ 15, 0, 16, 1 ], "texture": "#metal2" },
				"up": { "uv": [ 15, 15, 16, 16 ], "texture": "#metal2" },
				"north": { "uv": [ 0, 13.5, 1, 14 ], "texture": "#metal2" },
				"south": { "uv": [ 15, 13.5, 16, 14 ], "texture": "#metal2" },
				"west": { "uv": [ 15, 13.5, 16, 14 ], "texture": "#metal2" },
				"east": { "uv": [ 0, 13.5, 1, 14 ], "texture": "#metal2" }
			}
		},
		{
			"__comment": "Box1",
			"from": [ 6, 14, 6 ],
			"to": [ 10, 15, 10 ],
			"faces": {
				"down": { "uv": [ 6, 6, 10, 10 ], "texture": "#metal" },
				"up": { "uv": [ 6, 6, 10, 10 ], "texture": "#metal" },
				"north": { "uv": [ 6, 1, 10, 2 ], "texture": "#metal" },
				"south": { "uv": [ 6, 1, 10, 2 ], "texture": "#metal" },
				"west": { "uv": [ 6, 1, 10, 2 ], "texture": "#metal" },
				"east": { "uv": [ 6, 1, 10, 2 ], "texture": "#metal" }
			}
		},
		{
			"__comment": "Box1",
			"from": [ 7.25, -3, 10.75 ],
			"to": [ 8.75, -0.5, 12.25 ],
			"faces": {
				"down": { "uv": [ 7.25, 3.75, 8.75, 5.25 ], "texture": "#light" },
				"up": { "uv": [ 7.25, 10.75, 8.75, 12.25 ], "texture": "#light" },
				"north": { "uv": [ 7.25, 0.5, 8.75, 3 ], "texture": "#light" },
				"south": { "uv": [ 7.25, 0.5, 8.75, 3 ], "texture": "#light" },
				"west": { "uv": [ 10.75, 0.5, 12.25, 3 ], "texture": "#light" },
				"east": { "uv": [ 3.75, 0.5, 5.25, 3 ], "texture": "#light" }
			}
		},
		{
			"__comment": "Box1",
			"from": [ 6, 3, 6 ],
			"to": [ 10, 4, 10 ],
			"faces": {
				"down": { "uv": [ 6, 6, 10, 10 ], "texture": "#metal" },
				"up": { "uv": [ 6, 6, 10, 10 ], "texture": "#metal" },
				"north": { "uv": [ 6, 12, 10, 13 ], "texture": "#metal" },
				"south": { "uv": [ 6, 12, 10, 13 ], "texture": "#metal" },
				"west": { "uv": [ 6, 12, 10, 13 ], "texture": "#metal" },
				"east": { "uv": [ 6, 12, 10, 13 ], "texture": "#metal" }
			}
		},
		{
			"__comment": "Box1",
			"from": [ 16, 2, 0 ],
			"to": [ 17, 2.5, 16 ],
			"faces": {
				"down": { "uv": [ 0, 0, 1, 16 ], "texture": "#metal2" },
				"up": { "uv": [ 0, 0, 1, 16 ], "texture": "#metal2" },
				"north": { "uv": [ 15, 13.5, 16, 14 ], "texture": "#metal2" },
				"south": { "uv": [ 0, 13.5, 1, 14 ], "texture": "#metal2" },
				"west": { "uv": [ 0, 13.5, 16, 14 ], "texture": "#metal2" },
				"east": { "uv": [ 0, 13.5, 16, 14 ], "texture": "#metal2" }
			}
		},
		{
			"__comment": "Box1",
			"from": [ -1, 2, 0 ],
			"to": [ 0, 2.5, 16 ],
			"faces": {
				"down": { "uv": [ 15, 0, 16, 16 ], "texture": "#metal2" },
				"up": { "uv": [ 15, 0, 16, 16 ], "texture": "#metal2" },
				"north": { "uv": [ 0, 13.5, 1, 14 ], "texture": "#metal2" },
				"south": { "uv": [ 15, 13.5, 16, 14 ], "texture": "#metal2" },
				"west": { "uv": [ 0, 13.5, 16, 14 ], "texture": "#metal2" },
				"east": { "uv": [ 0, 13.5, 16, 14 ], "texture": "#metal2" }
			}
		},
		{
			"__comment": "Box1",
			"from": [ 0, 2, -1 ],
			"to": [ 16, 2.5, 0 ],
			"faces": {
				"down": { "uv": [ 0, 0, 16, 1 ], "texture": "#metal2" },
				"up": { "uv": [ 0, 15, 16, 16 ], "texture": "#metal2" },
				"north": { "uv": [ 0, 13.5, 16, 14 ], "texture": "#metal2" },
				"south": { "uv": [ 0, 13.5, 16, 14 ], "texture": "#metal2" },
				"west": { "uv": [ 15, 13.5, 16, 14 ], "texture": "#metal2" },
				"east": { "uv": [ 0, 13.5, 1, 14 ], "texture": "#metal2" }
			}
		},
		{
			"__comment": "Box1",
			"from": [ 0, 2, 16 ],
			"to": [ 16, 2.5, 17 ],
			"faces": {
				"down": { "uv": [ 0, 15, 16, 16 ], "texture": "#metal2" },
				"up": { "uv": [ 0, 0, 16, 1 ], "texture": "#metal2" },
				"north": { "uv": [ 0, 13.5, 16, 14 ], "texture": "#metal2" },
				"south": { "uv": [ 0, 13.5, 16, 14 ], "texture": "#metal2" },
				"west": { "uv": [ 0, 13.5, 1, 14 ], "texture": "#metal2" },
				"east": { "uv": [ 15, 13.5, 16, 14 ], "texture": "#metal2" }
			}
		},
		{
			"__comment": "Box1",
			"from": [ -1, 2, 16 ],
			"to": [ 0, 2.5, 17 ],
			"faces": {
				"down": { "uv": [ 15, 15, 16, 16 ], "texture": "#metal2" },
				"up": { "uv": [ 15, 0, 16, 1 ], "texture": "#metal2" },
				"north": { "uv": [ 0, 13.5, 1, 14 ], "texture": "#metal2" },
				"south": { "uv": [ 15, 13.5, 16, 14 ], "texture": "#metal2" },
				"west": { "uv": [ 0, 13.5, 1, 14 ], "texture": "#metal2" },
				"east": { "uv": [ 15, 13.5, 16, 14 ], "texture": "#metal2" }
			}
		},
		{
			"__comment": "Box1",
			"from": [ 16, 2, 16 ],
			"to": [ 17, 2.5, 17 ],
			"faces": {
				"down": { "uv": [ 0, 15, 1, 16 ], "texture": "#metal2" },
				"up": { "uv": [ 0, 0, 1, 1 ], "texture": "#metal2" },
				"north": { "uv": [ 15, 13.5, 16, 14 ], "texture": "#metal2" },
				"south": { "uv": [ 0, 13.5, 1, 14 ], "texture": "#metal2" },
				"west": { "uv": [ 0, 13.5, 1, 14 ], "texture": "#metal2" },
				"east": { "uv": [ 15, 13.5, 16, 14 ], "texture": "#metal2" }
			}
		},
		{
			"__comment": "Box1",
			"from": [ 16, 2, -1 ],
			"to": [ 17, 2.5, 0 ],
			"faces": {
				"down": { "uv": [ 0, 0, 1, 1 ], "texture": "#metal2" },
				"up": { "uv": [ 0, 15, 1, 16 ], "texture": "#metal2" },
				"north": { "uv": [ 15, 13.5, 16, 14 ], "texture": "#metal2" },
				"south": { "uv": [ 0, 13.5, 1, 14 ], "texture": "#metal2" },
				"west": { "uv": [ 15, 13.5, 16, 14 ], "texture": "#metal2" },
				"east": { "uv": [ 0, 13.5, 1, 14 ], "texture": "#metal2" }
			}
		},
		{
			"__comment": "Box1",
			"from": [ 0, 2, 0 ],
			"to": [ 16, 3, 16 ],
			"faces": {
				"down": { "uv": [ 0, 0, 16, 16 ], "texture": "#metal2" },
				"up": { "uv": [ 0, 0, 16, 16 ], "texture": "#metal2" },
				"north": { "uv": [ 0, 13, 16, 14 ], "texture": "#metal2" },
				"south": { "uv": [ 0, 13, 16, 14 ], "texture": "#metal2" },
				"west": { "uv": [ 0, 13, 16, 14 ], "texture": "#metal2" },
				"east": { "uv": [ 0, 13, 16, 14 ], "texture": "#metal2" }
			}
		},
		{
			"__comment": "Box1",
			"from": [ 0, 0, 14.5 ],
			"to": [ 1, 2, 15 ],
			"faces": {
				"down": { "uv": [ 0, 1, 1, 1.5 ], "texture": "#metal2" },
				"up": { "uv": [ 0, 14.5, 1, 15 ], "texture": "#metal2" },
				"north": { "uv": [ 15, 14, 16, 16 ], "texture": "#metal2" },
				"south": { "uv": [ 0, 14, 1, 16 ], "texture": "#metal2" },
				"west": { "uv": [ 14.5, 14, 15, 16 ], "texture": "#metal2" },
				"east": { "uv": [ 1, 14, 1.5, 16 ], "texture": "#metal2" }
			}
		},
		{
			"__comment": "Box1",
			"from": [ 14.5, 0, 0 ],
			"to": [ 16, 2, 1 ],
			"faces": {
				"down": { "uv": [ 14.5, 15, 16, 16 ], "texture": "#metal2" },
				"up": { "uv": [ 14.5, 0, 16, 1 ], "texture": "#metal2" },
				"north": { "uv": [ 0, 14, 1.5, 16 ], "texture": "#metal2" },
				"south": { "uv": [ 14.5, 14, 16, 16 ], "texture": "#metal2" },
				"west": { "uv": [ 0, 14, 1, 16 ], "texture": "#metal2" },
				"east": { "uv": [ 15, 14, 16, 16 ], "texture": "#metal2" }
			}
		},
		{
			"__comment": "Box1",
			"from": [ 14.5, 0, 15 ],
			"to": [ 16, 2, 16 ],
			"faces": {
				"down": { "uv": [ 14.5, 0, 16, 1 ], "texture": "#metal2" },
				"up": { "uv": [ 14.5, 15, 16, 16 ], "texture": "#metal2" },
				"north": { "uv": [ 0, 14, 1.5, 16 ], "texture": "#metal2" },
				"south": { "uv": [ 14.5, 14, 16, 16 ], "texture": "#metal2" },
				"west": { "uv": [ 15, 14, 16, 16 ], "texture": "#metal2" },
				"east": { "uv": [ 0, 14, 1, 16 ], "texture": "#metal2" }
			}
		},
		{
			"__comment": "Box1",
			"from": [ 0, 0, 0 ],
			"to": [ 1.5, 2, 1 ],
			"faces": {
				"down": { "uv": [ 0, 15, 1.5, 16 ], "texture": "#metal2" },
				"up": { "uv": [ 0, 0, 1.5, 1 ], "texture": "#metal2" },
				"north": { "uv": [ 14.5, 14, 16, 16 ], "texture": "#metal2" },
				"south": { "uv": [ 0, 14, 1.5, 16 ], "texture": "#metal2" },
				"west": { "uv": [ 0, 14, 1, 16 ], "texture": "#metal2" },
				"east": { "uv": [ 15, 14, 16, 16 ], "texture": "#metal2" }
			}
		},
		{
			"__comment": "Box1",
			"from": [ 0, -4, 14.5 ],
			"to": [ 1, 0, 15 ],
			"faces": {
				"down": { "uv": [ 0, 1, 1, 1.5 ], "texture": "#metal2" },
				"up": { "uv": [ 0, 14.5, 1, 15 ], "texture": "#metal2" },
				"north": { "uv": [ 15, 0, 16, 4 ], "texture": "#metal2" },
				"south": { "uv": [ 0, 0, 1, 4 ], "texture": "#metal2" },
				"west": { "uv": [ 14.5, 0, 15, 4 ], "texture": "#metal2" },
				"east": { "uv": [ 1, 0, 1.5, 4 ], "texture": "#metal2" }
			}
		},
		{
			"__comment": "Box1",
			"from": [ 15, 0, 14.5 ],
			"to": [ 16, 2, 15 ],
			"faces": {
				"down": { "uv": [ 15, 1, 16, 1.5 ], "texture": "#metal2" },
				"up": { "uv": [ 15, 14.5, 16, 15 ], "texture": "#metal2" },
				"north": { "uv": [ 0, 14, 1, 16 ], "texture": "#metal2" },
				"south": { "uv": [ 15, 14, 16, 16 ], "texture": "#metal2" },
				"west": { "uv": [ 14.5, 14, 15, 16 ], "texture": "#metal2" },
				"east": { "uv": [ 1, 14, 1.5, 16 ], "texture": "#metal2" }
			}
		},
		{
			"__comment": "Box1",
			"from": [ 0, -4, 0 ],
			"to": [ 1.5, 0, 1 ],
			"faces": {
				"down": { "uv": [ 0, 15, 1.5, 16 ], "texture": "#metal2" },
				"up": { "uv": [ 0, 0, 1.5, 1 ], "texture": "#metal2" },
				"north": { "uv": [ 14.5, 0, 16, 4 ], "texture": "#metal2" },
				"south": { "uv": [ 0, 0, 1.5, 4 ], "texture": "#metal2" },
				"west": { "uv": [ 0, 0, 1, 4 ], "texture": "#metal2" },
				"east": { "uv": [ 15, 0, 16, 4 ], "texture": "#metal2" }
			}
		},
		{
			"__comment": "Box1",
			"from": [ 15, 0, 1 ],
			"to": [ 16, 2, 1.5 ],
			"faces": {
				"down": { "uv": [ 15, 14.5, 16, 15 ], "texture": "#metal2" },
				"up": { "uv": [ 15, 1, 16, 1.5 ], "texture": "#metal2" },
				"north": { "uv": [ 0, 14, 1, 16 ], "texture": "#metal2" },
				"south": { "uv": [ 15, 14, 16, 16 ], "texture": "#metal2" },
				"west": { "uv": [ 1, 14, 1.5, 16 ], "texture": "#metal2" },
				"east": { "uv": [ 14.5, 14, 15, 16 ], "texture": "#metal2" }
			}
		},
		{
			"__comment": "Box1",
			"from": [ 0, 0, 15 ],
			"to": [ 1.5, 2, 16 ],
			"faces": {
				"down": { "uv": [ 0, 0, 1.5, 1 ], "texture": "#metal2" },
				"up": { "uv": [ 0, 15, 1.5, 16 ], "texture": "#metal2" },
				"north": { "uv": [ 14.5, 14, 16, 16 ], "texture": "#metal2" },
				"south": { "uv": [ 0, 14, 1.5, 16 ], "texture": "#metal2" },
				"west": { "uv": [ 15, 14, 16, 16 ], "texture": "#metal2" },
				"east": { "uv": [ 0, 14, 1, 16 ], "texture": "#metal2" }
			}
		},
		{
			"__comment": "Box1",
			"from": [ 1.5, -1, 0.5 ],
			"to": [ 14.5, -0.5, 1 ],
			"faces": {
				"down": { "uv": [ 1.5, 15, 14.5, 15.5 ], "texture": "#metal2" },
				"up": { "uv": [ 1.5, 0.5, 14.5, 1 ], "texture": "#metal2" },
				"north": { "uv": [ 1.5, 0.5, 14.5, 1 ], "texture": "#metal2" },
				"south": { "uv": [ 1.5, 0.5, 14.5, 1 ], "texture": "#metal2" },
				"west": { "uv": [ 0.5, 0.5, 1, 1 ], "texture": "#metal2" },
				"east": { "uv": [ 15, 0.5, 15.5, 1 ], "texture": "#metal2" }
			}
		},
		{
			"__comment": "Box1",
			"from": [ 14.5, -4, 15 ],
			"to": [ 16, 0, 16 ],
			"faces": {
				"down": { "uv": [ 14.5, 0, 16, 1 ], "texture": "#metal2" },
				"up": { "uv": [ 14.5, 15, 16, 16 ], "texture": "#metal2" },
				"north": { "uv": [ 0, 0, 1.5, 4 ], "texture": "#metal2" },
				"south": { "uv": [ 14.5, 0, 16, 4 ], "texture": "#metal2" },
				"west": { "uv": [ 15, 0, 16, 4 ], "texture": "#metal2" },
				"east": { "uv": [ 0, 0, 1, 4 ], "texture": "#metal2" }
			}
		},
		{
			"__comment": "Box1",
			"from": [ 14.5, -4, 0 ],
			"to": [ 16, 0, 1 ],
			"faces": {
				"down": { "uv": [ 14.5, 15, 16, 16 ], "texture": "#metal2" },
				"up": { "uv": [ 14.5, 0, 16, 1 ], "texture": "#metal2" },
				"north": { "uv": [ 0, 0, 1.5, 4 ], "texture": "#metal2" },
				"south": { "uv": [ 14.5, 0, 16, 4 ], "texture": "#metal2" },
				"west": { "uv": [ 0, 0, 1, 4 ], "texture": "#metal2" },
				"east": { "uv": [ 15, 0, 16, 4 ], "texture": "#metal2" }
			}
		},
		{
			"__comment": "Box1",
			"from": [ 0, 0, 1 ],
			"to": [ 1, 2, 1.5 ],
			"faces": {
				"down": { "uv": [ 0, 14.5, 1, 15 ], "texture": "#metal2" },
				"up": { "uv": [ 0, 1, 1, 1.5 ], "texture": "#metal2" },
				"north": { "uv": [ 15, 14, 16, 16 ], "texture": "#metal2" },
				"south": { "uv": [ 0, 14, 1, 16 ], "texture": "#metal2" },
				"west": { "uv": [ 1, 14, 1.5, 16 ], "texture": "#metal2" },
				"east": { "uv": [ 14.5, 14, 15, 16 ], "texture": "#metal2" }
			}
		},
		{
			"__comment": "Box1",
			"from": [ 0, -4, 1 ],
			"to": [ 1, 0, 1.5 ],
			"faces": {
				"down": { "uv": [ 0, 14.5, 1, 15 ], "texture": "#metal2" },
				"up": { "uv": [ 0, 1, 1, 1.5 ], "texture": "#metal2" },
				"north": { "uv": [ 15, 0, 16, 4 ], "texture": "#metal2" },
				"south": { "uv": [ 0, 0, 1, 4 ], "texture": "#metal2" },
				"west": { "uv": [ 1, 0, 1.5, 4 ], "texture": "#metal2" },
				"east": { "uv": [ 14.5, 0, 15, 4 ], "texture": "#metal2" }
			}
		},
		{
			"__comment": "Box1",
			"from": [ 15, -4, 1 ],
			"to": [ 16, 0, 1.5 ],
			"faces": {
				"down": { "uv": [ 15, 14.5, 16, 15 ], "texture": "#metal2" },
				"up": { "uv": [ 15, 1, 16, 1.5 ], "texture": "#metal2" },
				"north": { "uv": [ 0, 0, 1, 4 ], "texture": "#metal2" },
				"south": { "uv": [ 15, 0, 16, 4 ], "texture": "#metal2" },
				"west": { "uv": [ 1, 0, 1.5, 4 ], "texture": "#metal2" },
				"east": { "uv": [ 14.5, 0, 15, 4 ], "texture": "#metal2" }
			}
		},
		{
			"__comment": "Box1",
			"from": [ 15, -4, 14.5 ],
			"to": [ 16, 0, 15 ],
			"faces": {
				"down": { "uv": [ 15, 1, 16, 1.5 ], "texture": "#metal2" },
				"up": { "uv": [ 15, 14.5, 16, 15 ], "texture": "#metal2" },
				"north": { "uv": [ 0, 0, 1, 4 ], "texture": "#metal2" },
				"south": { "uv": [ 15, 0, 16, 4 ], "texture": "#metal2" },
				"west": { "uv": [ 14.5, 0, 15, 4 ], "texture": "#metal2" },
				"east": { "uv": [ 1, 0, 1.5, 4 ], "texture": "#metal2" }
			}
		},
		{
			"__comment": "Box1",
			"from": [ 0, -4, 15 ],
			"to": [ 1.5, 0, 16 ],
			"faces": {
				"down": { "uv": [ 0, 0, 1.5, 1 ], "texture": "#metal2" },
				"up": { "uv": [ 0, 15, 1.5, 16 ], "texture": "#metal2" },
				"north": { "uv": [ 14.5, 0, 16, 4 ], "texture": "#metal2" },
				"south": { "uv": [ 0, 0, 1.5, 4 ], "texture": "#metal2" },
				"west": { "uv": [ 15, 0, 16, 4 ], "texture": "#metal2" },
				"east": { "uv": [ 0, 0, 1, 4 ], "texture": "#metal2" }
			}
		},
		{
			"__comment": "Box1",
			"from": [ 1, -4, 14.5 ],
			"to": [ 15, -3.5, 15 ],
			"faces": {
				"down": { "uv": [ 1, 1, 15, 1.5 ], "texture": "#metal2" },
				"up": { "uv": [ 1, 14.5, 15, 15 ], "texture": "#metal2" },
				"north": { "uv": [ 1, 3.5, 15, 4 ], "texture": "#metal2" },
				"south": { "uv": [ 1, 3.5, 15, 4 ], "texture": "#metal2" },
				"west": { "uv": [ 14.5, 3.5, 15, 4 ], "texture": "#metal2" },
				"east": { "uv": [ 1, 3.5, 1.5, 4 ], "texture": "#metal2" }
			}
		},
		{
			"__comment": "Box1",
			"from": [ 1, -4, 1 ],
			"to": [ 15, -3.5, 1.5 ],
			"faces": {
				"down": { "uv": [ 1, 14.5, 15, 15 ], "texture": "#metal2" },
				"up": { "uv": [ 1, 1, 15, 1.5 ], "texture": "#metal2" },
				"north": { "uv": [ 1, 3.5, 15, 4 ], "texture": "#metal2" },
				"south": { "uv": [ 1, 3.5, 15, 4 ], "texture": "#metal2" },
				"west": { "uv": [ 1, 3.5, 1.5, 4 ], "texture": "#metal2" },
				"east": { "uv": [ 14.5, 3.5, 15, 4 ], "texture": "#metal2" }
			}
		},
		{
			"__comment": "Box1",
			"from": [ 1, -4, 1.5 ],
			"to": [ 1.5, -3.5, 14.5 ],
			"faces": {
				"down": { "uv": [ 1, 1.5, 1.5, 14.5 ], "texture": "#metal2" },
				"up": { "uv": [ 1, 1.5, 1.5, 14.5 ], "texture": "#metal2" },
				"north": { "uv": [ 14.5, 3.5, 15, 4 ], "texture": "#metal2" },
				"south": { "uv": [ 1, 3.5, 1.5, 4 ], "texture": "#metal2" },
				"west": { "uv": [ 1.5, 3.5, 14.5, 4 ], "texture": "#metal2" },
				"east": { "uv": [ 1.5, 3.5, 14.5, 4 ], "texture": "#metal2" }
			}
		},
		{
			"__comment": "Box1",
			"from": [ 14.5, -4, 1.5 ],
			"to": [ 15, -3.5, 14.5 ],
			"faces": {
				"down": { "uv": [ 14.5, 1.5, 15, 14.5 ], "texture": "#metal2" },
				"up": { "uv": [ 14.5, 1.5, 15, 14.5 ], "texture": "#metal2" },
				"north": { "uv": [ 1, 3.5, 1.5, 4 ], "texture": "#metal2" },
				"south": { "uv": [ 14.5, 3.5, 15, 4 ], "texture": "#metal2" },
				"west": { "uv": [ 1.5, 3.5, 14.5, 4 ], "texture": "#metal2" },
				"east": { "uv": [ 1.5, 3.5, 14.5, 4 ], "texture": "#metal2" }
			}
		},
		{
			"__comment": "Box1",
			"from": [ 15, -4, 1.5 ],
			"to": [ 15.5, -3.5, 14.5 ],
			"faces": {
				"down": { "uv": [ 15, 1.5, 15.5, 14.5 ], "texture": "#metal2" },
				"up": { "uv": [ 15, 1.5, 15.5, 14.5 ], "texture": "#metal2" },
				"north": { "uv": [ 0.5, 3.5, 1, 4 ], "texture": "#metal2" },
				"south": { "uv": [ 15, 3.5, 15.5, 4 ], "texture": "#metal2" },
				"west": { "uv": [ 1.5, 3.5, 14.5, 4 ], "texture": "#metal2" },
				"east": { "uv": [ 1.5, 3.5, 14.5, 4 ], "texture": "#metal2" }
			}
		},
		{
			"__comment": "Box1",
			"from": [ 15, -1, 1.5 ],
			"to": [ 15.5, -0.5, 14.5 ],
			"faces": {
				"down": { "uv": [ 15, 1.5, 15.5, 14.5 ], "texture": "#metal2" },
				"up": { "uv": [ 15, 1.5, 15.5, 14.5 ], "texture": "#metal2" },
				"north": { "uv": [ 0.5, 0.5, 1, 1 ], "texture": "#metal2" },
				"south": { "uv": [ 15, 0.5, 15.5, 1 ], "texture": "#metal2" },
				"west": { "uv": [ 1.5, 0.5, 14.5, 1 ], "texture": "#metal2" },
				"east": { "uv": [ 1.5, 0.5, 14.5, 1 ], "texture": "#metal2" }
			}
		},
		{
			"__comment": "Box1",
			"from": [ 1.5, -4, 0.5 ],
			"to": [ 14.5, -3.5, 1 ],
			"faces": {
				"down": { "uv": [ 1.5, 15, 14.5, 15.5 ], "texture": "#metal2" },
				"up": { "uv": [ 1.5, 0.5, 14.5, 1 ], "texture": "#metal2" },
				"north": { "uv": [ 1.5, 3.5, 14.5, 4 ], "texture": "#metal2" },
				"south": { "uv": [ 1.5, 3.5, 14.5, 4 ], "texture": "#metal2" },
				"west": { "uv": [ 0.5, 3.5, 1, 4 ], "texture": "#metal2" },
				"east": { "uv": [ 15, 3.5, 15.5, 4 ], "texture": "#metal2" }
			}
		},
		{
			"__comment": "Box1",
			"from": [ 1.5, -4, 15 ],
			"to": [ 14.5, -3.5, 15.5 ],
			"faces": {
				"down": { "uv": [ 1.5, 0.5, 14.5, 1 ], "texture": "#metal2" },
				"up": { "uv": [ 1.5, 15, 14.5, 15.5 ], "texture": "#metal2" },
				"north": { "uv": [ 1.5, 3.5, 14.5, 4 ], "texture": "#metal2" },
				"south": { "uv": [ 1.5, 3.5, 14.5, 4 ], "texture": "#metal2" },
				"west": { "uv": [ 15, 3.5, 15.5, 4 ], "texture": "#metal2" },
				"east": { "uv": [ 0.5, 3.5, 1, 4 ], "texture": "#metal2" }
			}
		},
		{
			"__comment": "Box1",
			"from": [ 1.5, -1, 15 ],
			"to": [ 14.5, -0.5, 15.5 ],
			"faces": {
				"down": { "uv": [ 1.5, 0.5, 14.5, 1 ], "texture": "#metal2" },
				"up": { "uv": [ 1.5, 15, 14.5, 15.5 ], "texture": "#metal2" },
				"north": { "uv": [ 1.5, 0.5, 14.5, 1 ], "texture": "#metal2" },
				"south": { "uv": [ 1.5, 0.5, 14.5, 1 ], "texture": "#metal2" },
				"west": { "uv": [ 15, 0.5, 15.5, 1 ], "texture": "#metal2" },
				"east": { "uv": [ 0.5, 0.5, 1, 1 ], "texture": "#metal2" }
			}
		},
		{
			"__comment": "Box1",
			"from": [ 0.5, -4, 1.5 ],
			"to": [ 1, -3.5, 14.5 ],
			"faces": {
				"down": { "uv": [ 0.5, 1.5, 1, 14.5 ], "texture": "#metal2" },
				"up": { "uv": [ 0.5, 1.5, 1, 14.5 ], "texture": "#metal2" },
				"north": { "uv": [ 15, 3.5, 15.5, 4 ], "texture": "#metal2" },
				"south": { "uv": [ 0.5, 3.5, 1, 4 ], "texture": "#metal2" },
				"west": { "uv": [ 1.5, 3.5, 14.5, 4 ], "texture": "#metal2" },
				"east": { "uv": [ 1.5, 3.5, 14.5, 4 ], "texture": "#metal2" }
			}
		},
		{
			"__comment": "Box1",
			"from": [ 0.5, -1, 1.5 ],
			"to": [ 1, -0.5, 14.5 ],
			"faces": {
				"down": { "uv": [ 0.5, 1.5, 1, 14.5 ], "texture": "#metal2" },
				"up": { "uv": [ 0.5, 1.5, 1, 14.5 ], "texture": "#metal2" },
				"north": { "uv": [ 15, 0.5, 15.5, 1 ], "texture": "#metal2" },
				"south": { "uv": [ 0.5, 0.5, 1, 1 ], "texture": "#metal2" },
				"west": { "uv": [ 1.5, 0.5, 14.5, 1 ], "texture": "#metal2" },
				"east": { "uv": [ 1.5, 0.5, 14.5, 1 ], "texture": "#metal2" }
			}
		},
		{
			"__comment": "Box1",
			"from": [ 7, 4, 7 ],
			"to": [ 9, 14, 9 ],
			"faces": {
				"down": { "uv": [ 7, 7, 9, 9 ], "texture": "#wood" },
				"up": { "uv": [ 7, 7, 9, 9 ], "texture": "#wood" },
				"north": { "uv": [ 7, 2, 9, 12 ], "texture": "#wood" },
				"south": { "uv": [ 7, 2, 9, 12 ], "texture": "#wood" },
				"west": { "uv": [ 7, 2, 9, 12 ], "texture": "#wood" },
				"east": { "uv": [ 7, 2, 9, 12 ], "texture": "#wood" }
			}
		},
		{
			"__comment": "Box1",
			"from": [ 7, -0.5, 7 ],
			"to": [ 9, 2, 9 ],
			"faces": {
				"down": { "uv": [ 7, 7, 9, 9 ], "texture": "#metal" },
				"up": { "uv": [ 7, 7, 9, 9 ], "texture": "#metal" },
				"north": { "uv": [ 7, 14, 9, 16 ], "texture": "#metal" },
				"south": { "uv": [ 7, 14, 9, 16 ], "texture": "#metal" },
				"west": { "uv": [ 7, 14, 9, 16 ], "texture": "#metal" },
				"east": { "uv": [ 7, 14, 9, 16 ], "texture": "#metal" }
			}
		},
		{
			"__comment": "Box1",
			"from": [ 7.5, 0, 9 ],
			"to": [ 8.5, 1, 11 ],
			"faces": {
				"down": { "uv": [ 7.5, 5, 8.5, 7 ], "texture": "#metal" },
				"up": { "uv": [ 7.5, 9, 8.5, 11 ], "texture": "#metal" },
				"north": { "uv": [ 7.5, 15, 8.5, 16 ], "texture": "#metal" },
				"south": { "uv": [ 7.5, 15, 8.5, 16 ], "texture": "#metal" },
				"west": { "uv": [ 9, 15, 11, 16 ], "texture": "#metal" },
				"east": { "uv": [ 5, 15, 7, 16 ], "texture": "#metal" }
			}
		},
		{
			"__comment": "Box1",
			"from": [ 7.5, 0, 5 ],
			"to": [ 8.5, 1, 7 ],
			"faces": {
				"down": { "uv": [ 7.5, 9, 8.5, 11 ], "texture": "#metal" },
				"up": { "uv": [ 7.5, 5, 8.5, 7 ], "texture": "#metal" },
				"north": { "uv": [ 7.5, 15, 8.5, 16 ], "texture": "#metal" },
				"south": { "uv": [ 7.5, 15, 8.5, 16 ], "texture": "#metal" },
				"west": { "uv": [ 5, 15, 7, 16 ], "texture": "#metal" },
				"east": { "uv": [ 9, 15, 11, 16 ], "texture": "#metal" }
			}
		},
		{
			"__comment": "Box1",
			"from": [ 9, 0, 7.5 ],
			"to": [ 11, 1, 8.5 ],
			"faces": {
				"down": { "uv": [ 9, 7.5, 11, 8.5 ], "texture": "#metal" },
				"up": { "uv": [ 9, 7.5, 11, 8.5 ], "texture": "#metal" },
				"north": { "uv": [ 5, 15, 7, 16 ], "texture": "#metal" },
				"south": { "uv": [ 9, 15, 11, 16 ], "texture": "#metal" },
				"west": { "uv": [ 7.5, 15, 8.5, 16 ], "texture": "#metal" },
				"east": { "uv": [ 7.5, 15, 8.5, 16 ], "texture": "#metal" }
			}
		},
		{
			"__comment": "Box1",
			"from": [ 5, 0, 7.5 ],
			"to": [ 7, 1, 8.5 ],
			"faces": {
				"down": { "uv": [ 5, 7.5, 7, 8.5 ], "texture": "#metal" },
				"up": { "uv": [ 5, 7.5, 7, 8.5 ], "texture": "#metal" },
				"north": { "uv": [ 9, 15, 11, 16 ], "texture": "#metal" },
				"south": { "uv": [ 5, 15, 7, 16 ], "texture": "#metal" },
				"west": { "uv": [ 7.5, 15, 8.5, 16 ], "texture": "#metal" },
				"east": { "uv": [ 7.5, 15, 8.5, 16 ], "texture": "#metal" }
			}
		},
		{
			"__comment": "Box1",
			"from": [ 4, -1, 7.5 ],
			"to": [ 5, 1, 8.5 ],
			"faces": {
				"down": { "uv": [ 4, 7.5, 5, 8.5 ], "texture": "#metal" },
				"up": { "uv": [ 4, 7.5, 5, 8.5 ], "texture": "#metal" },
				"north": { "uv": [ 11, 15, 12, 16 ], "texture": "#metal" },
				"south": { "uv": [ 4, 15, 5, 16 ], "texture": "#metal" },
				"west": { "uv": [ 7.5, 15, 8.5, 16 ], "texture": "#metal" },
				"east": { "uv": [ 7.5, 15, 8.5, 16 ], "texture": "#metal" }
			}
		},
		{
			"__comment": "Box1",
			"from": [ 11, -1, 7.5 ],
			"to": [ 12, 1, 8.5 ],
			"faces": {
				"down": { "uv": [ 11, 7.5, 12, 8.5 ], "texture": "#metal" },
				"up": { "uv": [ 11, 7.5, 12, 8.5 ], "texture": "#metal" },
				"north": { "uv": [ 4, 15, 5, 16 ], "texture": "#metal" },
				"south": { "uv": [ 11, 15, 12, 16 ], "texture": "#metal" },
				"west": { "uv": [ 7.5, 15, 8.5, 16 ], "texture": "#metal" },
				"east": { "uv": [ 7.5, 15, 8.5, 16 ], "texture": "#metal" }
			}
		},
		{
			"__comment": "Box1",
			"from": [ 7.5, -1, 11 ],
			"to": [ 8.5, 1, 12 ],
			"faces": {
				"down": { "uv": [ 7.5, 4, 8.5, 5 ], "texture": "#metal" },
				"up": { "uv": [ 7.5, 11, 8.5, 12 ], "texture": "#metal" },
				"north": { "uv": [ 7.5, 15, 8.5, 16 ], "texture": "#metal" },
				"south": { "uv": [ 7.5, 15, 8.5, 16 ], "texture": "#metal" },
				"west": { "uv": [ 11, 15, 12, 16 ], "texture": "#metal" },
				"east": { "uv": [ 4, 15, 5, 16 ], "texture": "#metal" }
			}
		},
		{
			"__comment": "Box1",
			"from": [ 7.5, -1, 4 ],
			"to": [ 8.5, 1, 5 ],
			"faces": {
				"down": { "uv": [ 7.5, 11, 8.5, 12 ], "texture": "#metal" },
				"up": { "uv": [ 7.5, 4, 8.5, 5 ], "texture": "#metal" },
				"north": { "uv": [ 7.5, 15, 8.5, 16 ], "texture": "#metal" },
				"south": { "uv": [ 7.5, 15, 8.5, 16 ], "texture": "#metal" },
				"west": { "uv": [ 4, 15, 5, 16 ], "texture": "#metal" },
				"east": { "uv": [ 11, 15, 12, 16 ], "texture": "#metal" }
			}
		},
		{
			"__comment": "Box1",
			"from": [ 3.75, -3, 7.25 ],
			"to": [ 5.25, -0.5, 8.75 ],
			"faces": {
				"down": { "uv": [ 3.75, 7.25, 5.25, 8.75 ], "texture": "#light" },
				"up": { "uv": [ 3.75, 7.25, 5.25, 8.75 ], "texture": "#light" },
				"north": { "uv": [ 10.75, 0.5, 12.25, 3 ], "texture": "#light" },
				"south": { "uv": [ 3.75, 0.5, 5.25, 3 ], "texture": "#light" },
				"west": { "uv": [ 7.25, 0.5, 8.75, 3 ], "texture": "#light" },
				"east": { "uv": [ 7.25, 0.5, 8.75, 3 ], "texture": "#light" }
			}
		},
		{
			"__comment": "Box1",
			"from": [ 7.25, -3, 3.75 ],
			"to": [ 8.75, -0.5, 5.25 ],
			"faces": {
				"down": { "uv": [ 7.25, 10.75, 8.75, 12.25 ], "texture": "#light" },
				"up": { "uv": [ 7.25, 3.75, 8.75, 5.25 ], "texture": "#light" },
				"north": { "uv": [ 7.25, 0.5, 8.75, 3 ], "texture": "#light" },
				"south": { "uv": [ 7.25, 0.5, 8.75, 3 ], "texture": "#light" },
				"west": { "uv": [ 3.75, 0.5, 5.25, 3 ], "texture": "#light" },
				"east": { "uv": [ 10.75, 0.5, 12.25, 3 ], "texture": "#light" }
			}
		},
		{
			"__comment": "Box1",
			"from": [ 10.75, -3, 7.25 ],
			"to": [ 12.25, -0.5, 8.75 ],
			"faces": {
				"down": { "uv": [ 10.75, 7.25, 12.25, 8.75 ], "texture": "#light" },
				"up": { "uv": [ 10.75, 7.25, 12.25, 8.75 ], "texture": "#light" },
				"north": { "uv": [ 3.75, 0.5, 5.25, 3 ], "texture": "#light" },
				"south": { "uv": [ 10.75, 0.5, 12.25, 3 ], "texture": "#light" },
				"west": { "uv": [ 7.25, 0.5, 8.75, 3 ], "texture": "#light" },
				"east": { "uv": [ 7.25, 0.5, 8.75, 3 ], "texture": "#light" }
			}
		},
		{
			"__comment": "PlaneX100",
			"from": [ 0.75, 0, 1.5 ],
			"to": [ 0.751, 2, 14.5 ],
			"faces": {
				"west": { "uv": [ 1.5, 14, 14.5, 16 ], "texture": "#glass" }
			}
		},
		{
			"__comment": "PlaneX100",
			"from": [ 0.75, -3.5, 1.5 ],
			"to": [ 0.751, 0, 14.5 ],
			"faces": {
				"west": { "uv": [ 1.5, 0, 14.5, 3.5 ], "texture": "#glass" }
			}
		},
		{
			"__comment": "PlaneZ102",
			"from": [ 1.5, 0, 0.75 ],
			"to": [ 14.5, 2, 0.751 ],
			"faces": {
				"north": { "uv": [ 1.5, 14, 14.5, 16 ], "texture": "#glass" }
			}
		},
		{
			"__comment": "PlaneZ102",
			"from": [ 1.5, -3.5, 0.75 ],
			"to": [ 14.5, 0, 0.751 ],
			"faces": {
				"north": { "uv": [ 1.5, 0, 14.5, 3.5 ], "texture": "#glass" }
			}
		},
		{
			"__comment": "PlaneX100",
			"from": [ 15.25, -3.5, 1.5 ],
			"to": [ 15.251, 0, 14.5 ],
			"faces": {
				"east": { "uv": [ 1.5, 0, 14.5, 3.5 ], "texture": "#glass" }
			}
		},
		{
			"__comment": "PlaneX100",
			"from": [ 15.25, 0, 1.5 ],
			"to": [ 15.251, 2, 14.5 ],
			"faces": {
				"east": { "uv": [ 1.5, 14, 14.5, 16 ], "texture": "#glass" }
			}
		},
		{
			"__comment": "PlaneZ102",
			"from": [ 1.5, -3.5, 15.25 ],
			"to": [ 14.5, 0, 15.251 ],
			"faces": {
				"south": { "uv": [ 1.5, 0, 14.5, 3.5 ], "texture": "#glass" }
			}
		},
		{
			"__comment": "PlaneZ102",
			"from": [ 1.5, 0, 15.25 ],
			"to": [ 14.5, 2, 15.251 ],
			"faces": {
				"south": { "uv": [ 1.5, 14, 14.5, 16 ], "texture": "#glass" }
			}
		}
	],
	"display": {
		"head": {
			"translation":  [ 0, -4.8, 0 ],
			"scale":  [ 1.6, 1.6, 1.6 ]
		}
	}
}