{
	"__comment": "Model generated using MrCrayfish's Model Creator (http://mrcrayfish.com/modelcreator/)",
	"textures": {
		"paper": "#paper",
		"bow": "#bow"
	},
	"elements": [ 	 
		{
			"from": [ 5, 18, 5 ],
			"to": [ 11, 20, 11 ],
			"faces": {
				"down": { "uv": [ 5, 5, 11, 11 ], "texture": "#bow" },
				"up": { "uv": [ 5, 5, 11, 11 ], "texture": "#bow" },
				"north": { "uv": [ 5, 12, 11, 14 ], "texture": "#bow" },
				"south": { "uv": [ 5, 12, 11, 14 ], "texture": "#bow" },
				"west": { "uv": [ 5, 12, 11, 14 ], "texture": "#bow" },
				"east": { "uv": [ 5, 12, 11, 14 ], "texture": "#bow" }
			}
		},
		{
			"from": [ 13.3136, 18, 3.0711 ],
			"to": [ 19.3136, 19, 15.0711 ],
			"rotation": { "origin": [ 19.3137, 18, 15.0711 ], "axis": "y", "angle": 45 },
			"faces": {
				"down": { "uv": [ 7.3136, 0.9288998, 13.3136, 12.9289 ], "texture": "#bow" },
				"up": { "uv": [ 7.3136, 3.0711, 13.3136, 15.0711 ], "texture": "#bow" },
				"north": { "uv": [ 2.6864, 13, 8.6864, 14 ], "texture": "#bow" },
				"south": { "uv": [ 7.3136, 13, 13.3136, 14 ], "texture": "#bow" },
				"west": { "uv": [ 3.0711, 13, 15.0711, 14 ], "texture": "#bow" },
				"east": { "uv": [ 0.9288998, 13, 12.9289, 14 ], "texture": "#bow" }
			}
		},
		{
			"from": [ 5.1715, 17.999, 6.5858 ],
			"to": [ 11.1715, 18.999, 18.5858 ],
			"rotation": { "origin": [ 5.1716, 17.999, 6.5858 ], "axis": "y", "angle": -45 },
			"faces": {
				"down": { "uv": [ 5.17148, 0, 11.17148, 9.4142 ], "texture": "#bow" },
				"up": { "uv": [ 5.17148, 6.5858, 11.17148, 16 ], "texture": "#bow" },
				"north": { "uv": [ 4.82852, 13.001, 10.82852, 14.001 ], "texture": "#bow" },
				"south": { "uv": [ 5.17148, 13.001, 11.17148, 14.001 ], "texture": "#bow" },
				"west": { "uv": [ 6.5858, 13.001, 16, 14.001 ], "texture": "#bow" },
				"east": { "uv": [ 0, 13.001, 9.4142, 14.001 ], "texture": "#bow" }
			}
		},
		{
			"from": [ 8, 0, -4 ],
			"to": [ 20, 18, 8 ],
			"faces": {
				"down": { "uv": [ 8, 8, 16, 16 ], "texture": "#paper" },
				"up": { "uv": [ 8, 0, 16, 8 ], "texture": "#paper" },
				"north": { "uv": [ 0, 0, 8, 16 ], "texture": "#paper" },
				"south": { "uv": [ 8, 0, 16, 16 ], "texture": "#paper" },
				"west": { "uv": [ 0, 0, 8, 16 ], "texture": "#paper" },
				"east": { "uv": [ 8, 0, 16, 16 ], "texture": "#paper" }
			}
		},
		{
			"from": [ -4, 0, 8 ],
			"to": [ 8, 18, 20 ],
			"faces": {
				"down": { "uv": [ 0, 0, 8, 8 ], "texture": "#paper" },
				"up": { "uv": [ 0, 8, 8, 16 ], "texture": "#paper" },
				"north": { "uv": [ 8, 0, 16, 16 ], "texture": "#paper" },
				"south": { "uv": [ 0, 0, 8, 16 ], "texture": "#paper" },
				"west": { "uv": [ 8, 0, 16, 16 ], "texture": "#paper" },
				"east": { "uv": [ 0, 0, 8, 16 ], "texture": "#paper" }
			}
		},
		{
			"from": [ -4, 0, -4 ],
			"to": [ 8, 18, 8 ],
			"faces": {
				"down": { "uv": [ 0, 8, 8, 16 ], "texture": "#paper" },
				"up": { "uv": [ 0, 0, 8, 8 ], "texture": "#paper" },
				"north": { "uv": [ 8, 0, 16, 16 ], "texture": "#paper" },
				"south": { "uv": [ 0, 0, 8, 16 ], "texture": "#paper" },
				"west": { "uv": [ 0, 0, 8, 16 ], "texture": "#paper" },
				"east": { "uv": [ 8, 0, 16, 16 ], "texture": "#paper" }
			}
		},
		{
			"from": [ 8, 0, 8 ],
			"to": [ 20, 18, 20 ],
			"faces": {
				"down": { "uv": [ 8, 0, 16, 8 ], "texture": "#paper" },
				"up": { "uv": [ 8, 8, 16, 16 ], "texture": "#paper" },
				"north": { "uv": [ 0, 0, 8, 16 ], "texture": "#paper" },
				"south": { "uv": [ 8, 0, 16, 16 ], "texture": "#paper" },
				"west": { "uv": [ 8, 0, 16, 16 ], "texture": "#paper" },
				"east": { "uv": [ 0, 0, 8, 16 ], "texture": "#paper" }
			}
		},
		{
			"from": [ 4, -0.101, 7.9938 ],
			"to": [ 12, 18.099, 20.0938 ],
			"faces": {
				"down": { "uv": [ 4, 0, 12, 8.0062 ], "texture": "#bow" },
				"up": { "uv": [ 4, 7.9938, 12, 16 ], "texture": "#bow" },
				"north": { "uv": [ 4, 0, 12, 16 ], "texture": "#bow" },
				"south": { "uv": [ 4, 0, 12, 16 ], "texture": "#bow" },
				"west": { "uv": [ 7.9938, 0, 16, 16 ], "texture": "#bow" },
				"east": { "uv": [ 0, 0, 8.0062, 16 ], "texture": "#bow" }
			}
		},
		{
			"from": [ 4, -0.101, -4.1 ],
			"to": [ 12, 18.099, 8 ],
			"faces": {
				"down": { "uv": [ 4, 8, 12, 16 ], "texture": "#bow" },
				"up": { "uv": [ 4, 0, 12, 8 ], "texture": "#bow" },
				"north": { "uv": [ 4, 0, 12, 16 ], "texture": "#bow" },
				"south": { "uv": [ 4, 0, 12, 16 ], "texture": "#bow" },
				"west": { "uv": [ 0, 0, 8, 16 ], "texture": "#bow" },
				"east": { "uv": [ 8, 0, 16, 16 ], "texture": "#bow" }
			}
		},
		{
			"from": [ 8, -0.09999999, 4 ],
			"to": [ 20.1, 18.1, 12 ],
			"faces": {
				"down": { "uv": [ 8, 4, 16, 12 ], "texture": "#bow" },
				"up": { "uv": [ 8, 4, 16, 12 ], "texture": "#bow" },
				"north": { "uv": [ 0, 0, 8, 16 ], "texture": "#bow" },
				"south": { "uv": [ 8, 0, 16, 16 ], "texture": "#bow" },
				"west": { "uv": [ 4, 0, 12, 16 ], "texture": "#bow" },
				"east": { "uv": [ 4, 0, 12, 16 ], "texture": "#bow" }
			}
		},
		{
			"from": [ -4.0938, -0.09999999, 4 ],
			"to": [ 8.006201, 18.1, 12 ],
			"faces": {
				"down": { "uv": [ 0, 4, 8.006201, 12 ], "texture": "#bow" },
				"up": { "uv": [ 0, 4, 8.006201, 12 ], "texture": "#bow" },
				"north": { "uv": [ 7.9938, 0, 16, 16 ], "texture": "#bow" },
				"south": { "uv": [ 0, 0, 8.006201, 16 ], "texture": "#bow" },
				"west": { "uv": [ 4, 0, 12, 16 ], "texture": "#bow" },
				"east": { "uv": [ 4, 0, 12, 16 ], "texture": "#bow" }
			}
		},
		{
			"from": [ -2.0986, 26.0987, 4.999 ],
			"to": [ 7.940402, 27.0987, 10.999 ],
			"rotation": { "origin": [ -2.098598, 26.0987, 10.999 ], "axis": "z", "angle": -45 },
			"faces": {
				"down": { "uv": [ 5.901401, 5.001, 15.9404, 11.001 ], "texture": "#bow" },
				"up": { "uv": [ 5.901401, 4.999001, 15.9404, 10.999 ], "texture": "#bow" },
				"north": { "uv": [ 0.05959797, 4.901299, 10.0986, 5.901299 ], "texture": "#bow" },
				"south": { "uv": [ 5.901401, 4.901299, 15.9404, 5.901299 ], "texture": "#bow" },
				"west": { "uv": [ 4.999, 4.901299, 10.999, 5.901299 ], "texture": "#bow" },
				"east": { "uv": [ 5.001, 4.901299, 11.001, 5.901299 ], "texture": "#bow" }
			}
		},
		{
			"from": [ -4.1033, 21.5901, 4.999 ],
			"to": [ 5.8967, 22.5901, 10.999 ],
			"rotation": { "origin": [ -4.103297, 21.5901, 19.3137 ], "axis": "z", "angle": -22.5 },
			"faces": {
				"down": { "uv": [ 3.8967, 5.000999, 13.8967, 11.001 ], "texture": "#bow" },
				"up": { "uv": [ 3.8967, 4.999001, 13.8967, 10.999 ], "texture": "#bow" },
				"north": { "uv": [ 2.1033, 9.409899, 12.1033, 10.4099 ], "texture": "#bow" },
				"south": { "uv": [ 3.8967, 9.409899, 13.8967, 10.4099 ], "texture": "#bow" },
				"west": { "uv": [ 4.999001, 9.409899, 10.999, 10.4099 ], "texture": "#bow" },
				"east": { "uv": [ 5.001, 9.409899, 11.001, 10.4099 ], "texture": "#bow" }
			}
		},
		{
			"from": [ -4.1, 21.6, 5.001 ],
			"to": [ -3.1, 24.1, 11.001 ],
			"faces": {
				"down": { "uv": [ 3.9, 4.999, 4.9, 10.999 ], "texture": "#bow" },
				"up": { "uv": [ 3.9, 5.000999, 4.9, 11.001 ], "texture": "#bow" },
				"north": { "uv": [ 11.1, 7.9, 12.1, 10.4 ], "texture": "#bow" },
				"south": { "uv": [ 3.9, 7.9, 4.9, 10.4 ], "texture": "#bow" },
				"west": { "uv": [ 5.001, 7.9, 11.001, 10.4 ], "texture": "#bow" },
				"east": { "uv": [ 4.999, 7.9, 10.999, 10.4 ], "texture": "#bow" }
			}
		},
		{
			"from": [ -4.1, 24.1, 5 ],
			"to": [ -3.1, 27.6, 11 ],
			"rotation": { "origin": [ -4.099998, 24.1, 11 ], "axis": "z", "angle": -45 },
			"faces": {
				"down": { "uv": [ 3.900001, 5, 4.900001, 11 ], "texture": "#bow" },
				"up": { "uv": [ 3.900001, 5, 4.900001, 11 ], "texture": "#bow" },
				"north": { "uv": [ 11.1, 4.399998, 12.1, 7.899998 ], "texture": "#bow" },
				"south": { "uv": [ 3.900001, 4.399998, 4.900001, 7.899998 ], "texture": "#bow" },
				"west": { "uv": [ 5, 4.399998, 11, 7.899998 ], "texture": "#bow" },
				"east": { "uv": [ 5, 4.399998, 11, 7.899998 ], "texture": "#bow" }
			}
		},
		{
			"from": [ 8.0596, 26.0987, 5.001 ],
			"to": [ 18.0986, 27.0987, 11.001 ],
			"rotation": { "origin": [ 18.0986, 26.0987, 5.000999 ], "axis": "z", "angle": 45 },
			"faces": {
				"down": { "uv": [ 4.999956, 4.999, 15.03896, 10.999 ], "texture": "#bow" },
				"up": { "uv": [ 4.999956, 5.000999, 15.03896, 11.001 ], "texture": "#bow" },
				"north": { "uv": [ 0.9610434, 11.99995, 11.00004, 12.99995 ], "texture": "#bow" },
				"south": { "uv": [ 4.999956, 11.99995, 15.03896, 12.99995 ], "texture": "#bow" },
				"west": { "uv": [ 5.001, 11.99995, 11.001, 12.99995 ], "texture": "#bow" },
				"east": { "uv": [ 4.999, 11.99995, 10.999, 12.99995 ], "texture": "#bow" }
			}
		},
		{
			"from": [ 19.1, 24.1, 5 ],
			"to": [ 20.1, 27.6, 11 ],
			"rotation": { "origin": [ 20.1, 24.1, 5 ], "axis": "z", "angle": 45 },
			"faces": {
				"down": { "uv": [ 13.39289, 5, 14.39289, 11 ], "texture": "#bow" },
				"up": { "uv": [ 13.39289, 5, 14.39289, 11 ], "texture": "#bow" },
				"north": { "uv": [ 1.607107, 5.107107, 2.607107, 8.607107 ], "texture": "#bow" },
				"south": { "uv": [ 13.39289, 5.107107, 14.39289, 8.607107 ], "texture": "#bow" },
				"west": { "uv": [ 5, 5.107107, 11, 8.607107 ], "texture": "#bow" },
				"east": { "uv": [ 5, 5.107107, 11, 8.607107 ], "texture": "#bow" }
			}
		},
		{
			"from": [ 19.1, 21.6, 4.999 ],
			"to": [ 20.1, 24.1, 10.999 ],
			"faces": {
				"down": { "uv": [ 13.1, 5.001, 14.1, 11.001 ], "texture": "#bow" },
				"up": { "uv": [ 13.1, 4.999001, 14.1, 10.999 ], "texture": "#bow" },
				"north": { "uv": [ 1.9, 7.9, 2.9, 10.4 ], "texture": "#bow" },
				"south": { "uv": [ 13.1, 7.9, 14.1, 10.4 ], "texture": "#bow" },
				"west": { "uv": [ 4.999, 7.9, 10.999, 10.4 ], "texture": "#bow" },
				"east": { "uv": [ 5.001, 7.9, 11.001, 10.4 ], "texture": "#bow" }
			}
		},
		{
			"from": [ 10.1033, 21.5901, 5.001 ],
			"to": [ 20.1033, 22.5901, 11.001 ],
			"rotation": { "origin": [ 20.1033, 21.5901, -3.3137 ], "axis": "z", "angle": 22.5 },
			"faces": {
				"down": { "uv": [ 4.864505, 4.998999, 14.8645, 10.999 ], "texture": "#bow" },
				"up": { "uv": [ 4.864505, 5.001, 14.8645, 11.001 ], "texture": "#bow" },
				"north": { "uv": [ 1.135495, 13.23673, 11.1355, 14.23673 ], "texture": "#bow" },
				"south": { "uv": [ 4.864505, 13.23673, 14.8645, 14.23673 ], "texture": "#bow" },
				"west": { "uv": [ 5.001, 13.23673, 11.001, 14.23673 ], "texture": "#bow" },
				"east": { "uv": [ 4.998999, 13.23673, 10.999, 14.23673 ], "texture": "#bow" }
			}
		}
	]
}