{
	"__comment": "Designed by Ersatz with Cubik Studio - https://cubik.studio",
	"textures": {
		"metal": "blocks/anvil_base",
		"wood": "blocks/planks_spruce",
		"metal2": "blocks/concrete_gray",
		"glass": "decoration/indoor_lights/glass",
		"light": "decoration/indoor_lights/light"
	},
	"elements": [ 	 
		{
			"__comment": "Box1",
			"from": [ 27.5, 0, 3 ],
			"to": [ 28, 6, 4 ],
			"faces": {
				"down": { "uv": [ 11.5, 12, 12, 13 ], "texture": "#metal2" },
				"up": { "uv": [ 11.5, 3, 12, 4 ], "texture": "#metal2" },
				"north": { "uv": [ 4, 10, 4.5, 16 ], "texture": "#metal2" },
				"south": { "uv": [ 11.5, 10, 12, 16 ], "texture": "#metal2" },
				"west": { "uv": [ 3, 10, 4, 16 ], "texture": "#metal2" },
				"east": { "uv": [ 12, 10, 13, 16 ], "texture": "#metal2" }
			}
		},
		{
			"__comment": "Box1",
			"from": [ 6.5, 13.5, -9.5 ],
			"to": [ 9.5, 14, -6.5 ],
			"faces": {
				"down": { "uv": [ 6.5, 6.5, 9.5, 9.5 ], "texture": "#metal" },
				"up": { "uv": [ 6.5, 6.5, 9.5, 9.5 ], "texture": "#metal" },
				"north": { "uv": [ 6.5, 2, 9.5, 2.5 ], "texture": "#metal" },
				"south": { "uv": [ 6.5, 2, 9.5, 2.5 ], "texture": "#metal" },
				"west": { "uv": [ 6.5, 2, 9.5, 2.5 ], "texture": "#metal" },
				"east": { "uv": [ 6.5, 2, 9.5, 2.5 ], "texture": "#metal" }
			}
		},
		{
			"__comment": "Box1",
			"from": [ 22.75, -3.5, 6.75 ],
			"to": [ 25.25, 0.5, 9.25 ],
			"faces": {
				"down": { "uv": [ 6.75, 6.75, 9.25, 9.25 ], "texture": "#light" },
				"up": { "uv": [ 6.75, 6.75, 9.25, 9.25 ], "texture": "#light" },
				"north": { "uv": [ 6.75, 15.5, 9.25, 16 ], "texture": "#light" },
				"south": { "uv": [ 6.75, 15.5, 9.25, 16 ], "texture": "#light" },
				"west": { "uv": [ 6.75, 15.5, 9.25, 16 ], "texture": "#light" },
				"east": { "uv": [ 6.75, 15.5, 9.25, 16 ], "texture": "#light" }
			}
		},
		{
			"__comment": "Box1",
			"from": [ 19, 0, 11.5 ],
			"to": [ 20, 6, 13 ],
			"faces": {
				"down": { "uv": [ 3, 3, 4, 4.5 ], "texture": "#metal2" },
				"up": { "uv": [ 3, 11.5, 4, 13 ], "texture": "#metal2" },
				"north": { "uv": [ 12, 10, 13, 16 ], "texture": "#metal2" },
				"south": { "uv": [ 3, 10, 4, 16 ], "texture": "#metal2" },
				"west": { "uv": [ 11.5, 10, 13, 16 ], "texture": "#metal2" },
				"east": { "uv": [ 3, 10, 4.5, 16 ], "texture": "#metal2" }
			}
		},
		{
			"__comment": "Box1",
			"from": [ 19, 0, 3 ],
			"to": [ 20, 6, 4.5 ],
			"faces": {
				"down": { "uv": [ 3, 11.5, 4, 13 ], "texture": "#metal2" },
				"up": { "uv": [ 3, 3, 4, 4.5 ], "texture": "#metal2" },
				"north": { "uv": [ 12, 10, 13, 16 ], "texture": "#metal2" },
				"south": { "uv": [ 3, 10, 4, 16 ], "texture": "#metal2" },
				"west": { "uv": [ 3, 10, 4.5, 16 ], "texture": "#metal2" },
				"east": { "uv": [ 11.5, 10, 13, 16 ], "texture": "#metal2" }
			}
		},
		{
			"__comment": "Box1",
			"from": [ 19, -6, 3 ],
			"to": [ 20, 0, 4.5 ],
			"faces": {
				"down": { "uv": [ 3, 11.5, 4, 13 ], "texture": "#metal2" },
				"up": { "uv": [ 3, 3, 4, 4.5 ], "texture": "#metal2" },
				"north": { "uv": [ 12, 0, 13, 6 ], "texture": "#metal2" },
				"south": { "uv": [ 3, 0, 4, 6 ], "texture": "#metal2" },
				"west": { "uv": [ 3, 0, 4.5, 6 ], "texture": "#metal2" },
				"east": { "uv": [ 11.5, 0, 13, 6 ], "texture": "#metal2" }
			}
		},
		{
			"__comment": "Box1",
			"from": [ 28, 0, 11.5 ],
			"to": [ 29, 6, 13 ],
			"faces": {
				"down": { "uv": [ 12, 3, 13, 4.5 ], "texture": "#metal2" },
				"up": { "uv": [ 12, 11.5, 13, 13 ], "texture": "#metal2" },
				"north": { "uv": [ 3, 10, 4, 16 ], "texture": "#metal2" },
				"south": { "uv": [ 12, 10, 13, 16 ], "texture": "#metal2" },
				"west": { "uv": [ 11.5, 10, 13, 16 ], "texture": "#metal2" },
				"east": { "uv": [ 3, 10, 4.5, 16 ], "texture": "#metal2" }
			}
		},
		{
			"__comment": "Box1",
			"from": [ 27.5, 0, 12 ],
			"to": [ 28, 6, 13 ],
			"faces": {
				"down": { "uv": [ 11.5, 3, 12, 4 ], "texture": "#metal2" },
				"up": { "uv": [ 11.5, 12, 12, 13 ], "texture": "#metal2" },
				"north": { "uv": [ 4, 10, 4.5, 16 ], "texture": "#metal2" },
				"south": { "uv": [ 11.5, 10, 12, 16 ], "texture": "#metal2" },
				"west": { "uv": [ 12, 10, 13, 16 ], "texture": "#metal2" },
				"east": { "uv": [ 3, 10, 4, 16 ], "texture": "#metal2" }
			}
		},
		{
			"__comment": "Box1",
			"from": [ 28, 4.5, 4.5 ],
			"to": [ 29, 6, 11.5 ],
			"faces": {
				"down": { "uv": [ 12, 4.5, 13, 11.5 ], "texture": "#metal2" },
				"up": { "uv": [ 12, 4.5, 13, 11.5 ], "texture": "#metal2" },
				"north": { "uv": [ 3, 10, 4, 11.5 ], "texture": "#metal2" },
				"south": { "uv": [ 12, 10, 13, 11.5 ], "texture": "#metal2" },
				"west": { "uv": [ 4.5, 10, 11.5, 11.5 ], "texture": "#metal2" },
				"east": { "uv": [ 4.5, 10, 11.5, 11.5 ], "texture": "#metal2" }
			}
		},
		{
			"__comment": "Box1",
			"from": [ 27.5, -6, 3 ],
			"to": [ 28, 0, 4 ],
			"faces": {
				"down": { "uv": [ 11.5, 12, 12, 13 ], "texture": "#metal2" },
				"up": { "uv": [ 11.5, 3, 12, 4 ], "texture": "#metal2" },
				"north": { "uv": [ 4, 0, 4.5, 6 ], "texture": "#metal2" },
				"south": { "uv": [ 11.5, 0, 12, 6 ], "texture": "#metal2" },
				"west": { "uv": [ 3, 0, 4, 6 ], "texture": "#metal2" },
				"east": { "uv": [ 12, 0, 13, 6 ], "texture": "#metal2" }
			}
		},
		{
			"__comment": "Box1",
			"from": [ 20, 0, 12 ],
			"to": [ 20.5, 6, 13 ],
			"faces": {
				"down": { "uv": [ 4, 3, 4.5, 4 ], "texture": "#metal2" },
				"up": { "uv": [ 4, 12, 4.5, 13 ], "texture": "#metal2" },
				"north": { "uv": [ 11.5, 10, 12, 16 ], "texture": "#metal2" },
				"south": { "uv": [ 4, 10, 4.5, 16 ], "texture": "#metal2" },
				"west": { "uv": [ 12, 10, 13, 16 ], "texture": "#metal2" },
				"east": { "uv": [ 3, 10, 4, 16 ], "texture": "#metal2" }
			}
		},
		{
			"__comment": "Box1",
			"from": [ 20.5, 4.5, 3 ],
			"to": [ 27.5, 6, 4 ],
			"faces": {
				"down": { "uv": [ 4.5, 12, 11.5, 13 ], "texture": "#metal2" },
				"up": { "uv": [ 4.5, 3, 11.5, 4 ], "texture": "#metal2" },
				"north": { "uv": [ 4.5, 10, 11.5, 11.5 ], "texture": "#metal2" },
				"south": { "uv": [ 4.5, 10, 11.5, 11.5 ], "texture": "#metal2" },
				"west": { "uv": [ 3, 10, 4, 11.5 ], "texture": "#metal2" },
				"east": { "uv": [ 12, 10, 13, 11.5 ], "texture": "#metal2" }
			}
		},
		{
			"__comment": "Box1",
			"from": [ 20, 4.5, 4 ],
			"to": [ 28, 6, 12 ],
			"faces": {
				"down": { "uv": [ 4, 4, 12, 12 ], "texture": "#metal2" },
				"up": { "uv": [ 4, 4, 12, 12 ], "texture": "#metal2" },
				"north": { "uv": [ 4, 10, 12, 11.5 ], "texture": "#metal2" },
				"south": { "uv": [ 4, 10, 12, 11.5 ], "texture": "#metal2" },
				"west": { "uv": [ 4, 10, 12, 11.5 ], "texture": "#metal2" },
				"east": { "uv": [ 4, 10, 12, 11.5 ], "texture": "#metal2" }
			}
		},
		{
			"__comment": "Box1",
			"from": [ 29, 4.5, 3 ],
			"to": [ 31, 5, 13 ],
			"faces": {
				"down": { "uv": [ 13, 3, 15, 13 ], "texture": "#metal2" },
				"up": { "uv": [ 13, 3, 15, 13 ], "texture": "#metal2" },
				"north": { "uv": [ 1, 11, 3, 11.5 ], "texture": "#metal2" },
				"south": { "uv": [ 13, 11, 15, 11.5 ], "texture": "#metal2" },
				"west": { "uv": [ 3, 11, 13, 11.5 ], "texture": "#metal2" },
				"east": { "uv": [ 3, 11, 13, 11.5 ], "texture": "#metal2" }
			}
		},
		{
			"__comment": "Box1",
			"from": [ 19, 4.5, 4.5 ],
			"to": [ 20, 6, 11.5 ],
			"faces": {
				"down": { "uv": [ 3, 4.5, 4, 11.5 ], "texture": "#metal2" },
				"up": { "uv": [ 3, 4.5, 4, 11.5 ], "texture": "#metal2" },
				"north": { "uv": [ 12, 10, 13, 11.5 ], "texture": "#metal2" },
				"south": { "uv": [ 3, 10, 4, 11.5 ], "texture": "#metal2" },
				"west": { "uv": [ 4.5, 10, 11.5, 11.5 ], "texture": "#metal2" },
				"east": { "uv": [ 4.5, 10, 11.5, 11.5 ], "texture": "#metal2" }
			}
		},
		{
			"__comment": "Box1",
			"from": [ 20.5, -6, 4 ],
			"to": [ 27.5, -5.5, 4.5 ],
			"faces": {
				"down": { "uv": [ 4.5, 11.5, 11.5, 12 ], "texture": "#metal2" },
				"up": { "uv": [ 4.5, 4, 11.5, 4.5 ], "texture": "#metal2" },
				"north": { "uv": [ 4.5, 5.5, 11.5, 6 ], "texture": "#metal2" },
				"south": { "uv": [ 4.5, 5.5, 11.5, 6 ], "texture": "#metal2" },
				"west": { "uv": [ 4, 5.5, 4.5, 6 ], "texture": "#metal2" },
				"east": { "uv": [ 11.5, 5.5, 12, 6 ], "texture": "#metal2" }
			}
		},
		{
			"__comment": "Box1",
			"from": [ 28, 0, 3 ],
			"to": [ 29, 6, 4.5 ],
			"faces": {
				"down": { "uv": [ 12, 11.5, 13, 13 ], "texture": "#metal2" },
				"up": { "uv": [ 12, 3, 13, 4.5 ], "texture": "#metal2" },
				"north": { "uv": [ 3, 10, 4, 16 ], "texture": "#metal2" },
				"south": { "uv": [ 12, 10, 13, 16 ], "texture": "#metal2" },
				"west": { "uv": [ 3, 10, 4.5, 16 ], "texture": "#metal2" },
				"east": { "uv": [ 11.5, 10, 13, 16 ], "texture": "#metal2" }
			}
		},
		{
			"__comment": "Box1",
			"from": [ 28, -6, 3 ],
			"to": [ 29, 0, 4.5 ],
			"faces": {
				"down": { "uv": [ 12, 11.5, 13, 13 ], "texture": "#metal2" },
				"up": { "uv": [ 12, 3, 13, 4.5 ], "texture": "#metal2" },
				"north": { "uv": [ 3, 0, 4, 6 ], "texture": "#metal2" },
				"south": { "uv": [ 12, 0, 13, 6 ], "texture": "#metal2" },
				"west": { "uv": [ 3, 0, 4.5, 6 ], "texture": "#metal2" },
				"east": { "uv": [ 11.5, 0, 13, 6 ], "texture": "#metal2" }
			}
		},
		{
			"__comment": "Box1",
			"from": [ 28, -6, 11.5 ],
			"to": [ 29, 0, 13 ],
			"faces": {
				"down": { "uv": [ 12, 3, 13, 4.5 ], "texture": "#metal2" },
				"up": { "uv": [ 12, 11.5, 13, 13 ], "texture": "#metal2" },
				"north": { "uv": [ 3, 0, 4, 6 ], "texture": "#metal2" },
				"south": { "uv": [ 12, 0, 13, 6 ], "texture": "#metal2" },
				"west": { "uv": [ 11.5, 0, 13, 6 ], "texture": "#metal2" },
				"east": { "uv": [ 3, 0, 4.5, 6 ], "texture": "#metal2" }
			}
		},
		{
			"__comment": "Box1",
			"from": [ 19, -6, 11.5 ],
			"to": [ 20, 0, 13 ],
			"faces": {
				"down": { "uv": [ 3, 3, 4, 4.5 ], "texture": "#metal2" },
				"up": { "uv": [ 3, 11.5, 4, 13 ], "texture": "#metal2" },
				"north": { "uv": [ 12, 0, 13, 6 ], "texture": "#metal2" },
				"south": { "uv": [ 3, 0, 4, 6 ], "texture": "#metal2" },
				"west": { "uv": [ 11.5, 0, 13, 6 ], "texture": "#metal2" },
				"east": { "uv": [ 3, 0, 4.5, 6 ], "texture": "#metal2" }
			}
		},
		{
			"__comment": "Box1",
			"from": [ 20, 0, 3 ],
			"to": [ 20.5, 6, 4 ],
			"faces": {
				"down": { "uv": [ 4, 12, 4.5, 13 ], "texture": "#metal2" },
				"up": { "uv": [ 4, 3, 4.5, 4 ], "texture": "#metal2" },
				"north": { "uv": [ 11.5, 10, 12, 16 ], "texture": "#metal2" },
				"south": { "uv": [ 4, 10, 4.5, 16 ], "texture": "#metal2" },
				"west": { "uv": [ 3, 10, 4, 16 ], "texture": "#metal2" },
				"east": { "uv": [ 12, 10, 13, 16 ], "texture": "#metal2" }
			}
		},
		{
			"__comment": "Box1",
			"from": [ 20, -6, 3 ],
			"to": [ 20.5, 0, 4 ],
			"faces": {
				"down": { "uv": [ 4, 12, 4.5, 13 ], "texture": "#metal2" },
				"up": { "uv": [ 4, 3, 4.5, 4 ], "texture": "#metal2" },
				"north": { "uv": [ 11.5, 0, 12, 6 ], "texture": "#metal2" },
				"south": { "uv": [ 4, 0, 4.5, 6 ], "texture": "#metal2" },
				"west": { "uv": [ 3, 0, 4, 6 ], "texture": "#metal2" },
				"east": { "uv": [ 12, 0, 13, 6 ], "texture": "#metal2" }
			}
		},
		{
			"__comment": "Box1",
			"from": [ 27.5, -6, 12 ],
			"to": [ 28, 0, 13 ],
			"faces": {
				"down": { "uv": [ 11.5, 3, 12, 4 ], "texture": "#metal2" },
				"up": { "uv": [ 11.5, 12, 12, 13 ], "texture": "#metal2" },
				"north": { "uv": [ 4, 0, 4.5, 6 ], "texture": "#metal2" },
				"south": { "uv": [ 11.5, 0, 12, 6 ], "texture": "#metal2" },
				"west": { "uv": [ 12, 0, 13, 6 ], "texture": "#metal2" },
				"east": { "uv": [ 3, 0, 4, 6 ], "texture": "#metal2" }
			}
		},
		{
			"__comment": "Box1",
			"from": [ 20, -6, 12 ],
			"to": [ 20.5, 0, 13 ],
			"faces": {
				"down": { "uv": [ 4, 3, 4.5, 4 ], "texture": "#metal2" },
				"up": { "uv": [ 4, 12, 4.5, 13 ], "texture": "#metal2" },
				"north": { "uv": [ 11.5, 0, 12, 6 ], "texture": "#metal2" },
				"south": { "uv": [ 4, 0, 4.5, 6 ], "texture": "#metal2" },
				"west": { "uv": [ 12, 0, 13, 6 ], "texture": "#metal2" },
				"east": { "uv": [ 3, 0, 4, 6 ], "texture": "#metal2" }
			}
		},
		{
			"__comment": "Box1",
			"from": [ 28, -1, 4.5 ],
			"to": [ 28.5, 0, 11.5 ],
			"faces": {
				"down": { "uv": [ 12, 4.5, 12.5, 11.5 ], "texture": "#metal2" },
				"up": { "uv": [ 12, 4.5, 12.5, 11.5 ], "texture": "#metal2" },
				"north": { "uv": [ 3.5, 0, 4, 1 ], "texture": "#metal2" },
				"south": { "uv": [ 12, 0, 12.5, 1 ], "texture": "#metal2" },
				"west": { "uv": [ 4.5, 0, 11.5, 1 ], "texture": "#metal2" },
				"east": { "uv": [ 4.5, 0, 11.5, 1 ], "texture": "#metal2" }
			}
		},
		{
			"__comment": "Box1",
			"from": [ 20, -6, 4 ],
			"to": [ 20.5, -5.5, 12 ],
			"faces": {
				"down": { "uv": [ 4, 4, 4.5, 12 ], "texture": "#metal2" },
				"up": { "uv": [ 4, 4, 4.5, 12 ], "texture": "#metal2" },
				"north": { "uv": [ 11.5, 5.5, 12, 6 ], "texture": "#metal2" },
				"south": { "uv": [ 4, 5.5, 4.5, 6 ], "texture": "#metal2" },
				"west": { "uv": [ 4, 5.5, 12, 6 ], "texture": "#metal2" },
				"east": { "uv": [ 4, 5.5, 12, 6 ], "texture": "#metal2" }
			}
		},
		{
			"__comment": "Box1",
			"from": [ 20.5, -6, 11.5 ],
			"to": [ 27.5, -5.5, 12 ],
			"faces": {
				"down": { "uv": [ 4.5, 4, 11.5, 4.5 ], "texture": "#metal2" },
				"up": { "uv": [ 4.5, 11.5, 11.5, 12 ], "texture": "#metal2" },
				"north": { "uv": [ 4.5, 5.5, 11.5, 6 ], "texture": "#metal2" },
				"south": { "uv": [ 4.5, 5.5, 11.5, 6 ], "texture": "#metal2" },
				"west": { "uv": [ 11.5, 5.5, 12, 6 ], "texture": "#metal2" },
				"east": { "uv": [ 4, 5.5, 4.5, 6 ], "texture": "#metal2" }
			}
		},
		{
			"__comment": "Box1",
			"from": [ 27.5, -6, 4 ],
			"to": [ 28, -5.5, 12 ],
			"faces": {
				"down": { "uv": [ 11.5, 4, 12, 12 ], "texture": "#metal2" },
				"up": { "uv": [ 11.5, 4, 12, 12 ], "texture": "#metal2" },
				"north": { "uv": [ 4, 5.5, 4.5, 6 ], "texture": "#metal2" },
				"south": { "uv": [ 11.5, 5.5, 12, 6 ], "texture": "#metal2" },
				"west": { "uv": [ 4, 5.5, 12, 6 ], "texture": "#metal2" },
				"east": { "uv": [ 4, 5.5, 12, 6 ], "texture": "#metal2" }
			}
		},
		{
			"__comment": "Box1",
			"from": [ 28, -6, 4.5 ],
			"to": [ 28.5, -5.5, 11.5 ],
			"faces": {
				"down": { "uv": [ 12, 4.5, 12.5, 11.5 ], "texture": "#metal2" },
				"up": { "uv": [ 12, 4.5, 12.5, 11.5 ], "texture": "#metal2" },
				"north": { "uv": [ 3.5, 5.5, 4, 6 ], "texture": "#metal2" },
				"south": { "uv": [ 12, 5.5, 12.5, 6 ], "texture": "#metal2" },
				"west": { "uv": [ 4.5, 5.5, 11.5, 6 ], "texture": "#metal2" },
				"east": { "uv": [ 4.5, 5.5, 11.5, 6 ], "texture": "#metal2" }
			}
		},
		{
			"__comment": "Box1",
			"from": [ 19.5, -6, 4.5 ],
			"to": [ 20, -5.5, 11.5 ],
			"faces": {
				"down": { "uv": [ 3.5, 4.5, 4, 11.5 ], "texture": "#metal2" },
				"up": { "uv": [ 3.5, 4.5, 4, 11.5 ], "texture": "#metal2" },
				"north": { "uv": [ 12, 5.5, 12.5, 6 ], "texture": "#metal2" },
				"south": { "uv": [ 3.5, 5.5, 4, 6 ], "texture": "#metal2" },
				"west": { "uv": [ 4.5, 5.5, 11.5, 6 ], "texture": "#metal2" },
				"east": { "uv": [ 4.5, 5.5, 11.5, 6 ], "texture": "#metal2" }
			}
		},
		{
			"__comment": "Box1",
			"from": [ 20.5, -6, 12 ],
			"to": [ 27.5, -5.5, 12.5 ],
			"faces": {
				"down": { "uv": [ 4.5, 3.5, 11.5, 4 ], "texture": "#metal2" },
				"up": { "uv": [ 4.5, 12, 11.5, 12.5 ], "texture": "#metal2" },
				"north": { "uv": [ 4.5, 5.5, 11.5, 6 ], "texture": "#metal2" },
				"south": { "uv": [ 4.5, 5.5, 11.5, 6 ], "texture": "#metal2" },
				"west": { "uv": [ 12, 5.5, 12.5, 6 ], "texture": "#metal2" },
				"east": { "uv": [ 3.5, 5.5, 4, 6 ], "texture": "#metal2" }
			}
		},
		{
			"__comment": "Box1",
			"from": [ 23.25, 0.5, 7.25 ],
			"to": [ 24.75, 4.5, 8.75 ],
			"faces": {
				"down": { "uv": [ 7.25, 7.25, 8.75, 8.75 ], "texture": "#metal" },
				"up": { "uv": [ 7.25, 7.25, 8.75, 8.75 ], "texture": "#metal" },
				"north": { "uv": [ 7.25, 11.5, 8.75, 15.5 ], "texture": "#metal" },
				"south": { "uv": [ 7.25, 11.5, 8.75, 15.5 ], "texture": "#metal" },
				"west": { "uv": [ 7.25, 11.5, 8.75, 15.5 ], "texture": "#metal" },
				"east": { "uv": [ 7.25, 11.5, 8.75, 15.5 ], "texture": "#metal" }
			}
		},
		{
			"__comment": "Box1",
			"from": [ 20.5, 4.5, 12 ],
			"to": [ 27.5, 6, 13 ],
			"faces": {
				"down": { "uv": [ 4.5, 3, 11.5, 4 ], "texture": "#metal2" },
				"up": { "uv": [ 4.5, 12, 11.5, 13 ], "texture": "#metal2" },
				"north": { "uv": [ 4.5, 10, 11.5, 11.5 ], "texture": "#metal2" },
				"south": { "uv": [ 4.5, 10, 11.5, 11.5 ], "texture": "#metal2" },
				"west": { "uv": [ 12, 10, 13, 11.5 ], "texture": "#metal2" },
				"east": { "uv": [ 3, 10, 4, 11.5 ], "texture": "#metal2" }
			}
		},
		{
			"__comment": "Box1",
			"from": [ 17, 4.5, 13 ],
			"to": [ 31, 5, 15 ],
			"faces": {
				"down": { "uv": [ 1, 1, 15, 3 ], "texture": "#metal2" },
				"up": { "uv": [ 1, 13, 15, 15 ], "texture": "#metal2" },
				"north": { "uv": [ 1, 11, 15, 11.5 ], "texture": "#metal2" },
				"south": { "uv": [ 1, 11, 15, 11.5 ], "texture": "#metal2" },
				"west": { "uv": [ 13, 11, 15, 11.5 ], "texture": "#metal2" },
				"east": { "uv": [ 1, 11, 3, 11.5 ], "texture": "#metal2" }
			}
		},
		{
			"__comment": "Box1",
			"from": [ 17, 4.5, 1 ],
			"to": [ 31, 5, 3 ],
			"faces": {
				"down": { "uv": [ 1, 13, 15, 15 ], "texture": "#metal2" },
				"up": { "uv": [ 1, 1, 15, 3 ], "texture": "#metal2" },
				"north": { "uv": [ 1, 11, 15, 11.5 ], "texture": "#metal2" },
				"south": { "uv": [ 1, 11, 15, 11.5 ], "texture": "#metal2" },
				"west": { "uv": [ 1, 11, 3, 11.5 ], "texture": "#metal2" },
				"east": { "uv": [ 13, 11, 15, 11.5 ], "texture": "#metal2" }
			}
		},
		{
			"__comment": "Box1",
			"from": [ 17, 4.5, 3 ],
			"to": [ 19, 5, 13 ],
			"faces": {
				"down": { "uv": [ 1, 3, 3, 13 ], "texture": "#metal2" },
				"up": { "uv": [ 1, 3, 3, 13 ], "texture": "#metal2" },
				"north": { "uv": [ 13, 11, 15, 11.5 ], "texture": "#metal2" },
				"south": { "uv": [ 1, 11, 3, 11.5 ], "texture": "#metal2" },
				"west": { "uv": [ 3, 11, 13, 11.5 ], "texture": "#metal2" },
				"east": { "uv": [ 3, 11, 13, 11.5 ], "texture": "#metal2" }
			}
		},
		{
			"__comment": "Box1",
			"from": [ 20.5, -6, 3.5 ],
			"to": [ 27.5, -5.5, 4 ],
			"faces": {
				"down": { "uv": [ 4.5, 12, 11.5, 12.5 ], "texture": "#metal2" },
				"up": { "uv": [ 4.5, 3.5, 11.5, 4 ], "texture": "#metal2" },
				"north": { "uv": [ 4.5, 5.5, 11.5, 6 ], "texture": "#metal2" },
				"south": { "uv": [ 4.5, 5.5, 11.5, 6 ], "texture": "#metal2" },
				"west": { "uv": [ 3.5, 5.5, 4, 6 ], "texture": "#metal2" },
				"east": { "uv": [ 12, 5.5, 12.5, 6 ], "texture": "#metal2" }
			}
		},
		{
			"__comment": "Box1",
			"from": [ 20.5, -1, 3.5 ],
			"to": [ 27.5, 0, 4 ],
			"faces": {
				"down": { "uv": [ 4.5, 12, 11.5, 12.5 ], "texture": "#metal2" },
				"up": { "uv": [ 4.5, 3.5, 11.5, 4 ], "texture": "#metal2" },
				"north": { "uv": [ 4.5, 0, 11.5, 1 ], "texture": "#metal2" },
				"south": { "uv": [ 4.5, 0, 11.5, 1 ], "texture": "#metal2" },
				"west": { "uv": [ 3.5, 0, 4, 1 ], "texture": "#metal2" },
				"east": { "uv": [ 12, 0, 12.5, 1 ], "texture": "#metal2" }
			}
		},
		{
			"__comment": "Box1",
			"from": [ 20.5, -1, 12 ],
			"to": [ 27.5, 0, 12.5 ],
			"faces": {
				"down": { "uv": [ 4.5, 3.5, 11.5, 4 ], "texture": "#metal2" },
				"up": { "uv": [ 4.5, 12, 11.5, 12.5 ], "texture": "#metal2" },
				"north": { "uv": [ 4.5, 0, 11.5, 1 ], "texture": "#metal2" },
				"south": { "uv": [ 4.5, 0, 11.5, 1 ], "texture": "#metal2" },
				"west": { "uv": [ 12, 0, 12.5, 1 ], "texture": "#metal2" },
				"east": { "uv": [ 3.5, 0, 4, 1 ], "texture": "#metal2" }
			}
		},
		{
			"__comment": "Box1",
			"from": [ 19.5, -1, 4.5 ],
			"to": [ 20, 0, 11.5 ],
			"faces": {
				"down": { "uv": [ 3.5, 4.5, 4, 11.5 ], "texture": "#metal2" },
				"up": { "uv": [ 3.5, 4.5, 4, 11.5 ], "texture": "#metal2" },
				"north": { "uv": [ 12, 0, 12.5, 1 ], "texture": "#metal2" },
				"south": { "uv": [ 3.5, 0, 4, 1 ], "texture": "#metal2" },
				"west": { "uv": [ 4.5, 0, 11.5, 1 ], "texture": "#metal2" },
				"east": { "uv": [ 4.5, 0, 11.5, 1 ], "texture": "#metal2" }
			}
		},
		{
			"__comment": "Box1",
			"from": [ -13, 14, 6 ],
			"to": [ 0, 16, 10 ],
			"faces": {
				"down": { "uv": [ 3, 6, 16, 10 ], "texture": "#wood" },
				"up": { "uv": [ 3, 6, 16, 10 ], "texture": "#wood" },
				"north": { "uv": [ 0, 0, 13, 2 ], "texture": "#wood" },
				"south": { "uv": [ 3, 0, 16, 2 ], "texture": "#wood" },
				"west": { "uv": [ 6, 0, 10, 2 ], "texture": "#wood" },
				"east": { "uv": [ 6, 0, 10, 2 ], "texture": "#wood" }
			}
		},
		{
			"__comment": "Box1",
			"from": [ 23, 7, 7 ],
			"to": [ 25, 14, 9 ],
			"faces": {
				"down": { "uv": [ 7, 7, 9, 9 ], "texture": "#metal" },
				"up": { "uv": [ 7, 7, 9, 9 ], "texture": "#metal" },
				"north": { "uv": [ 7, 2, 9, 9 ], "texture": "#metal" },
				"south": { "uv": [ 7, 2, 9, 9 ], "texture": "#metal" },
				"west": { "uv": [ 7, 2, 9, 9 ], "texture": "#metal" },
				"east": { "uv": [ 7, 2, 9, 9 ], "texture": "#metal" }
			}
		},
		{
			"__comment": "Box1",
			"from": [ 12, 0, 27.5 ],
			"to": [ 13, 6, 28 ],
			"faces": {
				"down": { "uv": [ 12, 4, 13, 4.5 ], "texture": "#metal2" },
				"up": { "uv": [ 12, 11.5, 13, 12 ], "texture": "#metal2" },
				"north": { "uv": [ 3, 10, 4, 16 ], "texture": "#metal2" },
				"south": { "uv": [ 12, 10, 13, 16 ], "texture": "#metal2" },
				"west": { "uv": [ 11.5, 10, 12, 16 ], "texture": "#metal2" },
				"east": { "uv": [ 4, 10, 4.5, 16 ], "texture": "#metal2" }
			}
		},
		{
			"__comment": "Box1",
			"from": [ 6, 6, 22 ],
			"to": [ 10, 7, 26 ],
			"faces": {
				"down": { "uv": [ 6, 6, 10, 10 ], "texture": "#metal" },
				"up": { "uv": [ 6, 6, 10, 10 ], "texture": "#metal" },
				"north": { "uv": [ 6, 9, 10, 10 ], "texture": "#metal" },
				"south": { "uv": [ 6, 9, 10, 10 ], "texture": "#metal" },
				"west": { "uv": [ 6, 9, 10, 10 ], "texture": "#metal" },
				"east": { "uv": [ 6, 9, 10, 10 ], "texture": "#metal" }
			}
		},
		{
			"__comment": "Box1",
			"from": [ 6.75, -3.5, 22.75 ],
			"to": [ 9.25, 0.5, 25.25 ],
			"faces": {
				"down": { "uv": [ 6.75, 6.75, 9.25, 9.25 ], "texture": "#light" },
				"up": { "uv": [ 6.75, 6.75, 9.25, 9.25 ], "texture": "#light" },
				"north": { "uv": [ 6.75, 15.5, 9.25, 16 ], "texture": "#light" },
				"south": { "uv": [ 6.75, 15.5, 9.25, 16 ], "texture": "#light" },
				"west": { "uv": [ 6.75, 15.5, 9.25, 16 ], "texture": "#light" },
				"east": { "uv": [ 6.75, 15.5, 9.25, 16 ], "texture": "#light" }
			}
		},
		{
			"__comment": "Box1",
			"from": [ 3, 0, 19 ],
			"to": [ 4.5, 6, 20 ],
			"faces": {
				"down": { "uv": [ 3, 12, 4.5, 13 ], "texture": "#metal2" },
				"up": { "uv": [ 3, 3, 4.5, 4 ], "texture": "#metal2" },
				"north": { "uv": [ 11.5, 10, 13, 16 ], "texture": "#metal2" },
				"south": { "uv": [ 3, 10, 4.5, 16 ], "texture": "#metal2" },
				"west": { "uv": [ 3, 10, 4, 16 ], "texture": "#metal2" },
				"east": { "uv": [ 12, 10, 13, 16 ], "texture": "#metal2" }
			}
		},
		{
			"__comment": "Box1",
			"from": [ 11.5, 0, 19 ],
			"to": [ 13, 6, 20 ],
			"faces": {
				"down": { "uv": [ 11.5, 12, 13, 13 ], "texture": "#metal2" },
				"up": { "uv": [ 11.5, 3, 13, 4 ], "texture": "#metal2" },
				"north": { "uv": [ 3, 10, 4.5, 16 ], "texture": "#metal2" },
				"south": { "uv": [ 11.5, 10, 13, 16 ], "texture": "#metal2" },
				"west": { "uv": [ 3, 10, 4, 16 ], "texture": "#metal2" },
				"east": { "uv": [ 12, 10, 13, 16 ], "texture": "#metal2" }
			}
		},
		{
			"__comment": "Box1",
			"from": [ 11.5, -6, 19 ],
			"to": [ 13, 0, 20 ],
			"faces": {
				"down": { "uv": [ 11.5, 12, 13, 13 ], "texture": "#metal2" },
				"up": { "uv": [ 11.5, 3, 13, 4 ], "texture": "#metal2" },
				"north": { "uv": [ 3, 0, 4.5, 6 ], "texture": "#metal2" },
				"south": { "uv": [ 11.5, 0, 13, 6 ], "texture": "#metal2" },
				"west": { "uv": [ 3, 0, 4, 6 ], "texture": "#metal2" },
				"east": { "uv": [ 12, 0, 13, 6 ], "texture": "#metal2" }
			}
		},
		{
			"__comment": "Box1",
			"from": [ 3, 0, 28 ],
			"to": [ 4.5, 6, 29 ],
			"faces": {
				"down": { "uv": [ 3, 3, 4.5, 4 ], "texture": "#metal2" },
				"up": { "uv": [ 3, 12, 4.5, 13 ], "texture": "#metal2" },
				"north": { "uv": [ 11.5, 10, 13, 16 ], "texture": "#metal2" },
				"south": { "uv": [ 3, 10, 4.5, 16 ], "texture": "#metal2" },
				"west": { "uv": [ 12, 10, 13, 16 ], "texture": "#metal2" },
				"east": { "uv": [ 3, 10, 4, 16 ], "texture": "#metal2" }
			}
		},
		{
			"__comment": "Box1",
			"from": [ 3, 0, 27.5 ],
			"to": [ 4, 6, 28 ],
			"faces": {
				"down": { "uv": [ 3, 4, 4, 4.5 ], "texture": "#metal2" },
				"up": { "uv": [ 3, 11.5, 4, 12 ], "texture": "#metal2" },
				"north": { "uv": [ 12, 10, 13, 16 ], "texture": "#metal2" },
				"south": { "uv": [ 3, 10, 4, 16 ], "texture": "#metal2" },
				"west": { "uv": [ 11.5, 10, 12, 16 ], "texture": "#metal2" },
				"east": { "uv": [ 4, 10, 4.5, 16 ], "texture": "#metal2" }
			}
		},
		{
			"__comment": "Box1",
			"from": [ 4.5, 4.5, 28 ],
			"to": [ 11.5, 6, 29 ],
			"faces": {
				"down": { "uv": [ 4.5, 3, 11.5, 4 ], "texture": "#metal2" },
				"up": { "uv": [ 4.5, 12, 11.5, 13 ], "texture": "#metal2" },
				"north": { "uv": [ 4.5, 10, 11.5, 11.5 ], "texture": "#metal2" },
				"south": { "uv": [ 4.5, 10, 11.5, 11.5 ], "texture": "#metal2" },
				"west": { "uv": [ 12, 10, 13, 11.5 ], "texture": "#metal2" },
				"east": { "uv": [ 3, 10, 4, 11.5 ], "texture": "#metal2" }
			}
		},
		{
			"__comment": "Box1",
			"from": [ 12, -6, 27.5 ],
			"to": [ 13, 0, 28 ],
			"faces": {
				"down": { "uv": [ 12, 4, 13, 4.5 ], "texture": "#metal2" },
				"up": { "uv": [ 12, 11.5, 13, 12 ], "texture": "#metal2" },
				"north": { "uv": [ 3, 0, 4, 6 ], "texture": "#metal2" },
				"south": { "uv": [ 12, 0, 13, 6 ], "texture": "#metal2" },
				"west": { "uv": [ 11.5, 0, 12, 6 ], "texture": "#metal2" },
				"east": { "uv": [ 4, 0, 4.5, 6 ], "texture": "#metal2" }
			}
		},
		{
			"__comment": "Box1",
			"from": [ 3, 0, 20 ],
			"to": [ 4, 6, 20.5 ],
			"faces": {
				"down": { "uv": [ 3, 11.5, 4, 12 ], "texture": "#metal2" },
				"up": { "uv": [ 3, 4, 4, 4.5 ], "texture": "#metal2" },
				"north": { "uv": [ 12, 10, 13, 16 ], "texture": "#metal2" },
				"south": { "uv": [ 3, 10, 4, 16 ], "texture": "#metal2" },
				"west": { "uv": [ 4, 10, 4.5, 16 ], "texture": "#metal2" },
				"east": { "uv": [ 11.5, 10, 12, 16 ], "texture": "#metal2" }
			}
		},
		{
			"__comment": "Box1",
			"from": [ 12, 4.5, 20.5 ],
			"to": [ 13, 6, 27.5 ],
			"faces": {
				"down": { "uv": [ 12, 4.5, 13, 11.5 ], "texture": "#metal2" },
				"up": { "uv": [ 12, 4.5, 13, 11.5 ], "texture": "#metal2" },
				"north": { "uv": [ 3, 10, 4, 11.5 ], "texture": "#metal2" },
				"south": { "uv": [ 12, 10, 13, 11.5 ], "texture": "#metal2" },
				"west": { "uv": [ 4.5, 10, 11.5, 11.5 ], "texture": "#metal2" },
				"east": { "uv": [ 4.5, 10, 11.5, 11.5 ], "texture": "#metal2" }
			}
		},
		{
			"__comment": "Box1",
			"from": [ 4, 4.5, 20 ],
			"to": [ 12, 6, 28 ],
			"faces": {
				"down": { "uv": [ 4, 4, 12, 12 ], "texture": "#metal2" },
				"up": { "uv": [ 4, 4, 12, 12 ], "texture": "#metal2" },
				"north": { "uv": [ 4, 10, 12, 11.5 ], "texture": "#metal2" },
				"south": { "uv": [ 4, 10, 12, 11.5 ], "texture": "#metal2" },
				"west": { "uv": [ 4, 10, 12, 11.5 ], "texture": "#metal2" },
				"east": { "uv": [ 4, 10, 12, 11.5 ], "texture": "#metal2" }
			}
		},
		{
			"__comment": "Box1",
			"from": [ 3, 4.5, 29 ],
			"to": [ 13, 5, 31 ],
			"faces": {
				"down": { "uv": [ 3, 1, 13, 3 ], "texture": "#metal2" },
				"up": { "uv": [ 3, 13, 13, 15 ], "texture": "#metal2" },
				"north": { "uv": [ 3, 11, 13, 11.5 ], "texture": "#metal2" },
				"south": { "uv": [ 3, 11, 13, 11.5 ], "texture": "#metal2" },
				"west": { "uv": [ 13, 11, 15, 11.5 ], "texture": "#metal2" },
				"east": { "uv": [ 1, 11, 3, 11.5 ], "texture": "#metal2" }
			}
		},
		{
			"__comment": "Box1",
			"from": [ 4.5, 4.5, 19 ],
			"to": [ 11.5, 6, 20 ],
			"faces": {
				"down": { "uv": [ 4.5, 12, 11.5, 13 ], "texture": "#metal2" },
				"up": { "uv": [ 4.5, 3, 11.5, 4 ], "texture": "#metal2" },
				"north": { "uv": [ 4.5, 10, 11.5, 11.5 ], "texture": "#metal2" },
				"south": { "uv": [ 4.5, 10, 11.5, 11.5 ], "texture": "#metal2" },
				"west": { "uv": [ 3, 10, 4, 11.5 ], "texture": "#metal2" },
				"east": { "uv": [ 12, 10, 13, 11.5 ], "texture": "#metal2" }
			}
		},
		{
			"__comment": "Box1",
			"from": [ 11.5, -6, 20.5 ],
			"to": [ 12, -5.5, 27.5 ],
			"faces": {
				"down": { "uv": [ 11.5, 4.5, 12, 11.5 ], "texture": "#metal2" },
				"up": { "uv": [ 11.5, 4.5, 12, 11.5 ], "texture": "#metal2" },
				"north": { "uv": [ 4, 5.5, 4.5, 6 ], "texture": "#metal2" },
				"south": { "uv": [ 11.5, 5.5, 12, 6 ], "texture": "#metal2" },
				"west": { "uv": [ 4.5, 5.5, 11.5, 6 ], "texture": "#metal2" },
				"east": { "uv": [ 4.5, 5.5, 11.5, 6 ], "texture": "#metal2" }
			}
		},
		{
			"__comment": "Box1",
			"from": [ 11.5, 0, 28 ],
			"to": [ 13, 6, 29 ],
			"faces": {
				"down": { "uv": [ 11.5, 3, 13, 4 ], "texture": "#metal2" },
				"up": { "uv": [ 11.5, 12, 13, 13 ], "texture": "#metal2" },
				"north": { "uv": [ 3, 10, 4.5, 16 ], "texture": "#metal2" },
				"south": { "uv": [ 11.5, 10, 13, 16 ], "texture": "#metal2" },
				"west": { "uv": [ 12, 10, 13, 16 ], "texture": "#metal2" },
				"east": { "uv": [ 3, 10, 4, 16 ], "texture": "#metal2" }
			}
		},
		{
			"__comment": "Box1",
			"from": [ 11.5, -6, 28 ],
			"to": [ 13, 0, 29 ],
			"faces": {
				"down": { "uv": [ 11.5, 3, 13, 4 ], "texture": "#metal2" },
				"up": { "uv": [ 11.5, 12, 13, 13 ], "texture": "#metal2" },
				"north": { "uv": [ 3, 0, 4.5, 6 ], "texture": "#metal2" },
				"south": { "uv": [ 11.5, 0, 13, 6 ], "texture": "#metal2" },
				"west": { "uv": [ 12, 0, 13, 6 ], "texture": "#metal2" },
				"east": { "uv": [ 3, 0, 4, 6 ], "texture": "#metal2" }
			}
		},
		{
			"__comment": "Box1",
			"from": [ 3, -6, 28 ],
			"to": [ 4.5, 0, 29 ],
			"faces": {
				"down": { "uv": [ 3, 3, 4.5, 4 ], "texture": "#metal2" },
				"up": { "uv": [ 3, 12, 4.5, 13 ], "texture": "#metal2" },
				"north": { "uv": [ 11.5, 0, 13, 6 ], "texture": "#metal2" },
				"south": { "uv": [ 3, 0, 4.5, 6 ], "texture": "#metal2" },
				"west": { "uv": [ 12, 0, 13, 6 ], "texture": "#metal2" },
				"east": { "uv": [ 3, 0, 4, 6 ], "texture": "#metal2" }
			}
		},
		{
			"__comment": "Box1",
			"from": [ 3, -6, 19 ],
			"to": [ 4.5, 0, 20 ],
			"faces": {
				"down": { "uv": [ 3, 12, 4.5, 13 ], "texture": "#metal2" },
				"up": { "uv": [ 3, 3, 4.5, 4 ], "texture": "#metal2" },
				"north": { "uv": [ 11.5, 0, 13, 6 ], "texture": "#metal2" },
				"south": { "uv": [ 3, 0, 4.5, 6 ], "texture": "#metal2" },
				"west": { "uv": [ 3, 0, 4, 6 ], "texture": "#metal2" },
				"east": { "uv": [ 12, 0, 13, 6 ], "texture": "#metal2" }
			}
		},
		{
			"__comment": "Box1",
			"from": [ 12, 0, 20 ],
			"to": [ 13, 6, 20.5 ],
			"faces": {
				"down": { "uv": [ 12, 11.5, 13, 12 ], "texture": "#metal2" },
				"up": { "uv": [ 12, 4, 13, 4.5 ], "texture": "#metal2" },
				"north": { "uv": [ 3, 10, 4, 16 ], "texture": "#metal2" },
				"south": { "uv": [ 12, 10, 13, 16 ], "texture": "#metal2" },
				"west": { "uv": [ 4, 10, 4.5, 16 ], "texture": "#metal2" },
				"east": { "uv": [ 11.5, 10, 12, 16 ], "texture": "#metal2" }
			}
		},
		{
			"__comment": "Box1",
			"from": [ 12, -6, 20 ],
			"to": [ 13, 0, 20.5 ],
			"faces": {
				"down": { "uv": [ 12, 11.5, 13, 12 ], "texture": "#metal2" },
				"up": { "uv": [ 12, 4, 13, 4.5 ], "texture": "#metal2" },
				"north": { "uv": [ 3, 0, 4, 6 ], "texture": "#metal2" },
				"south": { "uv": [ 12, 0, 13, 6 ], "texture": "#metal2" },
				"west": { "uv": [ 4, 0, 4.5, 6 ], "texture": "#metal2" },
				"east": { "uv": [ 11.5, 0, 12, 6 ], "texture": "#metal2" }
			}
		},
		{
			"__comment": "Box1",
			"from": [ 3, -6, 27.5 ],
			"to": [ 4, 0, 28 ],
			"faces": {
				"down": { "uv": [ 3, 4, 4, 4.5 ], "texture": "#metal2" },
				"up": { "uv": [ 3, 11.5, 4, 12 ], "texture": "#metal2" },
				"north": { "uv": [ 12, 0, 13, 6 ], "texture": "#metal2" },
				"south": { "uv": [ 3, 0, 4, 6 ], "texture": "#metal2" },
				"west": { "uv": [ 11.5, 0, 12, 6 ], "texture": "#metal2" },
				"east": { "uv": [ 4, 0, 4.5, 6 ], "texture": "#metal2" }
			}
		},
		{
			"__comment": "Box1",
			"from": [ 3, -6, 20 ],
			"to": [ 4, 0, 20.5 ],
			"faces": {
				"down": { "uv": [ 3, 11.5, 4, 12 ], "texture": "#metal2" },
				"up": { "uv": [ 3, 4, 4, 4.5 ], "texture": "#metal2" },
				"north": { "uv": [ 12, 0, 13, 6 ], "texture": "#metal2" },
				"south": { "uv": [ 3, 0, 4, 6 ], "texture": "#metal2" },
				"west": { "uv": [ 4, 0, 4.5, 6 ], "texture": "#metal2" },
				"east": { "uv": [ 11.5, 0, 12, 6 ], "texture": "#metal2" }
			}
		},
		{
			"__comment": "Box1",
			"from": [ 4.5, -1, 28 ],
			"to": [ 11.5, 0, 28.5 ],
			"faces": {
				"down": { "uv": [ 4.5, 3.5, 11.5, 4 ], "texture": "#metal2" },
				"up": { "uv": [ 4.5, 12, 11.5, 12.5 ], "texture": "#metal2" },
				"north": { "uv": [ 4.5, 0, 11.5, 1 ], "texture": "#metal2" },
				"south": { "uv": [ 4.5, 0, 11.5, 1 ], "texture": "#metal2" },
				"west": { "uv": [ 12, 0, 12.5, 1 ], "texture": "#metal2" },
				"east": { "uv": [ 3.5, 0, 4, 1 ], "texture": "#metal2" }
			}
		},
		{
			"__comment": "Box1",
			"from": [ 4, -6, 20 ],
			"to": [ 12, -5.5, 20.5 ],
			"faces": {
				"down": { "uv": [ 4, 11.5, 12, 12 ], "texture": "#metal2" },
				"up": { "uv": [ 4, 4, 12, 4.5 ], "texture": "#metal2" },
				"north": { "uv": [ 4, 5.5, 12, 6 ], "texture": "#metal2" },
				"south": { "uv": [ 4, 5.5, 12, 6 ], "texture": "#metal2" },
				"west": { "uv": [ 4, 5.5, 4.5, 6 ], "texture": "#metal2" },
				"east": { "uv": [ 11.5, 5.5, 12, 6 ], "texture": "#metal2" }
			}
		},
		{
			"__comment": "Box1",
			"from": [ 4, -6, 20.5 ],
			"to": [ 4.5, -5.5, 27.5 ],
			"faces": {
				"down": { "uv": [ 4, 4.5, 4.5, 11.5 ], "texture": "#metal2" },
				"up": { "uv": [ 4, 4.5, 4.5, 11.5 ], "texture": "#metal2" },
				"north": { "uv": [ 11.5, 5.5, 12, 6 ], "texture": "#metal2" },
				"south": { "uv": [ 4, 5.5, 4.5, 6 ], "texture": "#metal2" },
				"west": { "uv": [ 4.5, 5.5, 11.5, 6 ], "texture": "#metal2" },
				"east": { "uv": [ 4.5, 5.5, 11.5, 6 ], "texture": "#metal2" }
			}
		},
		{
			"__comment": "Box1",
			"from": [ 4, -6, 27.5 ],
			"to": [ 12, -5.5, 28 ],
			"faces": {
				"down": { "uv": [ 4, 4, 12, 4.5 ], "texture": "#metal2" },
				"up": { "uv": [ 4, 11.5, 12, 12 ], "texture": "#metal2" },
				"north": { "uv": [ 4, 5.5, 12, 6 ], "texture": "#metal2" },
				"south": { "uv": [ 4, 5.5, 12, 6 ], "texture": "#metal2" },
				"west": { "uv": [ 11.5, 5.5, 12, 6 ], "texture": "#metal2" },
				"east": { "uv": [ 4, 5.5, 4.5, 6 ], "texture": "#metal2" }
			}
		},
		{
			"__comment": "Box1",
			"from": [ 4.5, -6, 28 ],
			"to": [ 11.5, -5.5, 28.5 ],
			"faces": {
				"down": { "uv": [ 4.5, 3.5, 11.5, 4 ], "texture": "#metal2" },
				"up": { "uv": [ 4.5, 12, 11.5, 12.5 ], "texture": "#metal2" },
				"north": { "uv": [ 4.5, 5.5, 11.5, 6 ], "texture": "#metal2" },
				"south": { "uv": [ 4.5, 5.5, 11.5, 6 ], "texture": "#metal2" },
				"west": { "uv": [ 12, 5.5, 12.5, 6 ], "texture": "#metal2" },
				"east": { "uv": [ 3.5, 5.5, 4, 6 ], "texture": "#metal2" }
			}
		},
		{
			"__comment": "Box1",
			"from": [ 4.5, -6, 19.5 ],
			"to": [ 11.5, -5.5, 20 ],
			"faces": {
				"down": { "uv": [ 4.5, 12, 11.5, 12.5 ], "texture": "#metal2" },
				"up": { "uv": [ 4.5, 3.5, 11.5, 4 ], "texture": "#metal2" },
				"north": { "uv": [ 4.5, 5.5, 11.5, 6 ], "texture": "#metal2" },
				"south": { "uv": [ 4.5, 5.5, 11.5, 6 ], "texture": "#metal2" },
				"west": { "uv": [ 3.5, 5.5, 4, 6 ], "texture": "#metal2" },
				"east": { "uv": [ 12, 5.5, 12.5, 6 ], "texture": "#metal2" }
			}
		},
		{
			"__comment": "Box1",
			"from": [ 3.5, -6, 20.5 ],
			"to": [ 4, -5.5, 27.5 ],
			"faces": {
				"down": { "uv": [ 3.5, 4.5, 4, 11.5 ], "texture": "#metal2" },
				"up": { "uv": [ 3.5, 4.5, 4, 11.5 ], "texture": "#metal2" },
				"north": { "uv": [ 12, 5.5, 12.5, 6 ], "texture": "#metal2" },
				"south": { "uv": [ 3.5, 5.5, 4, 6 ], "texture": "#metal2" },
				"west": { "uv": [ 4.5, 5.5, 11.5, 6 ], "texture": "#metal2" },
				"east": { "uv": [ 4.5, 5.5, 11.5, 6 ], "texture": "#metal2" }
			}
		},
		{
			"__comment": "Box1",
			"from": [ 7.25, 0.5, 23.25 ],
			"to": [ 8.75, 4.5, 24.75 ],
			"faces": {
				"down": { "uv": [ 7.25, 7.25, 8.75, 8.75 ], "texture": "#metal" },
				"up": { "uv": [ 7.25, 7.25, 8.75, 8.75 ], "texture": "#metal" },
				"north": { "uv": [ 7.25, 11.5, 8.75, 15.5 ], "texture": "#metal" },
				"south": { "uv": [ 7.25, 11.5, 8.75, 15.5 ], "texture": "#metal" },
				"west": { "uv": [ 7.25, 11.5, 8.75, 15.5 ], "texture": "#metal" },
				"east": { "uv": [ 7.25, 11.5, 8.75, 15.5 ], "texture": "#metal" }
			}
		},
		{
			"__comment": "Box1",
			"from": [ 3, 4.5, 20.5 ],
			"to": [ 4, 6, 27.5 ],
			"faces": {
				"down": { "uv": [ 3, 4.5, 4, 11.5 ], "texture": "#metal2" },
				"up": { "uv": [ 3, 4.5, 4, 11.5 ], "texture": "#metal2" },
				"north": { "uv": [ 12, 10, 13, 11.5 ], "texture": "#metal2" },
				"south": { "uv": [ 3, 10, 4, 11.5 ], "texture": "#metal2" },
				"west": { "uv": [ 4.5, 10, 11.5, 11.5 ], "texture": "#metal2" },
				"east": { "uv": [ 4.5, 10, 11.5, 11.5 ], "texture": "#metal2" }
			}
		},
		{
			"__comment": "Box1",
			"from": [ 1, 4.5, 17 ],
			"to": [ 3, 5, 31 ],
			"faces": {
				"down": { "uv": [ 1, 1, 3, 15 ], "texture": "#metal2" },
				"up": { "uv": [ 1, 1, 3, 15 ], "texture": "#metal2" },
				"north": { "uv": [ 13, 11, 15, 11.5 ], "texture": "#metal2" },
				"south": { "uv": [ 1, 11, 3, 11.5 ], "texture": "#metal2" },
				"west": { "uv": [ 1, 11, 15, 11.5 ], "texture": "#metal2" },
				"east": { "uv": [ 1, 11, 15, 11.5 ], "texture": "#metal2" }
			}
		},
		{
			"__comment": "Box1",
			"from": [ 13, 4.5, 17 ],
			"to": [ 15, 5, 31 ],
			"faces": {
				"down": { "uv": [ 13, 1, 15, 15 ], "texture": "#metal2" },
				"up": { "uv": [ 13, 1, 15, 15 ], "texture": "#metal2" },
				"north": { "uv": [ 1, 11, 3, 11.5 ], "texture": "#metal2" },
				"south": { "uv": [ 13, 11, 15, 11.5 ], "texture": "#metal2" },
				"west": { "uv": [ 1, 11, 15, 11.5 ], "texture": "#metal2" },
				"east": { "uv": [ 1, 11, 15, 11.5 ], "texture": "#metal2" }
			}
		},
		{
			"__comment": "Box1",
			"from": [ 3, 4.5, 17 ],
			"to": [ 13, 5, 19 ],
			"faces": {
				"down": { "uv": [ 3, 13, 13, 15 ], "texture": "#metal2" },
				"up": { "uv": [ 3, 1, 13, 3 ], "texture": "#metal2" },
				"north": { "uv": [ 3, 11, 13, 11.5 ], "texture": "#metal2" },
				"south": { "uv": [ 3, 11, 13, 11.5 ], "texture": "#metal2" },
				"west": { "uv": [ 1, 11, 3, 11.5 ], "texture": "#metal2" },
				"east": { "uv": [ 13, 11, 15, 11.5 ], "texture": "#metal2" }
			}
		},
		{
			"__comment": "Box1",
			"from": [ 12, -6, 20.5 ],
			"to": [ 12.5, -5.5, 27.5 ],
			"faces": {
				"down": { "uv": [ 12, 4.5, 12.5, 11.5 ], "texture": "#metal2" },
				"up": { "uv": [ 12, 4.5, 12.5, 11.5 ], "texture": "#metal2" },
				"north": { "uv": [ 3.5, 5.5, 4, 6 ], "texture": "#metal2" },
				"south": { "uv": [ 12, 5.5, 12.5, 6 ], "texture": "#metal2" },
				"west": { "uv": [ 4.5, 5.5, 11.5, 6 ], "texture": "#metal2" },
				"east": { "uv": [ 4.5, 5.5, 11.5, 6 ], "texture": "#metal2" }
			}
		},
		{
			"__comment": "Box1",
			"from": [ 12, -1, 20.5 ],
			"to": [ 12.5, 0, 27.5 ],
			"faces": {
				"down": { "uv": [ 12, 4.5, 12.5, 11.5 ], "texture": "#metal2" },
				"up": { "uv": [ 12, 4.5, 12.5, 11.5 ], "texture": "#metal2" },
				"north": { "uv": [ 3.5, 0, 4, 1 ], "texture": "#metal2" },
				"south": { "uv": [ 12, 0, 12.5, 1 ], "texture": "#metal2" },
				"west": { "uv": [ 4.5, 0, 11.5, 1 ], "texture": "#metal2" },
				"east": { "uv": [ 4.5, 0, 11.5, 1 ], "texture": "#metal2" }
			}
		},
		{
			"__comment": "Box1",
			"from": [ 3.5, -1, 20.5 ],
			"to": [ 4, 0, 27.5 ],
			"faces": {
				"down": { "uv": [ 3.5, 4.5, 4, 11.5 ], "texture": "#metal2" },
				"up": { "uv": [ 3.5, 4.5, 4, 11.5 ], "texture": "#metal2" },
				"north": { "uv": [ 12, 0, 12.5, 1 ], "texture": "#metal2" },
				"south": { "uv": [ 3.5, 0, 4, 1 ], "texture": "#metal2" },
				"west": { "uv": [ 4.5, 0, 11.5, 1 ], "texture": "#metal2" },
				"east": { "uv": [ 4.5, 0, 11.5, 1 ], "texture": "#metal2" }
			}
		},
		{
			"__comment": "Box1",
			"from": [ 4.5, -1, 19.5 ],
			"to": [ 11.5, 0, 20 ],
			"faces": {
				"down": { "uv": [ 4.5, 12, 11.5, 12.5 ], "texture": "#metal2" },
				"up": { "uv": [ 4.5, 3.5, 11.5, 4 ], "texture": "#metal2" },
				"north": { "uv": [ 4.5, 0, 11.5, 1 ], "texture": "#metal2" },
				"south": { "uv": [ 4.5, 0, 11.5, 1 ], "texture": "#metal2" },
				"west": { "uv": [ 3.5, 0, 4, 1 ], "texture": "#metal2" },
				"east": { "uv": [ 12, 0, 12.5, 1 ], "texture": "#metal2" }
			}
		},
		{
			"__comment": "Box1",
			"from": [ 6, 16, 16 ],
			"to": [ 10, 18, 29 ],
			"faces": {
				"down": { "uv": [ 6, 3, 10, 16 ], "texture": "#wood" },
				"up": { "uv": [ 6, 0, 10, 13 ], "texture": "#wood" },
				"north": { "uv": [ 6, 14, 10, 16 ], "texture": "#wood" },
				"south": { "uv": [ 6, 14, 10, 16 ], "texture": "#wood" },
				"west": { "uv": [ 0, 14, 13, 16 ], "texture": "#wood" },
				"east": { "uv": [ 3, 14, 16, 16 ], "texture": "#wood" }
			}
		},
		{
			"__comment": "Box1",
			"from": [ 7, 7, 23 ],
			"to": [ 9, 14, 25 ],
			"faces": {
				"down": { "uv": [ 7, 7, 9, 9 ], "texture": "#metal" },
				"up": { "uv": [ 7, 7, 9, 9 ], "texture": "#metal" },
				"north": { "uv": [ 7, 2, 9, 9 ], "texture": "#metal" },
				"south": { "uv": [ 7, 2, 9, 9 ], "texture": "#metal" },
				"west": { "uv": [ 7, 2, 9, 9 ], "texture": "#metal" },
				"east": { "uv": [ 7, 2, 9, 9 ], "texture": "#metal" }
			}
		},
		{
			"__comment": "Box1",
			"from": [ 6, 14, 16 ],
			"to": [ 10, 16, 29 ],
			"faces": {
				"down": { "uv": [ 6, 3, 10, 16 ], "texture": "#wood" },
				"up": { "uv": [ 6, 0, 10, 13 ], "texture": "#wood" },
				"north": { "uv": [ 6, 0, 10, 2 ], "texture": "#wood" },
				"south": { "uv": [ 6, 0, 10, 2 ], "texture": "#wood" },
				"west": { "uv": [ 0, 0, 13, 2 ], "texture": "#wood" },
				"east": { "uv": [ 3, 0, 16, 2 ], "texture": "#wood" }
			}
		},
		{
			"__comment": "Box1",
			"from": [ -12, 0, 12 ],
			"to": [ -11.5, 6, 13 ],
			"faces": {
				"down": { "uv": [ 4, 3, 4.5, 4 ], "texture": "#metal2" },
				"up": { "uv": [ 4, 12, 4.5, 13 ], "texture": "#metal2" },
				"north": { "uv": [ 11.5, 10, 12, 16 ], "texture": "#metal2" },
				"south": { "uv": [ 4, 10, 4.5, 16 ], "texture": "#metal2" },
				"west": { "uv": [ 12, 10, 13, 16 ], "texture": "#metal2" },
				"east": { "uv": [ 3, 10, 4, 16 ], "texture": "#metal2" }
			}
		},
		{
			"__comment": "Box1",
			"from": [ -10, 6, 6 ],
			"to": [ -6, 7, 10 ],
			"faces": {
				"down": { "uv": [ 6, 6, 10, 10 ], "texture": "#metal" },
				"up": { "uv": [ 6, 6, 10, 10 ], "texture": "#metal" },
				"north": { "uv": [ 6, 9, 10, 10 ], "texture": "#metal" },
				"south": { "uv": [ 6, 9, 10, 10 ], "texture": "#metal" },
				"west": { "uv": [ 6, 9, 10, 10 ], "texture": "#metal" },
				"east": { "uv": [ 6, 9, 10, 10 ], "texture": "#metal" }
			}
		},
		{
			"__comment": "Box1",
			"from": [ -9.25, -3.5, 6.75 ],
			"to": [ -6.75, 0.5, 9.25 ],
			"faces": {
				"down": { "uv": [ 6.75, 6.75, 9.25, 9.25 ], "texture": "#light" },
				"up": { "uv": [ 6.75, 6.75, 9.25, 9.25 ], "texture": "#light" },
				"north": { "uv": [ 6.75, 15.5, 9.25, 16 ], "texture": "#light" },
				"south": { "uv": [ 6.75, 15.5, 9.25, 16 ], "texture": "#light" },
				"west": { "uv": [ 6.75, 15.5, 9.25, 16 ], "texture": "#light" },
				"east": { "uv": [ 6.75, 15.5, 9.25, 16 ], "texture": "#light" }
			}
		},
		{
			"__comment": "Box1",
			"from": [ -4, 0, 3 ],
			"to": [ -3, 6, 4.5 ],
			"faces": {
				"down": { "uv": [ 12, 11.5, 13, 13 ], "texture": "#metal2" },
				"up": { "uv": [ 12, 3, 13, 4.5 ], "texture": "#metal2" },
				"north": { "uv": [ 3, 10, 4, 16 ], "texture": "#metal2" },
				"south": { "uv": [ 12, 10, 13, 16 ], "texture": "#metal2" },
				"west": { "uv": [ 3, 10, 4.5, 16 ], "texture": "#metal2" },
				"east": { "uv": [ 11.5, 10, 13, 16 ], "texture": "#metal2" }
			}
		},
		{
			"__comment": "Box1",
			"from": [ -4, 0, 11.5 ],
			"to": [ -3, 6, 13 ],
			"faces": {
				"down": { "uv": [ 12, 3, 13, 4.5 ], "texture": "#metal2" },
				"up": { "uv": [ 12, 11.5, 13, 13 ], "texture": "#metal2" },
				"north": { "uv": [ 3, 10, 4, 16 ], "texture": "#metal2" },
				"south": { "uv": [ 12, 10, 13, 16 ], "texture": "#metal2" },
				"west": { "uv": [ 11.5, 10, 13, 16 ], "texture": "#metal2" },
				"east": { "uv": [ 3, 10, 4.5, 16 ], "texture": "#metal2" }
			}
		},
		{
			"__comment": "Box1",
			"from": [ -4, -6, 11.5 ],
			"to": [ -3, 0, 13 ],
			"faces": {
				"down": { "uv": [ 12, 3, 13, 4.5 ], "texture": "#metal2" },
				"up": { "uv": [ 12, 11.5, 13, 13 ], "texture": "#metal2" },
				"north": { "uv": [ 3, 0, 4, 6 ], "texture": "#metal2" },
				"south": { "uv": [ 12, 0, 13, 6 ], "texture": "#metal2" },
				"west": { "uv": [ 11.5, 0, 13, 6 ], "texture": "#metal2" },
				"east": { "uv": [ 3, 0, 4.5, 6 ], "texture": "#metal2" }
			}
		},
		{
			"__comment": "Box1",
			"from": [ -13, 0, 3 ],
			"to": [ -12, 6, 4.5 ],
			"faces": {
				"down": { "uv": [ 3, 11.5, 4, 13 ], "texture": "#metal2" },
				"up": { "uv": [ 3, 3, 4, 4.5 ], "texture": "#metal2" },
				"north": { "uv": [ 12, 10, 13, 16 ], "texture": "#metal2" },
				"south": { "uv": [ 3, 10, 4, 16 ], "texture": "#metal2" },
				"west": { "uv": [ 3, 10, 4.5, 16 ], "texture": "#metal2" },
				"east": { "uv": [ 11.5, 10, 13, 16 ], "texture": "#metal2" }
			}
		},
		{
			"__comment": "Box1",
			"from": [ -12, 0, 3 ],
			"to": [ -11.5, 6, 4 ],
			"faces": {
				"down": { "uv": [ 4, 12, 4.5, 13 ], "texture": "#metal2" },
				"up": { "uv": [ 4, 3, 4.5, 4 ], "texture": "#metal2" },
				"north": { "uv": [ 11.5, 10, 12, 16 ], "texture": "#metal2" },
				"south": { "uv": [ 4, 10, 4.5, 16 ], "texture": "#metal2" },
				"west": { "uv": [ 3, 10, 4, 16 ], "texture": "#metal2" },
				"east": { "uv": [ 12, 10, 13, 16 ], "texture": "#metal2" }
			}
		},
		{
			"__comment": "Box1",
			"from": [ -13, 4.5, 4.5 ],
			"to": [ -12, 6, 11.5 ],
			"faces": {
				"down": { "uv": [ 3, 4.5, 4, 11.5 ], "texture": "#metal2" },
				"up": { "uv": [ 3, 4.5, 4, 11.5 ], "texture": "#metal2" },
				"north": { "uv": [ 12, 10, 13, 11.5 ], "texture": "#metal2" },
				"south": { "uv": [ 3, 10, 4, 11.5 ], "texture": "#metal2" },
				"west": { "uv": [ 4.5, 10, 11.5, 11.5 ], "texture": "#metal2" },
				"east": { "uv": [ 4.5, 10, 11.5, 11.5 ], "texture": "#metal2" }
			}
		},
		{
			"__comment": "Box1",
			"from": [ -12, -6, 12 ],
			"to": [ -11.5, 0, 13 ],
			"faces": {
				"down": { "uv": [ 4, 3, 4.5, 4 ], "texture": "#metal2" },
				"up": { "uv": [ 4, 12, 4.5, 13 ], "texture": "#metal2" },
				"north": { "uv": [ 11.5, 0, 12, 6 ], "texture": "#metal2" },
				"south": { "uv": [ 4, 0, 4.5, 6 ], "texture": "#metal2" },
				"west": { "uv": [ 12, 0, 13, 6 ], "texture": "#metal2" },
				"east": { "uv": [ 3, 0, 4, 6 ], "texture": "#metal2" }
			}
		},
		{
			"__comment": "Box1",
			"from": [ -4.5, 0, 3 ],
			"to": [ -4, 6, 4 ],
			"faces": {
				"down": { "uv": [ 11.5, 12, 12, 13 ], "texture": "#metal2" },
				"up": { "uv": [ 11.5, 3, 12, 4 ], "texture": "#metal2" },
				"north": { "uv": [ 4, 10, 4.5, 16 ], "texture": "#metal2" },
				"south": { "uv": [ 11.5, 10, 12, 16 ], "texture": "#metal2" },
				"west": { "uv": [ 3, 10, 4, 16 ], "texture": "#metal2" },
				"east": { "uv": [ 12, 10, 13, 16 ], "texture": "#metal2" }
			}
		},
		{
			"__comment": "Box1",
			"from": [ -11.5, 4.5, 12 ],
			"to": [ -4.5, 6, 13 ],
			"faces": {
				"down": { "uv": [ 4.5, 3, 11.5, 4 ], "texture": "#metal2" },
				"up": { "uv": [ 4.5, 12, 11.5, 13 ], "texture": "#metal2" },
				"north": { "uv": [ 4.5, 10, 11.5, 11.5 ], "texture": "#metal2" },
				"south": { "uv": [ 4.5, 10, 11.5, 11.5 ], "texture": "#metal2" },
				"west": { "uv": [ 12, 10, 13, 11.5 ], "texture": "#metal2" },
				"east": { "uv": [ 3, 10, 4, 11.5 ], "texture": "#metal2" }
			}
		},
		{
			"__comment": "Box1",
			"from": [ -12, 4.5, 4 ],
			"to": [ -4, 6, 12 ],
			"faces": {
				"down": { "uv": [ 4, 4, 12, 12 ], "texture": "#metal2" },
				"up": { "uv": [ 4, 4, 12, 12 ], "texture": "#metal2" },
				"north": { "uv": [ 4, 10, 12, 11.5 ], "texture": "#metal2" },
				"south": { "uv": [ 4, 10, 12, 11.5 ], "texture": "#metal2" },
				"west": { "uv": [ 4, 10, 12, 11.5 ], "texture": "#metal2" },
				"east": { "uv": [ 4, 10, 12, 11.5 ], "texture": "#metal2" }
			}
		},
		{
			"__comment": "Box1",
			"from": [ -15, 4.5, 3 ],
			"to": [ -13, 5, 13 ],
			"faces": {
				"down": { "uv": [ 1, 3, 3, 13 ], "texture": "#metal2" },
				"up": { "uv": [ 1, 3, 3, 13 ], "texture": "#metal2" },
				"north": { "uv": [ 13, 11, 15, 11.5 ], "texture": "#metal2" },
				"south": { "uv": [ 1, 11, 3, 11.5 ], "texture": "#metal2" },
				"west": { "uv": [ 3, 11, 13, 11.5 ], "texture": "#metal2" },
				"east": { "uv": [ 3, 11, 13, 11.5 ], "texture": "#metal2" }
			}
		},
		{
			"__comment": "Box1",
			"from": [ -4, 4.5, 4.5 ],
			"to": [ -3, 6, 11.5 ],
			"faces": {
				"down": { "uv": [ 12, 4.5, 13, 11.5 ], "texture": "#metal2" },
				"up": { "uv": [ 12, 4.5, 13, 11.5 ], "texture": "#metal2" },
				"north": { "uv": [ 3, 10, 4, 11.5 ], "texture": "#metal2" },
				"south": { "uv": [ 12, 10, 13, 11.5 ], "texture": "#metal2" },
				"west": { "uv": [ 4.5, 10, 11.5, 11.5 ], "texture": "#metal2" },
				"east": { "uv": [ 4.5, 10, 11.5, 11.5 ], "texture": "#metal2" }
			}
		},
		{
			"__comment": "Box1",
			"from": [ -11.5, -6, 11.5 ],
			"to": [ -4.5, -5.5, 12 ],
			"faces": {
				"down": { "uv": [ 4.5, 4, 11.5, 4.5 ], "texture": "#metal2" },
				"up": { "uv": [ 4.5, 11.5, 11.5, 12 ], "texture": "#metal2" },
				"north": { "uv": [ 4.5, 5.5, 11.5, 6 ], "texture": "#metal2" },
				"south": { "uv": [ 4.5, 5.5, 11.5, 6 ], "texture": "#metal2" },
				"west": { "uv": [ 11.5, 5.5, 12, 6 ], "texture": "#metal2" },
				"east": { "uv": [ 4, 5.5, 4.5, 6 ], "texture": "#metal2" }
			}
		},
		{
			"__comment": "Box1",
			"from": [ -13, 0, 11.5 ],
			"to": [ -12, 6, 13 ],
			"faces": {
				"down": { "uv": [ 3, 3, 4, 4.5 ], "texture": "#metal2" },
				"up": { "uv": [ 3, 11.5, 4, 13 ], "texture": "#metal2" },
				"north": { "uv": [ 12, 10, 13, 16 ], "texture": "#metal2" },
				"south": { "uv": [ 3, 10, 4, 16 ], "texture": "#metal2" },
				"west": { "uv": [ 11.5, 10, 13, 16 ], "texture": "#metal2" },
				"east": { "uv": [ 3, 10, 4.5, 16 ], "texture": "#metal2" }
			}
		},
		{
			"__comment": "Box1",
			"from": [ -13, -6, 11.5 ],
			"to": [ -12, 0, 13 ],
			"faces": {
				"down": { "uv": [ 3, 3, 4, 4.5 ], "texture": "#metal2" },
				"up": { "uv": [ 3, 11.5, 4, 13 ], "texture": "#metal2" },
				"north": { "uv": [ 12, 0, 13, 6 ], "texture": "#metal2" },
				"south": { "uv": [ 3, 0, 4, 6 ], "texture": "#metal2" },
				"west": { "uv": [ 11.5, 0, 13, 6 ], "texture": "#metal2" },
				"east": { "uv": [ 3, 0, 4.5, 6 ], "texture": "#metal2" }
			}
		},
		{
			"__comment": "Box1",
			"from": [ -13, -6, 3 ],
			"to": [ -12, 0, 4.5 ],
			"faces": {
				"down": { "uv": [ 3, 11.5, 4, 13 ], "texture": "#metal2" },
				"up": { "uv": [ 3, 3, 4, 4.5 ], "texture": "#metal2" },
				"north": { "uv": [ 12, 0, 13, 6 ], "texture": "#metal2" },
				"south": { "uv": [ 3, 0, 4, 6 ], "texture": "#metal2" },
				"west": { "uv": [ 3, 0, 4.5, 6 ], "texture": "#metal2" },
				"east": { "uv": [ 11.5, 0, 13, 6 ], "texture": "#metal2" }
			}
		},
		{
			"__comment": "Box1",
			"from": [ -4, -6, 3 ],
			"to": [ -3, 0, 4.5 ],
			"faces": {
				"down": { "uv": [ 12, 11.5, 13, 13 ], "texture": "#metal2" },
				"up": { "uv": [ 12, 3, 13, 4.5 ], "texture": "#metal2" },
				"north": { "uv": [ 3, 0, 4, 6 ], "texture": "#metal2" },
				"south": { "uv": [ 12, 0, 13, 6 ], "texture": "#metal2" },
				"west": { "uv": [ 3, 0, 4.5, 6 ], "texture": "#metal2" },
				"east": { "uv": [ 11.5, 0, 13, 6 ], "texture": "#metal2" }
			}
		},
		{
			"__comment": "Box1",
			"from": [ -4.5, 0, 12 ],
			"to": [ -4, 6, 13 ],
			"faces": {
				"down": { "uv": [ 11.5, 3, 12, 4 ], "texture": "#metal2" },
				"up": { "uv": [ 11.5, 12, 12, 13 ], "texture": "#metal2" },
				"north": { "uv": [ 4, 10, 4.5, 16 ], "texture": "#metal2" },
				"south": { "uv": [ 11.5, 10, 12, 16 ], "texture": "#metal2" },
				"west": { "uv": [ 12, 10, 13, 16 ], "texture": "#metal2" },
				"east": { "uv": [ 3, 10, 4, 16 ], "texture": "#metal2" }
			}
		},
		{
			"__comment": "Box1",
			"from": [ -4.5, -6, 12 ],
			"to": [ -4, 0, 13 ],
			"faces": {
				"down": { "uv": [ 11.5, 3, 12, 4 ], "texture": "#metal2" },
				"up": { "uv": [ 11.5, 12, 12, 13 ], "texture": "#metal2" },
				"north": { "uv": [ 4, 0, 4.5, 6 ], "texture": "#metal2" },
				"south": { "uv": [ 11.5, 0, 12, 6 ], "texture": "#metal2" },
				"west": { "uv": [ 12, 0, 13, 6 ], "texture": "#metal2" },
				"east": { "uv": [ 3, 0, 4, 6 ], "texture": "#metal2" }
			}
		},
		{
			"__comment": "Box1",
			"from": [ -12, -6, 3 ],
			"to": [ -11.5, 0, 4 ],
			"faces": {
				"down": { "uv": [ 4, 12, 4.5, 13 ], "texture": "#metal2" },
				"up": { "uv": [ 4, 3, 4.5, 4 ], "texture": "#metal2" },
				"north": { "uv": [ 11.5, 0, 12, 6 ], "texture": "#metal2" },
				"south": { "uv": [ 4, 0, 4.5, 6 ], "texture": "#metal2" },
				"west": { "uv": [ 3, 0, 4, 6 ], "texture": "#metal2" },
				"east": { "uv": [ 12, 0, 13, 6 ], "texture": "#metal2" }
			}
		},
		{
			"__comment": "Box1",
			"from": [ -4.5, -6, 3 ],
			"to": [ -4, 0, 4 ],
			"faces": {
				"down": { "uv": [ 11.5, 12, 12, 13 ], "texture": "#metal2" },
				"up": { "uv": [ 11.5, 3, 12, 4 ], "texture": "#metal2" },
				"north": { "uv": [ 4, 0, 4.5, 6 ], "texture": "#metal2" },
				"south": { "uv": [ 11.5, 0, 12, 6 ], "texture": "#metal2" },
				"west": { "uv": [ 3, 0, 4, 6 ], "texture": "#metal2" },
				"east": { "uv": [ 12, 0, 13, 6 ], "texture": "#metal2" }
			}
		},
		{
			"__comment": "Box1",
			"from": [ -12.5, -1, 4.5 ],
			"to": [ -12, 0, 11.5 ],
			"faces": {
				"down": { "uv": [ 3.5, 4.5, 4, 11.5 ], "texture": "#metal2" },
				"up": { "uv": [ 3.5, 4.5, 4, 11.5 ], "texture": "#metal2" },
				"north": { "uv": [ 12, 0, 12.5, 1 ], "texture": "#metal2" },
				"south": { "uv": [ 3.5, 0, 4, 1 ], "texture": "#metal2" },
				"west": { "uv": [ 4.5, 0, 11.5, 1 ], "texture": "#metal2" },
				"east": { "uv": [ 4.5, 0, 11.5, 1 ], "texture": "#metal2" }
			}
		},
		{
			"__comment": "Box1",
			"from": [ -4.5, -6, 4 ],
			"to": [ -4, -5.5, 12 ],
			"faces": {
				"down": { "uv": [ 11.5, 4, 12, 12 ], "texture": "#metal2" },
				"up": { "uv": [ 11.5, 4, 12, 12 ], "texture": "#metal2" },
				"north": { "uv": [ 4, 5.5, 4.5, 6 ], "texture": "#metal2" },
				"south": { "uv": [ 11.5, 5.5, 12, 6 ], "texture": "#metal2" },
				"west": { "uv": [ 4, 5.5, 12, 6 ], "texture": "#metal2" },
				"east": { "uv": [ 4, 5.5, 12, 6 ], "texture": "#metal2" }
			}
		},
		{
			"__comment": "Box1",
			"from": [ -11.5, -6, 4 ],
			"to": [ -4.5, -5.5, 4.5 ],
			"faces": {
				"down": { "uv": [ 4.5, 11.5, 11.5, 12 ], "texture": "#metal2" },
				"up": { "uv": [ 4.5, 4, 11.5, 4.5 ], "texture": "#metal2" },
				"north": { "uv": [ 4.5, 5.5, 11.5, 6 ], "texture": "#metal2" },
				"south": { "uv": [ 4.5, 5.5, 11.5, 6 ], "texture": "#metal2" },
				"west": { "uv": [ 4, 5.5, 4.5, 6 ], "texture": "#metal2" },
				"east": { "uv": [ 11.5, 5.5, 12, 6 ], "texture": "#metal2" }
			}
		},
		{
			"__comment": "Box1",
			"from": [ -12, -6, 4 ],
			"to": [ -11.5, -5.5, 12 ],
			"faces": {
				"down": { "uv": [ 4, 4, 4.5, 12 ], "texture": "#metal2" },
				"up": { "uv": [ 4, 4, 4.5, 12 ], "texture": "#metal2" },
				"north": { "uv": [ 11.5, 5.5, 12, 6 ], "texture": "#metal2" },
				"south": { "uv": [ 4, 5.5, 4.5, 6 ], "texture": "#metal2" },
				"west": { "uv": [ 4, 5.5, 12, 6 ], "texture": "#metal2" },
				"east": { "uv": [ 4, 5.5, 12, 6 ], "texture": "#metal2" }
			}
		},
		{
			"__comment": "Box1",
			"from": [ -12.5, -6, 4.5 ],
			"to": [ -12, -5.5, 11.5 ],
			"faces": {
				"down": { "uv": [ 3.5, 4.5, 4, 11.5 ], "texture": "#metal2" },
				"up": { "uv": [ 3.5, 4.5, 4, 11.5 ], "texture": "#metal2" },
				"north": { "uv": [ 12, 5.5, 12.5, 6 ], "texture": "#metal2" },
				"south": { "uv": [ 3.5, 5.5, 4, 6 ], "texture": "#metal2" },
				"west": { "uv": [ 4.5, 5.5, 11.5, 6 ], "texture": "#metal2" },
				"east": { "uv": [ 4.5, 5.5, 11.5, 6 ], "texture": "#metal2" }
			}
		},
		{
			"__comment": "Box1",
			"from": [ -4, -6, 4.5 ],
			"to": [ -3.5, -5.5, 11.5 ],
			"faces": {
				"down": { "uv": [ 12, 4.5, 12.5, 11.5 ], "texture": "#metal2" },
				"up": { "uv": [ 12, 4.5, 12.5, 11.5 ], "texture": "#metal2" },
				"north": { "uv": [ 3.5, 5.5, 4, 6 ], "texture": "#metal2" },
				"south": { "uv": [ 12, 5.5, 12.5, 6 ], "texture": "#metal2" },
				"west": { "uv": [ 4.5, 5.5, 11.5, 6 ], "texture": "#metal2" },
				"east": { "uv": [ 4.5, 5.5, 11.5, 6 ], "texture": "#metal2" }
			}
		},
		{
			"__comment": "Box1",
			"from": [ -11.5, -6, 3.5 ],
			"to": [ -4.5, -5.5, 4 ],
			"faces": {
				"down": { "uv": [ 4.5, 12, 11.5, 12.5 ], "texture": "#metal2" },
				"up": { "uv": [ 4.5, 3.5, 11.5, 4 ], "texture": "#metal2" },
				"north": { "uv": [ 4.5, 5.5, 11.5, 6 ], "texture": "#metal2" },
				"south": { "uv": [ 4.5, 5.5, 11.5, 6 ], "texture": "#metal2" },
				"west": { "uv": [ 3.5, 5.5, 4, 6 ], "texture": "#metal2" },
				"east": { "uv": [ 12, 5.5, 12.5, 6 ], "texture": "#metal2" }
			}
		},
		{
			"__comment": "Box1",
			"from": [ -8.75, 0.5, 7.25 ],
			"to": [ -7.25, 4.5, 8.75 ],
			"faces": {
				"down": { "uv": [ 7.25, 7.25, 8.75, 8.75 ], "texture": "#metal" },
				"up": { "uv": [ 7.25, 7.25, 8.75, 8.75 ], "texture": "#metal" },
				"north": { "uv": [ 7.25, 11.5, 8.75, 15.5 ], "texture": "#metal" },
				"south": { "uv": [ 7.25, 11.5, 8.75, 15.5 ], "texture": "#metal" },
				"west": { "uv": [ 7.25, 11.5, 8.75, 15.5 ], "texture": "#metal" },
				"east": { "uv": [ 7.25, 11.5, 8.75, 15.5 ], "texture": "#metal" }
			}
		},
		{
			"__comment": "Box1",
			"from": [ -11.5, 4.5, 3 ],
			"to": [ -4.5, 6, 4 ],
			"faces": {
				"down": { "uv": [ 4.5, 12, 11.5, 13 ], "texture": "#metal2" },
				"up": { "uv": [ 4.5, 3, 11.5, 4 ], "texture": "#metal2" },
				"north": { "uv": [ 4.5, 10, 11.5, 11.5 ], "texture": "#metal2" },
				"south": { "uv": [ 4.5, 10, 11.5, 11.5 ], "texture": "#metal2" },
				"west": { "uv": [ 3, 10, 4, 11.5 ], "texture": "#metal2" },
				"east": { "uv": [ 12, 10, 13, 11.5 ], "texture": "#metal2" }
			}
		},
		{
			"__comment": "Box1",
			"from": [ -15, 4.5, 1 ],
			"to": [ -1, 5, 3 ],
			"faces": {
				"down": { "uv": [ 1, 13, 15, 15 ], "texture": "#metal2" },
				"up": { "uv": [ 1, 1, 15, 3 ], "texture": "#metal2" },
				"north": { "uv": [ 1, 11, 15, 11.5 ], "texture": "#metal2" },
				"south": { "uv": [ 1, 11, 15, 11.5 ], "texture": "#metal2" },
				"west": { "uv": [ 1, 11, 3, 11.5 ], "texture": "#metal2" },
				"east": { "uv": [ 13, 11, 15, 11.5 ], "texture": "#metal2" }
			}
		},
		{
			"__comment": "Box1",
			"from": [ -15, 4.5, 13 ],
			"to": [ -1, 5, 15 ],
			"faces": {
				"down": { "uv": [ 1, 1, 15, 3 ], "texture": "#metal2" },
				"up": { "uv": [ 1, 13, 15, 15 ], "texture": "#metal2" },
				"north": { "uv": [ 1, 11, 15, 11.5 ], "texture": "#metal2" },
				"south": { "uv": [ 1, 11, 15, 11.5 ], "texture": "#metal2" },
				"west": { "uv": [ 13, 11, 15, 11.5 ], "texture": "#metal2" },
				"east": { "uv": [ 1, 11, 3, 11.5 ], "texture": "#metal2" }
			}
		},
		{
			"__comment": "Box1",
			"from": [ -3, 4.5, 3 ],
			"to": [ -1, 5, 13 ],
			"faces": {
				"down": { "uv": [ 13, 3, 15, 13 ], "texture": "#metal2" },
				"up": { "uv": [ 13, 3, 15, 13 ], "texture": "#metal2" },
				"north": { "uv": [ 1, 11, 3, 11.5 ], "texture": "#metal2" },
				"south": { "uv": [ 13, 11, 15, 11.5 ], "texture": "#metal2" },
				"west": { "uv": [ 3, 11, 13, 11.5 ], "texture": "#metal2" },
				"east": { "uv": [ 3, 11, 13, 11.5 ], "texture": "#metal2" }
			}
		},
		{
			"__comment": "Box1",
			"from": [ -11.5, -6, 12 ],
			"to": [ -4.5, -5.5, 12.5 ],
			"faces": {
				"down": { "uv": [ 4.5, 3.5, 11.5, 4 ], "texture": "#metal2" },
				"up": { "uv": [ 4.5, 12, 11.5, 12.5 ], "texture": "#metal2" },
				"north": { "uv": [ 4.5, 5.5, 11.5, 6 ], "texture": "#metal2" },
				"south": { "uv": [ 4.5, 5.5, 11.5, 6 ], "texture": "#metal2" },
				"west": { "uv": [ 12, 5.5, 12.5, 6 ], "texture": "#metal2" },
				"east": { "uv": [ 3.5, 5.5, 4, 6 ], "texture": "#metal2" }
			}
		},
		{
			"__comment": "Box1",
			"from": [ -11.5, -1, 12 ],
			"to": [ -4.5, 0, 12.5 ],
			"faces": {
				"down": { "uv": [ 4.5, 3.5, 11.5, 4 ], "texture": "#metal2" },
				"up": { "uv": [ 4.5, 12, 11.5, 12.5 ], "texture": "#metal2" },
				"north": { "uv": [ 4.5, 0, 11.5, 1 ], "texture": "#metal2" },
				"south": { "uv": [ 4.5, 0, 11.5, 1 ], "texture": "#metal2" },
				"west": { "uv": [ 12, 0, 12.5, 1 ], "texture": "#metal2" },
				"east": { "uv": [ 3.5, 0, 4, 1 ], "texture": "#metal2" }
			}
		},
		{
			"__comment": "Box1",
			"from": [ -11.5, -1, 3.5 ],
			"to": [ -4.5, 0, 4 ],
			"faces": {
				"down": { "uv": [ 4.5, 12, 11.5, 12.5 ], "texture": "#metal2" },
				"up": { "uv": [ 4.5, 3.5, 11.5, 4 ], "texture": "#metal2" },
				"north": { "uv": [ 4.5, 0, 11.5, 1 ], "texture": "#metal2" },
				"south": { "uv": [ 4.5, 0, 11.5, 1 ], "texture": "#metal2" },
				"west": { "uv": [ 3.5, 0, 4, 1 ], "texture": "#metal2" },
				"east": { "uv": [ 12, 0, 12.5, 1 ], "texture": "#metal2" }
			}
		},
		{
			"__comment": "Box1",
			"from": [ -4, -1, 4.5 ],
			"to": [ -3.5, 0, 11.5 ],
			"faces": {
				"down": { "uv": [ 12, 4.5, 12.5, 11.5 ], "texture": "#metal2" },
				"up": { "uv": [ 12, 4.5, 12.5, 11.5 ], "texture": "#metal2" },
				"north": { "uv": [ 3.5, 0, 4, 1 ], "texture": "#metal2" },
				"south": { "uv": [ 12, 0, 12.5, 1 ], "texture": "#metal2" },
				"west": { "uv": [ 4.5, 0, 11.5, 1 ], "texture": "#metal2" },
				"east": { "uv": [ 4.5, 0, 11.5, 1 ], "texture": "#metal2" }
			}
		},
		{
			"__comment": "Box1",
			"from": [ -9, 7, 7 ],
			"to": [ -7, 14, 9 ],
			"faces": {
				"down": { "uv": [ 7, 7, 9, 9 ], "texture": "#metal" },
				"up": { "uv": [ 7, 7, 9, 9 ], "texture": "#metal" },
				"north": { "uv": [ 7, 2, 9, 9 ], "texture": "#metal" },
				"south": { "uv": [ 7, 2, 9, 9 ], "texture": "#metal" },
				"west": { "uv": [ 7, 2, 9, 9 ], "texture": "#metal" },
				"east": { "uv": [ 7, 2, 9, 9 ], "texture": "#metal" }
			}
		},
		{
			"__comment": "Box1",
			"from": [ 3, 0, -12 ],
			"to": [ 4, 6, -11.5 ],
			"faces": {
				"down": { "uv": [ 3, 11.5, 4, 12 ], "texture": "#metal2" },
				"up": { "uv": [ 3, 4, 4, 4.5 ], "texture": "#metal2" },
				"north": { "uv": [ 12, 10, 13, 16 ], "texture": "#metal2" },
				"south": { "uv": [ 3, 10, 4, 16 ], "texture": "#metal2" },
				"west": { "uv": [ 4, 10, 4.5, 16 ], "texture": "#metal2" },
				"east": { "uv": [ 11.5, 10, 12, 16 ], "texture": "#metal2" }
			}
		},
		{
			"__comment": "Box1",
			"from": [ 6, 6, -10 ],
			"to": [ 10, 7, -6 ],
			"faces": {
				"down": { "uv": [ 6, 6, 10, 10 ], "texture": "#metal" },
				"up": { "uv": [ 6, 6, 10, 10 ], "texture": "#metal" },
				"north": { "uv": [ 6, 9, 10, 10 ], "texture": "#metal" },
				"south": { "uv": [ 6, 9, 10, 10 ], "texture": "#metal" },
				"west": { "uv": [ 6, 9, 10, 10 ], "texture": "#metal" },
				"east": { "uv": [ 6, 9, 10, 10 ], "texture": "#metal" }
			}
		},
		{
			"__comment": "Box1",
			"from": [ 6.75, -3.5, -9.25 ],
			"to": [ 9.25, 0.5, -6.75 ],
			"faces": {
				"down": { "uv": [ 6.75, 6.75, 9.25, 9.25 ], "texture": "#light" },
				"up": { "uv": [ 6.75, 6.75, 9.25, 9.25 ], "texture": "#light" },
				"north": { "uv": [ 6.75, 15.5, 9.25, 16 ], "texture": "#light" },
				"south": { "uv": [ 6.75, 15.5, 9.25, 16 ], "texture": "#light" },
				"west": { "uv": [ 6.75, 15.5, 9.25, 16 ], "texture": "#light" },
				"east": { "uv": [ 6.75, 15.5, 9.25, 16 ], "texture": "#light" }
			}
		},
		{
			"__comment": "Box1",
			"from": [ 11.5, 0, -4 ],
			"to": [ 13, 6, -3 ],
			"faces": {
				"down": { "uv": [ 11.5, 3, 13, 4 ], "texture": "#metal2" },
				"up": { "uv": [ 11.5, 12, 13, 13 ], "texture": "#metal2" },
				"north": { "uv": [ 3, 10, 4.5, 16 ], "texture": "#metal2" },
				"south": { "uv": [ 11.5, 10, 13, 16 ], "texture": "#metal2" },
				"west": { "uv": [ 12, 10, 13, 16 ], "texture": "#metal2" },
				"east": { "uv": [ 3, 10, 4, 16 ], "texture": "#metal2" }
			}
		},
		{
			"__comment": "Box1",
			"from": [ 3, 0, -4 ],
			"to": [ 4.5, 6, -3 ],
			"faces": {
				"down": { "uv": [ 3, 3, 4.5, 4 ], "texture": "#metal2" },
				"up": { "uv": [ 3, 12, 4.5, 13 ], "texture": "#metal2" },
				"north": { "uv": [ 11.5, 10, 13, 16 ], "texture": "#metal2" },
				"south": { "uv": [ 3, 10, 4.5, 16 ], "texture": "#metal2" },
				"west": { "uv": [ 12, 10, 13, 16 ], "texture": "#metal2" },
				"east": { "uv": [ 3, 10, 4, 16 ], "texture": "#metal2" }
			}
		},
		{
			"__comment": "Box1",
			"from": [ 3, -6, -4 ],
			"to": [ 4.5, 0, -3 ],
			"faces": {
				"down": { "uv": [ 3, 3, 4.5, 4 ], "texture": "#metal2" },
				"up": { "uv": [ 3, 12, 4.5, 13 ], "texture": "#metal2" },
				"north": { "uv": [ 11.5, 0, 13, 6 ], "texture": "#metal2" },
				"south": { "uv": [ 3, 0, 4.5, 6 ], "texture": "#metal2" },
				"west": { "uv": [ 12, 0, 13, 6 ], "texture": "#metal2" },
				"east": { "uv": [ 3, 0, 4, 6 ], "texture": "#metal2" }
			}
		},
		{
			"__comment": "Box1",
			"from": [ 11.5, 0, -13 ],
			"to": [ 13, 6, -12 ],
			"faces": {
				"down": { "uv": [ 11.5, 12, 13, 13 ], "texture": "#metal2" },
				"up": { "uv": [ 11.5, 3, 13, 4 ], "texture": "#metal2" },
				"north": { "uv": [ 3, 10, 4.5, 16 ], "texture": "#metal2" },
				"south": { "uv": [ 11.5, 10, 13, 16 ], "texture": "#metal2" },
				"west": { "uv": [ 3, 10, 4, 16 ], "texture": "#metal2" },
				"east": { "uv": [ 12, 10, 13, 16 ], "texture": "#metal2" }
			}
		},
		{
			"__comment": "Box1",
			"from": [ 12, 0, -12 ],
			"to": [ 13, 6, -11.5 ],
			"faces": {
				"down": { "uv": [ 12, 11.5, 13, 12 ], "texture": "#metal2" },
				"up": { "uv": [ 12, 4, 13, 4.5 ], "texture": "#metal2" },
				"north": { "uv": [ 3, 10, 4, 16 ], "texture": "#metal2" },
				"south": { "uv": [ 12, 10, 13, 16 ], "texture": "#metal2" },
				"west": { "uv": [ 4, 10, 4.5, 16 ], "texture": "#metal2" },
				"east": { "uv": [ 11.5, 10, 12, 16 ], "texture": "#metal2" }
			}
		},
		{
			"__comment": "Box1",
			"from": [ 4.5, 4.5, -13 ],
			"to": [ 11.5, 6, -12 ],
			"faces": {
				"down": { "uv": [ 4.5, 12, 11.5, 13 ], "texture": "#metal2" },
				"up": { "uv": [ 4.5, 3, 11.5, 4 ], "texture": "#metal2" },
				"north": { "uv": [ 4.5, 10, 11.5, 11.5 ], "texture": "#metal2" },
				"south": { "uv": [ 4.5, 10, 11.5, 11.5 ], "texture": "#metal2" },
				"west": { "uv": [ 3, 10, 4, 11.5 ], "texture": "#metal2" },
				"east": { "uv": [ 12, 10, 13, 11.5 ], "texture": "#metal2" }
			}
		},
		{
			"__comment": "Box1",
			"from": [ 3, -6, -12 ],
			"to": [ 4, 0, -11.5 ],
			"faces": {
				"down": { "uv": [ 3, 11.5, 4, 12 ], "texture": "#metal2" },
				"up": { "uv": [ 3, 4, 4, 4.5 ], "texture": "#metal2" },
				"north": { "uv": [ 12, 0, 13, 6 ], "texture": "#metal2" },
				"south": { "uv": [ 3, 0, 4, 6 ], "texture": "#metal2" },
				"west": { "uv": [ 4, 0, 4.5, 6 ], "texture": "#metal2" },
				"east": { "uv": [ 11.5, 0, 12, 6 ], "texture": "#metal2" }
			}
		},
		{
			"__comment": "Box1",
			"from": [ 12, 0, -4.5 ],
			"to": [ 13, 6, -4 ],
			"faces": {
				"down": { "uv": [ 12, 4, 13, 4.5 ], "texture": "#metal2" },
				"up": { "uv": [ 12, 11.5, 13, 12 ], "texture": "#metal2" },
				"north": { "uv": [ 3, 10, 4, 16 ], "texture": "#metal2" },
				"south": { "uv": [ 12, 10, 13, 16 ], "texture": "#metal2" },
				"west": { "uv": [ 11.5, 10, 12, 16 ], "texture": "#metal2" },
				"east": { "uv": [ 4, 10, 4.5, 16 ], "texture": "#metal2" }
			}
		},
		{
			"__comment": "Box1",
			"from": [ 3, 4.5, -11.5 ],
			"to": [ 4, 6, -4.5 ],
			"faces": {
				"down": { "uv": [ 3, 4.5, 4, 11.5 ], "texture": "#metal2" },
				"up": { "uv": [ 3, 4.5, 4, 11.5 ], "texture": "#metal2" },
				"north": { "uv": [ 12, 10, 13, 11.5 ], "texture": "#metal2" },
				"south": { "uv": [ 3, 10, 4, 11.5 ], "texture": "#metal2" },
				"west": { "uv": [ 4.5, 10, 11.5, 11.5 ], "texture": "#metal2" },
				"east": { "uv": [ 4.5, 10, 11.5, 11.5 ], "texture": "#metal2" }
			}
		},
		{
			"__comment": "Box1",
			"from": [ 4, 4.5, -12 ],
			"to": [ 12, 6, -4 ],
			"faces": {
				"down": { "uv": [ 4, 4, 12, 12 ], "texture": "#metal2" },
				"up": { "uv": [ 4, 4, 12, 12 ], "texture": "#metal2" },
				"north": { "uv": [ 4, 10, 12, 11.5 ], "texture": "#metal2" },
				"south": { "uv": [ 4, 10, 12, 11.5 ], "texture": "#metal2" },
				"west": { "uv": [ 4, 10, 12, 11.5 ], "texture": "#metal2" },
				"east": { "uv": [ 4, 10, 12, 11.5 ], "texture": "#metal2" }
			}
		},
		{
			"__comment": "Box1",
			"from": [ 3, 4.5, -15 ],
			"to": [ 13, 5, -13 ],
			"faces": {
				"down": { "uv": [ 3, 13, 13, 15 ], "texture": "#metal2" },
				"up": { "uv": [ 3, 1, 13, 3 ], "texture": "#metal2" },
				"north": { "uv": [ 3, 11, 13, 11.5 ], "texture": "#metal2" },
				"south": { "uv": [ 3, 11, 13, 11.5 ], "texture": "#metal2" },
				"west": { "uv": [ 1, 11, 3, 11.5 ], "texture": "#metal2" },
				"east": { "uv": [ 13, 11, 15, 11.5 ], "texture": "#metal2" }
			}
		},
		{
			"__comment": "Box1",
			"from": [ 4.5, 4.5, -4 ],
			"to": [ 11.5, 6, -3 ],
			"faces": {
				"down": { "uv": [ 4.5, 3, 11.5, 4 ], "texture": "#metal2" },
				"up": { "uv": [ 4.5, 12, 11.5, 13 ], "texture": "#metal2" },
				"north": { "uv": [ 4.5, 10, 11.5, 11.5 ], "texture": "#metal2" },
				"south": { "uv": [ 4.5, 10, 11.5, 11.5 ], "texture": "#metal2" },
				"west": { "uv": [ 12, 10, 13, 11.5 ], "texture": "#metal2" },
				"east": { "uv": [ 3, 10, 4, 11.5 ], "texture": "#metal2" }
			}
		},
		{
			"__comment": "Box1",
			"from": [ 4, -6, -11.5 ],
			"to": [ 4.5, -5.5, -4.5 ],
			"faces": {
				"down": { "uv": [ 4, 4.5, 4.5, 11.5 ], "texture": "#metal2" },
				"up": { "uv": [ 4, 4.5, 4.5, 11.5 ], "texture": "#metal2" },
				"north": { "uv": [ 11.5, 5.5, 12, 6 ], "texture": "#metal2" },
				"south": { "uv": [ 4, 5.5, 4.5, 6 ], "texture": "#metal2" },
				"west": { "uv": [ 4.5, 5.5, 11.5, 6 ], "texture": "#metal2" },
				"east": { "uv": [ 4.5, 5.5, 11.5, 6 ], "texture": "#metal2" }
			}
		},
		{
			"__comment": "Box1",
			"from": [ 3, 0, -13 ],
			"to": [ 4.5, 6, -12 ],
			"faces": {
				"down": { "uv": [ 3, 12, 4.5, 13 ], "texture": "#metal2" },
				"up": { "uv": [ 3, 3, 4.5, 4 ], "texture": "#metal2" },
				"north": { "uv": [ 11.5, 10, 13, 16 ], "texture": "#metal2" },
				"south": { "uv": [ 3, 10, 4.5, 16 ], "texture": "#metal2" },
				"west": { "uv": [ 3, 10, 4, 16 ], "texture": "#metal2" },
				"east": { "uv": [ 12, 10, 13, 16 ], "texture": "#metal2" }
			}
		},
		{
			"__comment": "Box1",
			"from": [ 3, -6, -13 ],
			"to": [ 4.5, 0, -12 ],
			"faces": {
				"down": { "uv": [ 3, 12, 4.5, 13 ], "texture": "#metal2" },
				"up": { "uv": [ 3, 3, 4.5, 4 ], "texture": "#metal2" },
				"north": { "uv": [ 11.5, 0, 13, 6 ], "texture": "#metal2" },
				"south": { "uv": [ 3, 0, 4.5, 6 ], "texture": "#metal2" },
				"west": { "uv": [ 3, 0, 4, 6 ], "texture": "#metal2" },
				"east": { "uv": [ 12, 0, 13, 6 ], "texture": "#metal2" }
			}
		},
		{
			"__comment": "Box1",
			"from": [ 11.5, -6, -13 ],
			"to": [ 13, 0, -12 ],
			"faces": {
				"down": { "uv": [ 11.5, 12, 13, 13 ], "texture": "#metal2" },
				"up": { "uv": [ 11.5, 3, 13, 4 ], "texture": "#metal2" },
				"north": { "uv": [ 3, 0, 4.5, 6 ], "texture": "#metal2" },
				"south": { "uv": [ 11.5, 0, 13, 6 ], "texture": "#metal2" },
				"west": { "uv": [ 3, 0, 4, 6 ], "texture": "#metal2" },
				"east": { "uv": [ 12, 0, 13, 6 ], "texture": "#metal2" }
			}
		},
		{
			"__comment": "Box1",
			"from": [ 11.5, -6, -4 ],
			"to": [ 13, 0, -3 ],
			"faces": {
				"down": { "uv": [ 11.5, 3, 13, 4 ], "texture": "#metal2" },
				"up": { "uv": [ 11.5, 12, 13, 13 ], "texture": "#metal2" },
				"north": { "uv": [ 3, 0, 4.5, 6 ], "texture": "#metal2" },
				"south": { "uv": [ 11.5, 0, 13, 6 ], "texture": "#metal2" },
				"west": { "uv": [ 12, 0, 13, 6 ], "texture": "#metal2" },
				"east": { "uv": [ 3, 0, 4, 6 ], "texture": "#metal2" }
			}
		},
		{
			"__comment": "Box1",
			"from": [ 3, 0, -4.5 ],
			"to": [ 4, 6, -4 ],
			"faces": {
				"down": { "uv": [ 3, 4, 4, 4.5 ], "texture": "#metal2" },
				"up": { "uv": [ 3, 11.5, 4, 12 ], "texture": "#metal2" },
				"north": { "uv": [ 12, 10, 13, 16 ], "texture": "#metal2" },
				"south": { "uv": [ 3, 10, 4, 16 ], "texture": "#metal2" },
				"west": { "uv": [ 11.5, 10, 12, 16 ], "texture": "#metal2" },
				"east": { "uv": [ 4, 10, 4.5, 16 ], "texture": "#metal2" }
			}
		},
		{
			"__comment": "Box1",
			"from": [ 3, -6, -4.5 ],
			"to": [ 4, 0, -4 ],
			"faces": {
				"down": { "uv": [ 3, 4, 4, 4.5 ], "texture": "#metal2" },
				"up": { "uv": [ 3, 11.5, 4, 12 ], "texture": "#metal2" },
				"north": { "uv": [ 12, 0, 13, 6 ], "texture": "#metal2" },
				"south": { "uv": [ 3, 0, 4, 6 ], "texture": "#metal2" },
				"west": { "uv": [ 11.5, 0, 12, 6 ], "texture": "#metal2" },
				"east": { "uv": [ 4, 0, 4.5, 6 ], "texture": "#metal2" }
			}
		},
		{
			"__comment": "Box1",
			"from": [ 12, -6, -12 ],
			"to": [ 13, 0, -11.5 ],
			"faces": {
				"down": { "uv": [ 12, 11.5, 13, 12 ], "texture": "#metal2" },
				"up": { "uv": [ 12, 4, 13, 4.5 ], "texture": "#metal2" },
				"north": { "uv": [ 3, 0, 4, 6 ], "texture": "#metal2" },
				"south": { "uv": [ 12, 0, 13, 6 ], "texture": "#metal2" },
				"west": { "uv": [ 4, 0, 4.5, 6 ], "texture": "#metal2" },
				"east": { "uv": [ 11.5, 0, 12, 6 ], "texture": "#metal2" }
			}
		},
		{
			"__comment": "Box1",
			"from": [ 12, -6, -4.5 ],
			"to": [ 13, 0, -4 ],
			"faces": {
				"down": { "uv": [ 12, 4, 13, 4.5 ], "texture": "#metal2" },
				"up": { "uv": [ 12, 11.5, 13, 12 ], "texture": "#metal2" },
				"north": { "uv": [ 3, 0, 4, 6 ], "texture": "#metal2" },
				"south": { "uv": [ 12, 0, 13, 6 ], "texture": "#metal2" },
				"west": { "uv": [ 11.5, 0, 12, 6 ], "texture": "#metal2" },
				"east": { "uv": [ 4, 0, 4.5, 6 ], "texture": "#metal2" }
			}
		},
		{
			"__comment": "Box1",
			"from": [ 4.5, -1, -12.5 ],
			"to": [ 11.5, 0, -12 ],
			"faces": {
				"down": { "uv": [ 4.5, 12, 11.5, 12.5 ], "texture": "#metal2" },
				"up": { "uv": [ 4.5, 3.5, 11.5, 4 ], "texture": "#metal2" },
				"north": { "uv": [ 4.5, 0, 11.5, 1 ], "texture": "#metal2" },
				"south": { "uv": [ 4.5, 0, 11.5, 1 ], "texture": "#metal2" },
				"west": { "uv": [ 3.5, 0, 4, 1 ], "texture": "#metal2" },
				"east": { "uv": [ 12, 0, 12.5, 1 ], "texture": "#metal2" }
			}
		},
		{
			"__comment": "Box1",
			"from": [ 4, -6, -4.5 ],
			"to": [ 12, -5.5, -4 ],
			"faces": {
				"down": { "uv": [ 4, 4, 12, 4.5 ], "texture": "#metal2" },
				"up": { "uv": [ 4, 11.5, 12, 12 ], "texture": "#metal2" },
				"north": { "uv": [ 4, 5.5, 12, 6 ], "texture": "#metal2" },
				"south": { "uv": [ 4, 5.5, 12, 6 ], "texture": "#metal2" },
				"west": { "uv": [ 11.5, 5.5, 12, 6 ], "texture": "#metal2" },
				"east": { "uv": [ 4, 5.5, 4.5, 6 ], "texture": "#metal2" }
			}
		},
		{
			"__comment": "Box1",
			"from": [ 11.5, -6, -11.5 ],
			"to": [ 12, -5.5, -4.5 ],
			"faces": {
				"down": { "uv": [ 11.5, 4.5, 12, 11.5 ], "texture": "#metal2" },
				"up": { "uv": [ 11.5, 4.5, 12, 11.5 ], "texture": "#metal2" },
				"north": { "uv": [ 4, 5.5, 4.5, 6 ], "texture": "#metal2" },
				"south": { "uv": [ 11.5, 5.5, 12, 6 ], "texture": "#metal2" },
				"west": { "uv": [ 4.5, 5.5, 11.5, 6 ], "texture": "#metal2" },
				"east": { "uv": [ 4.5, 5.5, 11.5, 6 ], "texture": "#metal2" }
			}
		},
		{
			"__comment": "Box1",
			"from": [ 4, -6, -12 ],
			"to": [ 12, -5.5, -11.5 ],
			"faces": {
				"down": { "uv": [ 4, 11.5, 12, 12 ], "texture": "#metal2" },
				"up": { "uv": [ 4, 4, 12, 4.5 ], "texture": "#metal2" },
				"north": { "uv": [ 4, 5.5, 12, 6 ], "texture": "#metal2" },
				"south": { "uv": [ 4, 5.5, 12, 6 ], "texture": "#metal2" },
				"west": { "uv": [ 4, 5.5, 4.5, 6 ], "texture": "#metal2" },
				"east": { "uv": [ 11.5, 5.5, 12, 6 ], "texture": "#metal2" }
			}
		},
		{
			"__comment": "Box1",
			"from": [ 4.5, -6, -12.5 ],
			"to": [ 11.5, -5.5, -12 ],
			"faces": {
				"down": { "uv": [ 4.5, 12, 11.5, 12.5 ], "texture": "#metal2" },
				"up": { "uv": [ 4.5, 3.5, 11.5, 4 ], "texture": "#metal2" },
				"north": { "uv": [ 4.5, 5.5, 11.5, 6 ], "texture": "#metal2" },
				"south": { "uv": [ 4.5, 5.5, 11.5, 6 ], "texture": "#metal2" },
				"west": { "uv": [ 3.5, 5.5, 4, 6 ], "texture": "#metal2" },
				"east": { "uv": [ 12, 5.5, 12.5, 6 ], "texture": "#metal2" }
			}
		},
		{
			"__comment": "Box1",
			"from": [ 4.5, -6, -4 ],
			"to": [ 11.5, -5.5, -3.5 ],
			"faces": {
				"down": { "uv": [ 4.5, 3.5, 11.5, 4 ], "texture": "#metal2" },
				"up": { "uv": [ 4.5, 12, 11.5, 12.5 ], "texture": "#metal2" },
				"north": { "uv": [ 4.5, 5.5, 11.5, 6 ], "texture": "#metal2" },
				"south": { "uv": [ 4.5, 5.5, 11.5, 6 ], "texture": "#metal2" },
				"west": { "uv": [ 12, 5.5, 12.5, 6 ], "texture": "#metal2" },
				"east": { "uv": [ 3.5, 5.5, 4, 6 ], "texture": "#metal2" }
			}
		},
		{
			"__comment": "Box1",
			"from": [ 12, -6, -11.5 ],
			"to": [ 12.5, -5.5, -4.5 ],
			"faces": {
				"down": { "uv": [ 12, 4.5, 12.5, 11.5 ], "texture": "#metal2" },
				"up": { "uv": [ 12, 4.5, 12.5, 11.5 ], "texture": "#metal2" },
				"north": { "uv": [ 3.5, 5.5, 4, 6 ], "texture": "#metal2" },
				"south": { "uv": [ 12, 5.5, 12.5, 6 ], "texture": "#metal2" },
				"west": { "uv": [ 4.5, 5.5, 11.5, 6 ], "texture": "#metal2" },
				"east": { "uv": [ 4.5, 5.5, 11.5, 6 ], "texture": "#metal2" }
			}
		},
		{
			"__comment": "Box1",
			"from": [ 7.25, 0.5, -8.75 ],
			"to": [ 8.75, 4.5, -7.25 ],
			"faces": {
				"down": { "uv": [ 7.25, 7.25, 8.75, 8.75 ], "texture": "#metal" },
				"up": { "uv": [ 7.25, 7.25, 8.75, 8.75 ], "texture": "#metal" },
				"north": { "uv": [ 7.25, 11.5, 8.75, 15.5 ], "texture": "#metal" },
				"south": { "uv": [ 7.25, 11.5, 8.75, 15.5 ], "texture": "#metal" },
				"west": { "uv": [ 7.25, 11.5, 8.75, 15.5 ], "texture": "#metal" },
				"east": { "uv": [ 7.25, 11.5, 8.75, 15.5 ], "texture": "#metal" }
			}
		},
		{
			"__comment": "Box1",
			"from": [ 12, 4.5, -11.5 ],
			"to": [ 13, 6, -4.5 ],
			"faces": {
				"down": { "uv": [ 12, 4.5, 13, 11.5 ], "texture": "#metal2" },
				"up": { "uv": [ 12, 4.5, 13, 11.5 ], "texture": "#metal2" },
				"north": { "uv": [ 3, 10, 4, 11.5 ], "texture": "#metal2" },
				"south": { "uv": [ 12, 10, 13, 11.5 ], "texture": "#metal2" },
				"west": { "uv": [ 4.5, 10, 11.5, 11.5 ], "texture": "#metal2" },
				"east": { "uv": [ 4.5, 10, 11.5, 11.5 ], "texture": "#metal2" }
			}
		},
		{
			"__comment": "Box1",
			"from": [ 13, 4.5, -15 ],
			"to": [ 15, 5, -1 ],
			"faces": {
				"down": { "uv": [ 13, 1, 15, 15 ], "texture": "#metal2" },
				"up": { "uv": [ 13, 1, 15, 15 ], "texture": "#metal2" },
				"north": { "uv": [ 1, 11, 3, 11.5 ], "texture": "#metal2" },
				"south": { "uv": [ 13, 11, 15, 11.5 ], "texture": "#metal2" },
				"west": { "uv": [ 1, 11, 15, 11.5 ], "texture": "#metal2" },
				"east": { "uv": [ 1, 11, 15, 11.5 ], "texture": "#metal2" }
			}
		},
		{
			"__comment": "Box1",
			"from": [ 1, 4.5, -15 ],
			"to": [ 3, 5, -1 ],
			"faces": {
				"down": { "uv": [ 1, 1, 3, 15 ], "texture": "#metal2" },
				"up": { "uv": [ 1, 1, 3, 15 ], "texture": "#metal2" },
				"north": { "uv": [ 13, 11, 15, 11.5 ], "texture": "#metal2" },
				"south": { "uv": [ 1, 11, 3, 11.5 ], "texture": "#metal2" },
				"west": { "uv": [ 1, 11, 15, 11.5 ], "texture": "#metal2" },
				"east": { "uv": [ 1, 11, 15, 11.5 ], "texture": "#metal2" }
			}
		},
		{
			"__comment": "Box1",
			"from": [ 3, 4.5, -3 ],
			"to": [ 13, 5, -1 ],
			"faces": {
				"down": { "uv": [ 3, 1, 13, 3 ], "texture": "#metal2" },
				"up": { "uv": [ 3, 13, 13, 15 ], "texture": "#metal2" },
				"north": { "uv": [ 3, 11, 13, 11.5 ], "texture": "#metal2" },
				"south": { "uv": [ 3, 11, 13, 11.5 ], "texture": "#metal2" },
				"west": { "uv": [ 13, 11, 15, 11.5 ], "texture": "#metal2" },
				"east": { "uv": [ 1, 11, 3, 11.5 ], "texture": "#metal2" }
			}
		},
		{
			"__comment": "Box1",
			"from": [ 3.5, -6, -11.5 ],
			"to": [ 4, -5.5, -4.5 ],
			"faces": {
				"down": { "uv": [ 3.5, 4.5, 4, 11.5 ], "texture": "#metal2" },
				"up": { "uv": [ 3.5, 4.5, 4, 11.5 ], "texture": "#metal2" },
				"north": { "uv": [ 12, 5.5, 12.5, 6 ], "texture": "#metal2" },
				"south": { "uv": [ 3.5, 5.5, 4, 6 ], "texture": "#metal2" },
				"west": { "uv": [ 4.5, 5.5, 11.5, 6 ], "texture": "#metal2" },
				"east": { "uv": [ 4.5, 5.5, 11.5, 6 ], "texture": "#metal2" }
			}
		},
		{
			"__comment": "Box1",
			"from": [ 3.5, -1, -11.5 ],
			"to": [ 4, 0, -4.5 ],
			"faces": {
				"down": { "uv": [ 3.5, 4.5, 4, 11.5 ], "texture": "#metal2" },
				"up": { "uv": [ 3.5, 4.5, 4, 11.5 ], "texture": "#metal2" },
				"north": { "uv": [ 12, 0, 12.5, 1 ], "texture": "#metal2" },
				"south": { "uv": [ 3.5, 0, 4, 1 ], "texture": "#metal2" },
				"west": { "uv": [ 4.5, 0, 11.5, 1 ], "texture": "#metal2" },
				"east": { "uv": [ 4.5, 0, 11.5, 1 ], "texture": "#metal2" }
			}
		},
		{
			"__comment": "Box1",
			"from": [ 12, -1, -11.5 ],
			"to": [ 12.5, 0, -4.5 ],
			"faces": {
				"down": { "uv": [ 12, 4.5, 12.5, 11.5 ], "texture": "#metal2" },
				"up": { "uv": [ 12, 4.5, 12.5, 11.5 ], "texture": "#metal2" },
				"north": { "uv": [ 3.5, 0, 4, 1 ], "texture": "#metal2" },
				"south": { "uv": [ 12, 0, 12.5, 1 ], "texture": "#metal2" },
				"west": { "uv": [ 4.5, 0, 11.5, 1 ], "texture": "#metal2" },
				"east": { "uv": [ 4.5, 0, 11.5, 1 ], "texture": "#metal2" }
			}
		},
		{
			"__comment": "Box1",
			"from": [ 4.5, -1, -4 ],
			"to": [ 11.5, 0, -3.5 ],
			"faces": {
				"down": { "uv": [ 4.5, 3.5, 11.5, 4 ], "texture": "#metal2" },
				"up": { "uv": [ 4.5, 12, 11.5, 12.5 ], "texture": "#metal2" },
				"north": { "uv": [ 4.5, 0, 11.5, 1 ], "texture": "#metal2" },
				"south": { "uv": [ 4.5, 0, 11.5, 1 ], "texture": "#metal2" },
				"west": { "uv": [ 12, 0, 12.5, 1 ], "texture": "#metal2" },
				"east": { "uv": [ 3.5, 0, 4, 1 ], "texture": "#metal2" }
			}
		},
		{
			"__comment": "Box1",
			"from": [ 6, 14, 10 ],
			"to": [ 10, 16, 16 ],
			"faces": {
				"down": { "uv": [ 6, 0, 10, 6 ], "texture": "#wood" },
				"up": { "uv": [ 6, 10, 10, 16 ], "texture": "#wood" },
				"north": { "uv": [ 6, 0, 10, 2 ], "texture": "#wood" },
				"south": { "uv": [ 6, 0, 10, 2 ], "texture": "#wood" },
				"west": { "uv": [ 10, 0, 16, 2 ], "texture": "#wood" },
				"east": { "uv": [ 0, 0, 6, 2 ], "texture": "#wood" }
			}
		},
		{
			"__comment": "Box1",
			"from": [ 7, 7, -9 ],
			"to": [ 9, 14, -7 ],
			"faces": {
				"down": { "uv": [ 7, 7, 9, 9 ], "texture": "#metal" },
				"up": { "uv": [ 7, 7, 9, 9 ], "texture": "#metal" },
				"north": { "uv": [ 7, 2, 9, 9 ], "texture": "#metal" },
				"south": { "uv": [ 7, 2, 9, 9 ], "texture": "#metal" },
				"west": { "uv": [ 7, 2, 9, 9 ], "texture": "#metal" },
				"east": { "uv": [ 7, 2, 9, 9 ], "texture": "#metal" }
			}
		},
		{
			"__comment": "Box1",
			"from": [ 6, 14, 0 ],
			"to": [ 10, 16, 6 ],
			"faces": {
				"down": { "uv": [ 6, 10, 10, 16 ], "texture": "#wood" },
				"up": { "uv": [ 6, 0, 10, 6 ], "texture": "#wood" },
				"north": { "uv": [ 6, 0, 10, 2 ], "texture": "#wood" },
				"south": { "uv": [ 6, 0, 10, 2 ], "texture": "#wood" },
				"west": { "uv": [ 0, 0, 6, 2 ], "texture": "#wood" },
				"east": { "uv": [ 10, 0, 16, 2 ], "texture": "#wood" }
			}
		},
		{
			"__comment": "Box1",
			"from": [ 6, 16, 0 ],
			"to": [ 10, 18, 6 ],
			"faces": {
				"down": { "uv": [ 6, 10, 10, 16 ], "texture": "#wood" },
				"up": { "uv": [ 6, 0, 10, 6 ], "texture": "#wood" },
				"north": { "uv": [ 6, 14, 10, 16 ], "texture": "#wood" },
				"south": { "uv": [ 6, 14, 10, 16 ], "texture": "#wood" },
				"west": { "uv": [ 0, 14, 6, 16 ], "texture": "#wood" },
				"east": { "uv": [ 10, 14, 16, 16 ], "texture": "#wood" }
			}
		},
		{
			"__comment": "Box1",
			"from": [ 6, 16, 10 ],
			"to": [ 10, 18, 16 ],
			"faces": {
				"down": { "uv": [ 6, 0, 10, 6 ], "texture": "#wood" },
				"up": { "uv": [ 6, 10, 10, 16 ], "texture": "#wood" },
				"north": { "uv": [ 6, 14, 10, 16 ], "texture": "#wood" },
				"south": { "uv": [ 6, 14, 10, 16 ], "texture": "#wood" },
				"west": { "uv": [ 10, 14, 16, 16 ], "texture": "#wood" },
				"east": { "uv": [ 0, 14, 6, 16 ], "texture": "#wood" }
			}
		},
		{
			"__comment": "Box1",
			"from": [ 0, 16, 6 ],
			"to": [ 16, 18, 10 ],
			"faces": {
				"down": { "uv": [ 0, 6, 16, 10 ], "texture": "#wood" },
				"up": { "uv": [ 0, 6, 16, 10 ], "texture": "#wood" },
				"north": { "uv": [ 0, 14, 16, 16 ], "texture": "#wood" },
				"south": { "uv": [ 0, 14, 16, 16 ], "texture": "#wood" },
				"west": { "uv": [ 6, 14, 10, 16 ], "texture": "#wood" },
				"east": { "uv": [ 6, 14, 10, 16 ], "texture": "#wood" }
			}
		},
		{
			"__comment": "Box1",
			"from": [ 5, 13, 5 ],
			"to": [ 11, 16, 11 ],
			"faces": {
				"down": { "uv": [ 5, 5, 11, 11 ], "texture": "#metal" },
				"up": { "uv": [ 5, 5, 11, 11 ], "texture": "#metal" },
				"north": { "uv": [ 5, 0, 11, 3 ], "texture": "#metal" },
				"south": { "uv": [ 5, 0, 11, 3 ], "texture": "#metal" },
				"west": { "uv": [ 5, 0, 11, 3 ], "texture": "#metal" },
				"east": { "uv": [ 5, 0, 11, 3 ], "texture": "#metal" }
			}
		},
		{
			"__comment": "Box1",
			"from": [ 0, 14, 6 ],
			"to": [ 16, 16, 10 ],
			"faces": {
				"down": { "uv": [ 0, 6, 16, 10 ], "texture": "#wood" },
				"up": { "uv": [ 0, 6, 16, 10 ], "texture": "#wood" },
				"north": { "uv": [ 0, 0, 16, 2 ], "texture": "#wood" },
				"south": { "uv": [ 0, 0, 16, 2 ], "texture": "#wood" },
				"west": { "uv": [ 6, 0, 10, 2 ], "texture": "#wood" },
				"east": { "uv": [ 6, 0, 10, 2 ], "texture": "#wood" }
			}
		},
		{
			"__comment": "Box1",
			"from": [ 6, 14, -13 ],
			"to": [ 10, 16, 0 ],
			"faces": {
				"down": { "uv": [ 6, 0, 10, 13 ], "texture": "#wood" },
				"up": { "uv": [ 6, 3, 10, 16 ], "texture": "#wood" },
				"north": { "uv": [ 6, 0, 10, 2 ], "texture": "#wood" },
				"south": { "uv": [ 6, 0, 10, 2 ], "texture": "#wood" },
				"west": { "uv": [ 3, 0, 16, 2 ], "texture": "#wood" },
				"east": { "uv": [ 0, 0, 13, 2 ], "texture": "#wood" }
			}
		},
		{
			"__comment": "Box1",
			"from": [ -13, 16, 6 ],
			"to": [ 0, 18, 10 ],
			"faces": {
				"down": { "uv": [ 3, 6, 16, 10 ], "texture": "#wood" },
				"up": { "uv": [ 3, 6, 16, 10 ], "texture": "#wood" },
				"north": { "uv": [ 0, 14, 13, 16 ], "texture": "#wood" },
				"south": { "uv": [ 3, 14, 16, 16 ], "texture": "#wood" },
				"west": { "uv": [ 6, 14, 10, 16 ], "texture": "#wood" },
				"east": { "uv": [ 6, 14, 10, 16 ], "texture": "#wood" }
			}
		},
		{
			"__comment": "Box1",
			"from": [ 16, 16, 6 ],
			"to": [ 29, 18, 10 ],
			"faces": {
				"down": { "uv": [ 0, 6, 13, 10 ], "texture": "#wood" },
				"up": { "uv": [ 0, 6, 13, 10 ], "texture": "#wood" },
				"north": { "uv": [ 3, 14, 16, 16 ], "texture": "#wood" },
				"south": { "uv": [ 0, 14, 13, 16 ], "texture": "#wood" },
				"west": { "uv": [ 6, 14, 10, 16 ], "texture": "#wood" },
				"east": { "uv": [ 6, 14, 10, 16 ], "texture": "#wood" }
			}
		},
		{
			"__comment": "Box1",
			"from": [ 16, 14, 6 ],
			"to": [ 29, 16, 10 ],
			"faces": {
				"down": { "uv": [ 0, 6, 13, 10 ], "texture": "#wood" },
				"up": { "uv": [ 0, 6, 13, 10 ], "texture": "#wood" },
				"north": { "uv": [ 3, 0, 16, 2 ], "texture": "#wood" },
				"south": { "uv": [ 0, 0, 13, 2 ], "texture": "#wood" },
				"west": { "uv": [ 6, 0, 10, 2 ], "texture": "#wood" },
				"east": { "uv": [ 6, 0, 10, 2 ], "texture": "#wood" }
			}
		},
		{
			"__comment": "Box1",
			"from": [ 22, 6, 6 ],
			"to": [ 26, 7, 10 ],
			"faces": {
				"down": { "uv": [ 6, 6, 10, 10 ], "texture": "#metal" },
				"up": { "uv": [ 6, 6, 10, 10 ], "texture": "#metal" },
				"north": { "uv": [ 6, 9, 10, 10 ], "texture": "#metal" },
				"south": { "uv": [ 6, 9, 10, 10 ], "texture": "#metal" },
				"west": { "uv": [ 6, 9, 10, 10 ], "texture": "#metal" },
				"east": { "uv": [ 6, 9, 10, 10 ], "texture": "#metal" }
			}
		},
		{
			"__comment": "Box1",
			"from": [ 22.5, 13.5, 6.5 ],
			"to": [ 25.5, 14, 9.5 ],
			"faces": {
				"down": { "uv": [ 6.5, 6.5, 9.5, 9.5 ], "texture": "#metal" },
				"up": { "uv": [ 6.5, 6.5, 9.5, 9.5 ], "texture": "#metal" },
				"north": { "uv": [ 6.5, 2, 9.5, 2.5 ], "texture": "#metal" },
				"south": { "uv": [ 6.5, 2, 9.5, 2.5 ], "texture": "#metal" },
				"west": { "uv": [ 6.5, 2, 9.5, 2.5 ], "texture": "#metal" },
				"east": { "uv": [ 6.5, 2, 9.5, 2.5 ], "texture": "#metal" }
			}
		},
		{
			"__comment": "Box1",
			"from": [ 6.5, 13.5, 22.5 ],
			"to": [ 9.5, 14, 25.5 ],
			"faces": {
				"down": { "uv": [ 6.5, 6.5, 9.5, 9.5 ], "texture": "#metal" },
				"up": { "uv": [ 6.5, 6.5, 9.5, 9.5 ], "texture": "#metal" },
				"north": { "uv": [ 6.5, 2, 9.5, 2.5 ], "texture": "#metal" },
				"south": { "uv": [ 6.5, 2, 9.5, 2.5 ], "texture": "#metal" },
				"west": { "uv": [ 6.5, 2, 9.5, 2.5 ], "texture": "#metal" },
				"east": { "uv": [ 6.5, 2, 9.5, 2.5 ], "texture": "#metal" }
			}
		},
		{
			"__comment": "Box1",
			"from": [ -9.5, 13.5, 6.5 ],
			"to": [ -6.5, 14, 9.5 ],
			"faces": {
				"down": { "uv": [ 6.5, 6.5, 9.5, 9.5 ], "texture": "#metal" },
				"up": { "uv": [ 6.5, 6.5, 9.5, 9.5 ], "texture": "#metal" },
				"north": { "uv": [ 6.5, 2, 9.5, 2.5 ], "texture": "#metal" },
				"south": { "uv": [ 6.5, 2, 9.5, 2.5 ], "texture": "#metal" },
				"west": { "uv": [ 6.5, 2, 9.5, 2.5 ], "texture": "#metal" },
				"east": { "uv": [ 6.5, 2, 9.5, 2.5 ], "texture": "#metal" }
			}
		},
		{
			"__comment": "Box1",
			"from": [ 5, 16, 5 ],
			"to": [ 11, 19, 11 ],
			"faces": {
				"down": { "uv": [ 5, 5, 11, 11 ], "texture": "#metal" },
				"up": { "uv": [ 5, 5, 11, 11 ], "texture": "#metal" },
				"north": { "uv": [ 5, 13, 11, 16 ], "texture": "#metal" },
				"south": { "uv": [ 5, 13, 11, 16 ], "texture": "#metal" },
				"west": { "uv": [ 5, 13, 11, 16 ], "texture": "#metal" },
				"east": { "uv": [ 5, 13, 11, 16 ], "texture": "#metal" }
			}
		},
		{
			"__comment": "Box1",
			"from": [ 6, 16, -13 ],
			"to": [ 10, 18, 0 ],
			"faces": {
				"down": { "uv": [ 6, 0, 10, 13 ], "texture": "#wood" },
				"up": { "uv": [ 6, 3, 10, 16 ], "texture": "#wood" },
				"north": { "uv": [ 6, 14, 10, 16 ], "texture": "#wood" },
				"south": { "uv": [ 6, 14, 10, 16 ], "texture": "#wood" },
				"west": { "uv": [ 3, 14, 16, 16 ], "texture": "#wood" },
				"east": { "uv": [ 0, 14, 13, 16 ], "texture": "#wood" }
			}
		},
		{
			"__comment": "PlaneZ52",
			"from": [ 28.25, -5.5, 4.5 ],
			"to": [ 28.251, -1, 11.5 ],
			"faces": {
				"east": { "uv": [ 4.5, 1, 11.5, 5.5 ], "texture": "#glass" }
			}
		},
		{
			"__comment": "PlaneZ52",
			"from": [ 19.75, -5.5, 4.5 ],
			"to": [ 19.751, -1, 11.5 ],
			"faces": {
				"west": { "uv": [ 4.5, 1, 11.5, 5.5 ], "texture": "#glass" }
			}
		},
		{
			"__comment": "PlaneZ52",
			"from": [ 19.75, 0, 4.5 ],
			"to": [ 19.751, 4.5, 11.5 ],
			"faces": {
				"west": { "uv": [ 4.5, 11.5, 11.5, 16 ], "texture": "#glass" }
			}
		},
		{
			"__comment": "PlaneZ52",
			"from": [ 28.25, 0, 4.5 ],
			"to": [ 28.251, 4.5, 11.5 ],
			"faces": {
				"east": { "uv": [ 4.5, 11.5, 11.5, 16 ], "texture": "#glass" }
			}
		},
		{
			"__comment": "PlaneX56",
			"from": [ 20.5, -5.5, 3.749 ],
			"to": [ 27.5, -1, 3.75 ],
			"faces": {
				"north": { "uv": [ 4.5, 1, 11.5, 5.5 ], "texture": "#glass" }
			}
		},
		{
			"__comment": "PlaneX56",
			"from": [ 20.5, -5.5, 12.249 ],
			"to": [ 27.5, -1, 12.25 ],
			"faces": {
				"south": { "uv": [ 4.5, 1, 11.5, 5.5 ], "texture": "#glass" }
			}
		},
		{
			"__comment": "PlaneX56",
			"from": [ 20.5, 0, 12.249 ],
			"to": [ 27.5, 4.5, 12.25 ],
			"faces": {
				"south": { "uv": [ 4.5, 11.5, 11.5, 16 ], "texture": "#glass" }
			}
		},
		{
			"__comment": "PlaneX56",
			"from": [ 20.5, 0, 3.749 ],
			"to": [ 27.5, 4.5, 3.75 ],
			"faces": {
				"north": { "uv": [ 4.5, 11.5, 11.5, 16 ], "texture": "#glass" }
			}
		},
		{
			"__comment": "PlaneY52",
			"from": [ 20.5, -5.75, 4.5 ],
			"to": [ 27.5, -5.749, 11.5 ],
			"faces": {
				"down": { "uv": [ 4.5, 4.5, 11.5, 11.5 ], "texture": "#glass" }
			}
		},
		{
			"__comment": "PlaneZ52",
			"from": [ 4.5, -5.5, 28.25 ],
			"to": [ 11.5, -1, 28.251 ],
			"faces": {
				"south": { "uv": [ 4.5, 1, 11.5, 5.5 ], "texture": "#glass" }
			}
		},
		{
			"__comment": "PlaneZ52",
			"from": [ 4.5, -5.5, 19.75 ],
			"to": [ 11.5, -1, 19.751 ],
			"faces": {
				"north": { "uv": [ 4.5, 1, 11.5, 5.5 ], "texture": "#glass" }
			}
		},
		{
			"__comment": "PlaneZ52",
			"from": [ 4.5, 0, 19.75 ],
			"to": [ 11.5, 4.5, 19.751 ],
			"faces": {
				"north": { "uv": [ 4.5, 11.5, 11.5, 16 ], "texture": "#glass" }
			}
		},
		{
			"__comment": "PlaneZ52",
			"from": [ 4.5, 0, 28.25 ],
			"to": [ 11.5, 4.5, 28.251 ],
			"faces": {
				"south": { "uv": [ 4.5, 11.5, 11.5, 16 ], "texture": "#glass" }
			}
		},
		{
			"__comment": "PlaneX56",
			"from": [ 12.25, -5.5, 20.5 ],
			"to": [ 12.251, -1, 27.5 ],
			"faces": {
				"east": { "uv": [ 4.5, 1, 11.5, 5.5 ], "texture": "#glass" }
			}
		},
		{
			"__comment": "PlaneX56",
			"from": [ 3.75, -5.5, 20.5 ],
			"to": [ 3.751, -1, 27.5 ],
			"faces": {
				"west": { "uv": [ 4.5, 1, 11.5, 5.5 ], "texture": "#glass" }
			}
		},
		{
			"__comment": "PlaneX56",
			"from": [ 3.75, 0, 20.5 ],
			"to": [ 3.751, 4.5, 27.5 ],
			"faces": {
				"west": { "uv": [ 4.5, 11.5, 11.5, 16 ], "texture": "#glass" }
			}
		},
		{
			"__comment": "PlaneX56",
			"from": [ 12.25, 0, 20.5 ],
			"to": [ 12.251, 4.5, 27.5 ],
			"faces": {
				"east": { "uv": [ 4.5, 11.5, 11.5, 16 ], "texture": "#glass" }
			}
		},
		{
			"__comment": "PlaneY52",
			"from": [ 4.5, -5.75, 20.5 ],
			"to": [ 11.5, -5.749, 27.5 ],
			"faces": {
				"down": { "uv": [ 4.5, 4.5, 11.5, 11.5 ], "texture": "#glass" }
			}
		},
		{
			"__comment": "PlaneZ52",
			"from": [ -12.251, -5.5, 4.5 ],
			"to": [ -12.25, -1, 11.5 ],
			"faces": {
				"west": { "uv": [ 4.5, 1, 11.5, 5.5 ], "texture": "#glass" }
			}
		},
		{
			"__comment": "PlaneZ52",
			"from": [ -3.751, -5.5, 4.5 ],
			"to": [ -3.75, -1, 11.5 ],
			"faces": {
				"east": { "uv": [ 4.5, 1, 11.5, 5.5 ], "texture": "#glass" }
			}
		},
		{
			"__comment": "PlaneZ52",
			"from": [ -3.751, 0, 4.5 ],
			"to": [ -3.75, 4.5, 11.5 ],
			"faces": {
				"east": { "uv": [ 4.5, 11.5, 11.5, 16 ], "texture": "#glass" }
			}
		},
		{
			"__comment": "PlaneZ52",
			"from": [ -12.251, 0, 4.5 ],
			"to": [ -12.25, 4.5, 11.5 ],
			"faces": {
				"west": { "uv": [ 4.5, 11.5, 11.5, 16 ], "texture": "#glass" }
			}
		},
		{
			"__comment": "PlaneX56",
			"from": [ -11.5, -5.5, 12.25 ],
			"to": [ -4.5, -1, 12.251 ],
			"faces": {
				"south": { "uv": [ 4.5, 1, 11.5, 5.5 ], "texture": "#glass" }
			}
		},
		{
			"__comment": "PlaneX56",
			"from": [ -11.5, -5.5, 3.75 ],
			"to": [ -4.5, -1, 3.751 ],
			"faces": {
				"north": { "uv": [ 4.5, 1, 11.5, 5.5 ], "texture": "#glass" }
			}
		},
		{
			"__comment": "PlaneX56",
			"from": [ -11.5, 0, 3.75 ],
			"to": [ -4.5, 4.5, 3.751 ],
			"faces": {
				"north": { "uv": [ 4.5, 11.5, 11.5, 16 ], "texture": "#glass" }
			}
		},
		{
			"__comment": "PlaneX56",
			"from": [ -11.5, 0, 12.25 ],
			"to": [ -4.5, 4.5, 12.251 ],
			"faces": {
				"south": { "uv": [ 4.5, 11.5, 11.5, 16 ], "texture": "#glass" }
			}
		},
		{
			"__comment": "PlaneY52",
			"from": [ -11.5, -5.75, 4.5 ],
			"to": [ -4.5, -5.749, 11.5 ],
			"faces": {
				"down": { "uv": [ 4.5, 4.5, 11.5, 11.5 ], "texture": "#glass" }
			}
		},
		{
			"__comment": "PlaneZ52",
			"from": [ 4.5, -5.5, -12.251 ],
			"to": [ 11.5, -1, -12.25 ],
			"faces": {
				"north": { "uv": [ 4.5, 1, 11.5, 5.5 ], "texture": "#glass" }
			}
		},
		{
			"__comment": "PlaneZ52",
			"from": [ 4.5, -5.5, -3.751 ],
			"to": [ 11.5, -1, -3.75 ],
			"faces": {
				"south": { "uv": [ 4.5, 1, 11.5, 5.5 ], "texture": "#glass" }
			}
		},
		{
			"__comment": "PlaneZ52",
			"from": [ 4.5, 0, -3.751 ],
			"to": [ 11.5, 4.5, -3.75 ],
			"faces": {
				"south": { "uv": [ 4.5, 11.5, 11.5, 16 ], "texture": "#glass" }
			}
		},
		{
			"__comment": "PlaneZ52",
			"from": [ 4.5, 0, -12.251 ],
			"to": [ 11.5, 4.5, -12.25 ],
			"faces": {
				"north": { "uv": [ 4.5, 11.5, 11.5, 16 ], "texture": "#glass" }
			}
		},
		{
			"__comment": "PlaneX56",
			"from": [ 3.749, -5.5, -11.5 ],
			"to": [ 3.75, -1, -4.5 ],
			"faces": {
				"west": { "uv": [ 4.5, 1, 11.5, 5.5 ], "texture": "#glass" }
			}
		},
		{
			"__comment": "PlaneX56",
			"from": [ 12.249, -5.5, -11.5 ],
			"to": [ 12.25, -1, -4.5 ],
			"faces": {
				"east": { "uv": [ 4.5, 1, 11.5, 5.5 ], "texture": "#glass" }
			}
		},
		{
			"__comment": "PlaneX56",
			"from": [ 12.249, 0, -11.5 ],
			"to": [ 12.25, 4.5, -4.5 ],
			"faces": {
				"east": { "uv": [ 4.5, 11.5, 11.5, 16 ], "texture": "#glass" }
			}
		},
		{
			"__comment": "PlaneX56",
			"from": [ 3.749, 0, -11.5 ],
			"to": [ 3.75, 4.5, -4.5 ],
			"faces": {
				"west": { "uv": [ 4.5, 11.5, 11.5, 16 ], "texture": "#glass" }
			}
		},
		{
			"__comment": "PlaneY52",
			"from": [ 4.5, -5.75, -11.5 ],
			"to": [ 11.5, -5.749, -4.5 ],
			"faces": {
				"down": { "uv": [ 4.5, 4.5, 11.5, 11.5 ], "texture": "#glass" }
			}
		}
	],
	"display": {
		"head": {
			"translation":  [ 0, -19, 0 ],
			"scale":  [ 1.6, 1.6, 1.6 ]
		}
	}
}