{
	"__comment": "Designed by Ersatz with Cubik Studio - https://cubik.studio",
	"textures": {
		"metal": "blocks/anvil_base",
		"wood": "blocks/planks_oak",
		"metal2": "blocks/hardened_clay_stained_cyan",
		"cloth": "decoration/curtains/cloth1",
		"cloth2": "decoration/curtains/cloth2"
	},
	"elements": [ 	 
		{
			"__comment": "Box1",
			"from": [ 16, 28.5, 7 ],
			"to": [ 24, 30.5, 9 ],
			"faces": {
				"down": { "uv": [ 0, 7, 8, 9 ], "texture": "#wood" },
				"up": { "uv": [ 0, 7, 8, 9 ], "texture": "#wood" },
				"north": { "uv": [ 8, 7, 16, 9 ], "texture": "#wood" },
				"south": { "uv": [ 0, 7, 8, 9 ], "texture": "#wood" },
				"west": { "uv": [ 7, 7, 9, 9 ], "texture": "#wood" },
				"east": { "uv": [ 7, 7, 9, 9 ], "texture": "#wood" }
			}
		},
		{
			"__comment": "Box1",
			"from": [ -14, 28.5, 7 ],
			"to": [ 0, 30.5, 9 ],
			"faces": {
				"down": { "uv": [ 2, 7, 16, 9 ], "texture": "#wood" },
				"up": { "uv": [ 2, 7, 16, 9 ], "texture": "#wood" },
				"north": { "uv": [ 0, 7, 14, 9 ], "texture": "#wood" },
				"south": { "uv": [ 2, 7, 16, 9 ], "texture": "#wood" },
				"west": { "uv": [ 7, 7, 9, 9 ], "texture": "#wood" },
				"east": { "uv": [ 7, 7, 9, 9 ], "texture": "#wood" }
			}
		},
		{
			"__comment": "Box1",
			"from": [ 0, 28.5, 7 ],
			"to": [ 16, 30.5, 9 ],
			"faces": {
				"down": { "uv": [ 0, 7, 16, 9 ], "texture": "#wood" },
				"up": { "uv": [ 0, 7, 16, 9 ], "texture": "#wood" },
				"north": { "uv": [ 0, 7, 16, 9 ], "texture": "#wood" },
				"south": { "uv": [ 0, 7, 16, 9 ], "texture": "#wood" },
				"west": { "uv": [ 7, 7, 9, 9 ], "texture": "#wood" },
				"east": { "uv": [ 7, 7, 9, 9 ], "texture": "#wood" }
			}
		},
		{
			"__comment": "hanger",
			"from": [ -11.25, 27.5, 9 ],
			"to": [ -10.25, 30.5, 9.5 ],
			"faces": {
				"down": { "uv": [ 4.75, 6.5, 5.75, 7 ], "texture": "#metal2" },
				"up": { "uv": [ 4.75, 9, 5.75, 9.5 ], "texture": "#metal2" },
				"north": { "uv": [ 10.25, 7, 11.25, 10 ], "texture": "#metal2" },
				"south": { "uv": [ 4.75, 7, 5.75, 10 ], "texture": "#metal2" },
				"west": { "uv": [ 9, 7, 9.5, 10 ], "texture": "#metal2" },
				"east": { "uv": [ 6.5, 7, 7, 10 ], "texture": "#metal2" }
			}
		},
		{
			"__comment": "hanger2",
			"from": [ -11.25, 27.5, 6.5 ],
			"to": [ -10.25, 30.5, 7 ],
			"faces": {
				"down": { "uv": [ 4.75, 9, 5.75, 9.5 ], "texture": "#metal2" },
				"up": { "uv": [ 4.75, 6.5, 5.75, 7 ], "texture": "#metal2" },
				"north": { "uv": [ 10.25, 7, 11.25, 10 ], "texture": "#metal2" },
				"south": { "uv": [ 4.75, 7, 5.75, 10 ], "texture": "#metal2" },
				"west": { "uv": [ 6.5, 7, 7, 10 ], "texture": "#metal2" },
				"east": { "uv": [ 9, 7, 9.5, 10 ], "texture": "#metal2" }
			}
		},
		{
			"__comment": "hanger3",
			"from": [ -11.249, 30.5, 9 ],
			"to": [ -10.249, 31, 9.70625 ],
			"rotation": { "origin": [ -11.249, 31, 9 ], "axis": "x", "angle": 45 },
			"faces": {
				"down": { "uv": [ 4.751, 6.647304, 5.751, 7.353554 ], "texture": "#metal2" },
				"up": { "uv": [ 4.751, 8.646446, 5.751, 9.352696 ], "texture": "#metal2" },
				"north": { "uv": [ 10.249, 6.353554, 11.249, 6.853554 ], "texture": "#metal2" },
				"south": { "uv": [ 4.751, 6.353554, 5.751, 6.853554 ], "texture": "#metal2" },
				"west": { "uv": [ 8.646446, 6.353554, 9.352696, 6.853554 ], "texture": "#metal2" },
				"east": { "uv": [ 6.647304, 6.353554, 7.353554, 6.853554 ], "texture": "#metal2" }
			}
		},
		{
			"__comment": "hanger4",
			"from": [ -11.249, 30, 6.5 ],
			"to": [ -10.249, 30.5, 7.20625 ],
			"rotation": { "origin": [ -11.249, 30.5, 6.5 ], "axis": "x", "angle": -45 },
			"faces": {
				"down": { "uv": [ 4.751, 8.440197, 5.751, 9.146446 ], "texture": "#metal2" },
				"up": { "uv": [ 4.751, 6.853554, 5.751, 7.559803 ], "texture": "#metal2" },
				"north": { "uv": [ 10.249, 6.853554, 11.249, 7.353554 ], "texture": "#metal2" },
				"south": { "uv": [ 4.751, 6.853554, 5.751, 7.353554 ], "texture": "#metal2" },
				"west": { "uv": [ 6.853553, 6.853554, 7.559803, 7.353554 ], "texture": "#metal2" },
				"east": { "uv": [ 8.440197, 6.853554, 9.146446, 7.353554 ], "texture": "#metal2" }
			}
		},
		{
			"__comment": "hanger7",
			"from": [ -11.25, 30.5, 7 ],
			"to": [ -10.25, 31, 9 ],
			"faces": {
				"down": { "uv": [ 4.75, 7, 5.75, 9 ], "texture": "#metal2" },
				"up": { "uv": [ 4.75, 7, 5.75, 9 ], "texture": "#metal2" },
				"north": { "uv": [ 10.25, 6.5, 11.25, 7 ], "texture": "#metal2" },
				"south": { "uv": [ 4.75, 6.5, 5.75, 7 ], "texture": "#metal2" },
				"west": { "uv": [ 7, 6.5, 9, 7 ], "texture": "#metal2" },
				"east": { "uv": [ 7, 6.5, 9, 7 ], "texture": "#metal2" }
			}
		},
		{
			"__comment": "hanger",
			"from": [ 1.25, 27.5, 9 ],
			"to": [ 2.25, 30.5, 9.5 ],
			"faces": {
				"down": { "uv": [ 1.25, 6.5, 2.25, 7 ], "texture": "#metal2" },
				"up": { "uv": [ 1.25, 9, 2.25, 9.5 ], "texture": "#metal2" },
				"north": { "uv": [ 13.75, 7, 14.75, 10 ], "texture": "#metal2" },
				"south": { "uv": [ 1.25, 7, 2.25, 10 ], "texture": "#metal2" },
				"west": { "uv": [ 9, 7, 9.5, 10 ], "texture": "#metal2" },
				"east": { "uv": [ 6.5, 7, 7, 10 ], "texture": "#metal2" }
			}
		},
		{
			"__comment": "hanger2",
			"from": [ 1.25, 27.5, 6.5 ],
			"to": [ 2.25, 30.5, 7 ],
			"faces": {
				"down": { "uv": [ 1.25, 9, 2.25, 9.5 ], "texture": "#metal2" },
				"up": { "uv": [ 1.25, 6.5, 2.25, 7 ], "texture": "#metal2" },
				"north": { "uv": [ 13.75, 7, 14.75, 10 ], "texture": "#metal2" },
				"south": { "uv": [ 1.25, 7, 2.25, 10 ], "texture": "#metal2" },
				"west": { "uv": [ 6.5, 7, 7, 10 ], "texture": "#metal2" },
				"east": { "uv": [ 9, 7, 9.5, 10 ], "texture": "#metal2" }
			}
		},
		{
			"__comment": "hanger3",
			"from": [ 1.251, 30.5, 9 ],
			"to": [ 2.251, 31, 9.70625 ],
			"rotation": { "origin": [ 1.250999, 31, 9 ], "axis": "x", "angle": 45 },
			"faces": {
				"down": { "uv": [ 1.251, 6.647304, 2.251, 7.353554 ], "texture": "#metal2" },
				"up": { "uv": [ 1.251, 8.646446, 2.251, 9.352696 ], "texture": "#metal2" },
				"north": { "uv": [ 13.749, 6.353554, 14.749, 6.853554 ], "texture": "#metal2" },
				"south": { "uv": [ 1.251, 6.353554, 2.251, 6.853554 ], "texture": "#metal2" },
				"west": { "uv": [ 8.646446, 6.353554, 9.352696, 6.853554 ], "texture": "#metal2" },
				"east": { "uv": [ 6.647304, 6.353554, 7.353554, 6.853554 ], "texture": "#metal2" }
			}
		},
		{
			"__comment": "hanger4",
			"from": [ 1.251, 30, 6.5 ],
			"to": [ 2.251, 30.5, 7.20625 ],
			"rotation": { "origin": [ 1.250999, 30.5, 6.5 ], "axis": "x", "angle": -45 },
			"faces": {
				"down": { "uv": [ 1.251, 8.440197, 2.251, 9.146446 ], "texture": "#metal2" },
				"up": { "uv": [ 1.251, 6.853554, 2.251, 7.559803 ], "texture": "#metal2" },
				"north": { "uv": [ 13.749, 6.853554, 14.749, 7.353554 ], "texture": "#metal2" },
				"south": { "uv": [ 1.251, 6.853554, 2.251, 7.353554 ], "texture": "#metal2" },
				"west": { "uv": [ 6.853553, 6.853554, 7.559803, 7.353554 ], "texture": "#metal2" },
				"east": { "uv": [ 8.440197, 6.853554, 9.146446, 7.353554 ], "texture": "#metal2" }
			}
		},
		{
			"__comment": "hanger7",
			"from": [ 1.25, 30.5, 7 ],
			"to": [ 2.25, 31, 9 ],
			"faces": {
				"down": { "uv": [ 1.25, 7, 2.25, 9 ], "texture": "#metal2" },
				"up": { "uv": [ 1.25, 7, 2.25, 9 ], "texture": "#metal2" },
				"north": { "uv": [ 13.75, 6.5, 14.75, 7 ], "texture": "#metal2" },
				"south": { "uv": [ 1.25, 6.5, 2.25, 7 ], "texture": "#metal2" },
				"west": { "uv": [ 7, 6.5, 9, 7 ], "texture": "#metal2" },
				"east": { "uv": [ 7, 6.5, 9, 7 ], "texture": "#metal2" }
			}
		},
		{
			"__comment": "hanger",
			"from": [ -3.75, 27.5, 9 ],
			"to": [ -2.75, 30.5, 9.5 ],
			"faces": {
				"down": { "uv": [ 12.25, 6.5, 13.25, 7 ], "texture": "#metal2" },
				"up": { "uv": [ 12.25, 9, 13.25, 9.5 ], "texture": "#metal2" },
				"north": { "uv": [ 2.75, 7, 3.75, 10 ], "texture": "#metal2" },
				"south": { "uv": [ 12.25, 7, 13.25, 10 ], "texture": "#metal2" },
				"west": { "uv": [ 9, 7, 9.5, 10 ], "texture": "#metal2" },
				"east": { "uv": [ 6.5, 7, 7, 10 ], "texture": "#metal2" }
			}
		},
		{
			"__comment": "hanger2",
			"from": [ -3.75, 27.5, 6.5 ],
			"to": [ -2.75, 30.5, 7 ],
			"faces": {
				"down": { "uv": [ 12.25, 9, 13.25, 9.5 ], "texture": "#metal2" },
				"up": { "uv": [ 12.25, 6.5, 13.25, 7 ], "texture": "#metal2" },
				"north": { "uv": [ 2.75, 7, 3.75, 10 ], "texture": "#metal2" },
				"south": { "uv": [ 12.25, 7, 13.25, 10 ], "texture": "#metal2" },
				"west": { "uv": [ 6.5, 7, 7, 10 ], "texture": "#metal2" },
				"east": { "uv": [ 9, 7, 9.5, 10 ], "texture": "#metal2" }
			}
		},
		{
			"__comment": "hanger3",
			"from": [ -3.749, 30.5, 9 ],
			"to": [ -2.749, 31, 9.70625 ],
			"rotation": { "origin": [ -3.749001, 31, 9 ], "axis": "x", "angle": 45 },
			"faces": {
				"down": { "uv": [ 12.251, 6.647304, 13.251, 7.353554 ], "texture": "#metal2" },
				"up": { "uv": [ 12.251, 8.646446, 13.251, 9.352696 ], "texture": "#metal2" },
				"north": { "uv": [ 2.749001, 6.353554, 3.749001, 6.853554 ], "texture": "#metal2" },
				"south": { "uv": [ 12.251, 6.353554, 13.251, 6.853554 ], "texture": "#metal2" },
				"west": { "uv": [ 8.646446, 6.353554, 9.352696, 6.853554 ], "texture": "#metal2" },
				"east": { "uv": [ 6.647304, 6.353554, 7.353554, 6.853554 ], "texture": "#metal2" }
			}
		},
		{
			"__comment": "hanger4",
			"from": [ -3.749, 30, 6.5 ],
			"to": [ -2.749, 30.5, 7.20625 ],
			"rotation": { "origin": [ -3.749001, 30.5, 6.5 ], "axis": "x", "angle": -45 },
			"faces": {
				"down": { "uv": [ 12.251, 8.440197, 13.251, 9.146446 ], "texture": "#metal2" },
				"up": { "uv": [ 12.251, 6.853554, 13.251, 7.559803 ], "texture": "#metal2" },
				"north": { "uv": [ 2.749001, 6.853554, 3.749001, 7.353554 ], "texture": "#metal2" },
				"south": { "uv": [ 12.251, 6.853554, 13.251, 7.353554 ], "texture": "#metal2" },
				"west": { "uv": [ 6.853553, 6.853554, 7.559803, 7.353554 ], "texture": "#metal2" },
				"east": { "uv": [ 8.440197, 6.853554, 9.146446, 7.353554 ], "texture": "#metal2" }
			}
		},
		{
			"__comment": "hanger7",
			"from": [ -3.75, 30.5, 7 ],
			"to": [ -2.75, 31, 9 ],
			"faces": {
				"down": { "uv": [ 12.25, 7, 13.25, 9 ], "texture": "#metal2" },
				"up": { "uv": [ 12.25, 7, 13.25, 9 ], "texture": "#metal2" },
				"north": { "uv": [ 2.75, 6.5, 3.75, 7 ], "texture": "#metal2" },
				"south": { "uv": [ 12.25, 6.5, 13.25, 7 ], "texture": "#metal2" },
				"west": { "uv": [ 7, 6.5, 9, 7 ], "texture": "#metal2" },
				"east": { "uv": [ 7, 6.5, 9, 7 ], "texture": "#metal2" }
			}
		},
		{
			"__comment": "hanger",
			"from": [ -8.75, 27.5, 9 ],
			"to": [ -7.75, 30.5, 9.5 ],
			"faces": {
				"down": { "uv": [ 7.25, 6.5, 8.25, 7 ], "texture": "#metal2" },
				"up": { "uv": [ 7.25, 9, 8.25, 9.5 ], "texture": "#metal2" },
				"north": { "uv": [ 7.75, 7, 8.75, 10 ], "texture": "#metal2" },
				"south": { "uv": [ 7.25, 7, 8.25, 10 ], "texture": "#metal2" },
				"west": { "uv": [ 9, 7, 9.5, 10 ], "texture": "#metal2" },
				"east": { "uv": [ 6.5, 7, 7, 10 ], "texture": "#metal2" }
			}
		},
		{
			"__comment": "hanger2",
			"from": [ -8.75, 27.5, 6.5 ],
			"to": [ -7.75, 30.5, 7 ],
			"faces": {
				"down": { "uv": [ 7.25, 9, 8.25, 9.5 ], "texture": "#metal2" },
				"up": { "uv": [ 7.25, 6.5, 8.25, 7 ], "texture": "#metal2" },
				"north": { "uv": [ 7.75, 7, 8.75, 10 ], "texture": "#metal2" },
				"south": { "uv": [ 7.25, 7, 8.25, 10 ], "texture": "#metal2" },
				"west": { "uv": [ 6.5, 7, 7, 10 ], "texture": "#metal2" },
				"east": { "uv": [ 9, 7, 9.5, 10 ], "texture": "#metal2" }
			}
		},
		{
			"__comment": "hanger3",
			"from": [ -8.749, 30.5, 9 ],
			"to": [ -7.749, 31, 9.70625 ],
			"rotation": { "origin": [ -8.749001, 31, 9 ], "axis": "x", "angle": 45 },
			"faces": {
				"down": { "uv": [ 7.251, 6.647304, 8.250999, 7.353554 ], "texture": "#metal2" },
				"up": { "uv": [ 7.251, 8.646446, 8.250999, 9.352696 ], "texture": "#metal2" },
				"north": { "uv": [ 7.749001, 6.353554, 8.749001, 6.853554 ], "texture": "#metal2" },
				"south": { "uv": [ 7.251, 6.353554, 8.250999, 6.853554 ], "texture": "#metal2" },
				"west": { "uv": [ 8.646446, 6.353554, 9.352696, 6.853554 ], "texture": "#metal2" },
				"east": { "uv": [ 6.647304, 6.353554, 7.353554, 6.853554 ], "texture": "#metal2" }
			}
		},
		{
			"__comment": "hanger4",
			"from": [ -8.749, 30, 6.5 ],
			"to": [ -7.749, 30.5, 7.20625 ],
			"rotation": { "origin": [ -8.749001, 30.5, 6.5 ], "axis": "x", "angle": -45 },
			"faces": {
				"down": { "uv": [ 7.251, 8.440197, 8.250999, 9.146446 ], "texture": "#metal2" },
				"up": { "uv": [ 7.251, 6.853554, 8.250999, 7.559803 ], "texture": "#metal2" },
				"north": { "uv": [ 7.749001, 6.853554, 8.749001, 7.353554 ], "texture": "#metal2" },
				"south": { "uv": [ 7.251, 6.853554, 8.250999, 7.353554 ], "texture": "#metal2" },
				"west": { "uv": [ 6.853553, 6.853554, 7.559803, 7.353554 ], "texture": "#metal2" },
				"east": { "uv": [ 8.440197, 6.853554, 9.146446, 7.353554 ], "texture": "#metal2" }
			}
		},
		{
			"__comment": "hanger7",
			"from": [ -8.75, 30.5, 7 ],
			"to": [ -7.75, 31, 9 ],
			"faces": {
				"down": { "uv": [ 7.25, 7, 8.25, 9 ], "texture": "#metal2" },
				"up": { "uv": [ 7.25, 7, 8.25, 9 ], "texture": "#metal2" },
				"north": { "uv": [ 7.75, 6.5, 8.75, 7 ], "texture": "#metal2" },
				"south": { "uv": [ 7.25, 6.5, 8.25, 7 ], "texture": "#metal2" },
				"west": { "uv": [ 7, 6.5, 9, 7 ], "texture": "#metal2" },
				"east": { "uv": [ 7, 6.5, 9, 7 ], "texture": "#metal2" }
			}
		},
		{
			"__comment": "hanger",
			"from": [ -13.75, 27.5, 9 ],
			"to": [ -12.75, 30.5, 9.5 ],
			"faces": {
				"down": { "uv": [ 2.25, 6.5, 3.25, 7 ], "texture": "#metal2" },
				"up": { "uv": [ 2.25, 9, 3.25, 9.5 ], "texture": "#metal2" },
				"north": { "uv": [ 12.75, 7, 13.75, 10 ], "texture": "#metal2" },
				"south": { "uv": [ 2.25, 7, 3.25, 10 ], "texture": "#metal2" },
				"west": { "uv": [ 9, 7, 9.5, 10 ], "texture": "#metal2" },
				"east": { "uv": [ 6.5, 7, 7, 10 ], "texture": "#metal2" }
			}
		},
		{
			"__comment": "hanger2",
			"from": [ -13.75, 27.5, 6.5 ],
			"to": [ -12.75, 30.5, 7 ],
			"faces": {
				"down": { "uv": [ 2.25, 9, 3.25, 9.5 ], "texture": "#metal2" },
				"up": { "uv": [ 2.25, 6.5, 3.25, 7 ], "texture": "#metal2" },
				"north": { "uv": [ 12.75, 7, 13.75, 10 ], "texture": "#metal2" },
				"south": { "uv": [ 2.25, 7, 3.25, 10 ], "texture": "#metal2" },
				"west": { "uv": [ 6.5, 7, 7, 10 ], "texture": "#metal2" },
				"east": { "uv": [ 9, 7, 9.5, 10 ], "texture": "#metal2" }
			}
		},
		{
			"__comment": "hanger3",
			"from": [ -13.749, 30.5, 9 ],
			"to": [ -12.749, 31, 9.70625 ],
			"rotation": { "origin": [ -13.749, 31, 9 ], "axis": "x", "angle": 45 },
			"faces": {
				"down": { "uv": [ 2.251, 6.647304, 3.251, 7.353554 ], "texture": "#metal2" },
				"up": { "uv": [ 2.251, 8.646446, 3.251, 9.352696 ], "texture": "#metal2" },
				"north": { "uv": [ 12.749, 6.353554, 13.749, 6.853554 ], "texture": "#metal2" },
				"south": { "uv": [ 2.251, 6.353554, 3.251, 6.853554 ], "texture": "#metal2" },
				"west": { "uv": [ 8.646446, 6.353554, 9.352696, 6.853554 ], "texture": "#metal2" },
				"east": { "uv": [ 6.647304, 6.353554, 7.353554, 6.853554 ], "texture": "#metal2" }
			}
		},
		{
			"__comment": "hanger4",
			"from": [ -13.749, 30, 6.5 ],
			"to": [ -12.749, 30.5, 7.20625 ],
			"rotation": { "origin": [ -13.749, 30.5, 6.5 ], "axis": "x", "angle": -45 },
			"faces": {
				"down": { "uv": [ 2.251, 8.440197, 3.251, 9.146446 ], "texture": "#metal2" },
				"up": { "uv": [ 2.251, 6.853554, 3.251, 7.559803 ], "texture": "#metal2" },
				"north": { "uv": [ 12.749, 6.853554, 13.749, 7.353554 ], "texture": "#metal2" },
				"south": { "uv": [ 2.251, 6.853554, 3.251, 7.353554 ], "texture": "#metal2" },
				"west": { "uv": [ 6.853553, 6.853554, 7.559803, 7.353554 ], "texture": "#metal2" },
				"east": { "uv": [ 8.440197, 6.853554, 9.146446, 7.353554 ], "texture": "#metal2" }
			}
		},
		{
			"__comment": "hanger7",
			"from": [ -13.75, 30.5, 7 ],
			"to": [ -12.75, 31, 9 ],
			"faces": {
				"down": { "uv": [ 2.25, 7, 3.25, 9 ], "texture": "#metal2" },
				"up": { "uv": [ 2.25, 7, 3.25, 9 ], "texture": "#metal2" },
				"north": { "uv": [ 12.75, 6.5, 13.75, 7 ], "texture": "#metal2" },
				"south": { "uv": [ 2.25, 6.5, 3.25, 7 ], "texture": "#metal2" },
				"west": { "uv": [ 7, 6.5, 9, 7 ], "texture": "#metal2" },
				"east": { "uv": [ 7, 6.5, 9, 7 ], "texture": "#metal2" }
			}
		},
		{
			"__comment": "hanger",
			"from": [ 6.25, 27.5, 9 ],
			"to": [ 7.25, 30.5, 9.5 ],
			"faces": {
				"down": { "uv": [ 6.25, 6.5, 7.25, 7 ], "texture": "#metal2" },
				"up": { "uv": [ 6.25, 9, 7.25, 9.5 ], "texture": "#metal2" },
				"north": { "uv": [ 8.75, 7, 9.75, 10 ], "texture": "#metal2" },
				"south": { "uv": [ 6.25, 7, 7.25, 10 ], "texture": "#metal2" },
				"west": { "uv": [ 9, 7, 9.5, 10 ], "texture": "#metal2" },
				"east": { "uv": [ 6.5, 7, 7, 10 ], "texture": "#metal2" }
			}
		},
		{
			"__comment": "hanger2",
			"from": [ 6.25, 27.5, 6.5 ],
			"to": [ 7.25, 30.5, 7 ],
			"faces": {
				"down": { "uv": [ 6.25, 9, 7.25, 9.5 ], "texture": "#metal2" },
				"up": { "uv": [ 6.25, 6.5, 7.25, 7 ], "texture": "#metal2" },
				"north": { "uv": [ 8.75, 7, 9.75, 10 ], "texture": "#metal2" },
				"south": { "uv": [ 6.25, 7, 7.25, 10 ], "texture": "#metal2" },
				"west": { "uv": [ 6.5, 7, 7, 10 ], "texture": "#metal2" },
				"east": { "uv": [ 9, 7, 9.5, 10 ], "texture": "#metal2" }
			}
		},
		{
			"__comment": "hanger3",
			"from": [ 6.251, 30.5, 9 ],
			"to": [ 7.251, 31, 9.70625 ],
			"rotation": { "origin": [ 6.250999, 31, 9 ], "axis": "x", "angle": 45 },
			"faces": {
				"down": { "uv": [ 6.251, 6.647304, 7.251, 7.353554 ], "texture": "#metal2" },
				"up": { "uv": [ 6.251, 8.646446, 7.251, 9.352696 ], "texture": "#metal2" },
				"north": { "uv": [ 8.749001, 6.353554, 9.749001, 6.853554 ], "texture": "#metal2" },
				"south": { "uv": [ 6.251, 6.353554, 7.251, 6.853554 ], "texture": "#metal2" },
				"west": { "uv": [ 8.646446, 6.353554, 9.352696, 6.853554 ], "texture": "#metal2" },
				"east": { "uv": [ 6.647304, 6.353554, 7.353554, 6.853554 ], "texture": "#metal2" }
			}
		},
		{
			"__comment": "hanger4",
			"from": [ 6.251, 30, 6.5 ],
			"to": [ 7.251, 30.5, 7.20625 ],
			"rotation": { "origin": [ 6.250999, 30.5, 6.5 ], "axis": "x", "angle": -45 },
			"faces": {
				"down": { "uv": [ 6.251, 8.440197, 7.251, 9.146446 ], "texture": "#metal2" },
				"up": { "uv": [ 6.251, 6.853554, 7.251, 7.559803 ], "texture": "#metal2" },
				"north": { "uv": [ 8.749001, 6.853554, 9.749001, 7.353554 ], "texture": "#metal2" },
				"south": { "uv": [ 6.251, 6.853554, 7.251, 7.353554 ], "texture": "#metal2" },
				"west": { "uv": [ 6.853553, 6.853554, 7.559803, 7.353554 ], "texture": "#metal2" },
				"east": { "uv": [ 8.440197, 6.853554, 9.146446, 7.353554 ], "texture": "#metal2" }
			}
		},
		{
			"__comment": "hanger7",
			"from": [ 6.25, 30.5, 7 ],
			"to": [ 7.25, 31, 9 ],
			"faces": {
				"down": { "uv": [ 6.25, 7, 7.25, 9 ], "texture": "#metal2" },
				"up": { "uv": [ 6.25, 7, 7.25, 9 ], "texture": "#metal2" },
				"north": { "uv": [ 8.75, 6.5, 9.75, 7 ], "texture": "#metal2" },
				"south": { "uv": [ 6.25, 6.5, 7.25, 7 ], "texture": "#metal2" },
				"west": { "uv": [ 7, 6.5, 9, 7 ], "texture": "#metal2" },
				"east": { "uv": [ 7, 6.5, 9, 7 ], "texture": "#metal2" }
			}
		},
		{
			"__comment": "hanger",
			"from": [ 3.75, 27.5, 9 ],
			"to": [ 4.75, 30.5, 9.5 ],
			"faces": {
				"down": { "uv": [ 3.75, 6.5, 4.75, 7 ], "texture": "#metal2" },
				"up": { "uv": [ 3.75, 9, 4.75, 9.5 ], "texture": "#metal2" },
				"north": { "uv": [ 11.25, 7, 12.25, 10 ], "texture": "#metal2" },
				"south": { "uv": [ 3.75, 7, 4.75, 10 ], "texture": "#metal2" },
				"west": { "uv": [ 9, 7, 9.5, 10 ], "texture": "#metal2" },
				"east": { "uv": [ 6.5, 7, 7, 10 ], "texture": "#metal2" }
			}
		},
		{
			"__comment": "hanger2",
			"from": [ 3.75, 27.5, 6.5 ],
			"to": [ 4.75, 30.5, 7 ],
			"faces": {
				"down": { "uv": [ 3.75, 9, 4.75, 9.5 ], "texture": "#metal2" },
				"up": { "uv": [ 3.75, 6.5, 4.75, 7 ], "texture": "#metal2" },
				"north": { "uv": [ 11.25, 7, 12.25, 10 ], "texture": "#metal2" },
				"south": { "uv": [ 3.75, 7, 4.75, 10 ], "texture": "#metal2" },
				"west": { "uv": [ 6.5, 7, 7, 10 ], "texture": "#metal2" },
				"east": { "uv": [ 9, 7, 9.5, 10 ], "texture": "#metal2" }
			}
		},
		{
			"__comment": "hanger3",
			"from": [ 3.751, 30.5, 9 ],
			"to": [ 4.751, 31, 9.70625 ],
			"rotation": { "origin": [ 3.750999, 31, 9 ], "axis": "x", "angle": 45 },
			"faces": {
				"down": { "uv": [ 3.751, 6.647304, 4.751, 7.353554 ], "texture": "#metal2" },
				"up": { "uv": [ 3.751, 8.646446, 4.751, 9.352696 ], "texture": "#metal2" },
				"north": { "uv": [ 11.249, 6.353554, 12.249, 6.853554 ], "texture": "#metal2" },
				"south": { "uv": [ 3.751, 6.353554, 4.751, 6.853554 ], "texture": "#metal2" },
				"west": { "uv": [ 8.646446, 6.353554, 9.352696, 6.853554 ], "texture": "#metal2" },
				"east": { "uv": [ 6.647304, 6.353554, 7.353554, 6.853554 ], "texture": "#metal2" }
			}
		},
		{
			"__comment": "hanger4",
			"from": [ 3.751, 30, 6.5 ],
			"to": [ 4.751, 30.5, 7.20625 ],
			"rotation": { "origin": [ 3.750999, 30.5, 6.5 ], "axis": "x", "angle": -45 },
			"faces": {
				"down": { "uv": [ 3.751, 8.440197, 4.751, 9.146446 ], "texture": "#metal2" },
				"up": { "uv": [ 3.751, 6.853554, 4.751, 7.559803 ], "texture": "#metal2" },
				"north": { "uv": [ 11.249, 6.853554, 12.249, 7.353554 ], "texture": "#metal2" },
				"south": { "uv": [ 3.751, 6.853554, 4.751, 7.353554 ], "texture": "#metal2" },
				"west": { "uv": [ 6.853553, 6.853554, 7.559803, 7.353554 ], "texture": "#metal2" },
				"east": { "uv": [ 8.440197, 6.853554, 9.146446, 7.353554 ], "texture": "#metal2" }
			}
		},
		{
			"__comment": "hanger7",
			"from": [ 3.75, 30.5, 7 ],
			"to": [ 4.75, 31, 9 ],
			"faces": {
				"down": { "uv": [ 3.75, 7, 4.75, 9 ], "texture": "#metal2" },
				"up": { "uv": [ 3.75, 7, 4.75, 9 ], "texture": "#metal2" },
				"north": { "uv": [ 11.25, 6.5, 12.25, 7 ], "texture": "#metal2" },
				"south": { "uv": [ 3.75, 6.5, 4.75, 7 ], "texture": "#metal2" },
				"west": { "uv": [ 7, 6.5, 9, 7 ], "texture": "#metal2" },
				"east": { "uv": [ 7, 6.5, 9, 7 ], "texture": "#metal2" }
			}
		},
		{
			"__comment": "hanger",
			"from": [ 8.75, 27.5, 9 ],
			"to": [ 9.75, 30.5, 9.5 ],
			"faces": {
				"down": { "uv": [ 8.75, 6.5, 9.75, 7 ], "texture": "#metal2" },
				"up": { "uv": [ 8.75, 9, 9.75, 9.5 ], "texture": "#metal2" },
				"north": { "uv": [ 6.25, 7, 7.25, 10 ], "texture": "#metal2" },
				"south": { "uv": [ 8.75, 7, 9.75, 10 ], "texture": "#metal2" },
				"west": { "uv": [ 9, 7, 9.5, 10 ], "texture": "#metal2" },
				"east": { "uv": [ 6.5, 7, 7, 10 ], "texture": "#metal2" }
			}
		},
		{
			"__comment": "hanger2",
			"from": [ 8.75, 27.5, 6.5 ],
			"to": [ 9.75, 30.5, 7 ],
			"faces": {
				"down": { "uv": [ 8.75, 9, 9.75, 9.5 ], "texture": "#metal2" },
				"up": { "uv": [ 8.75, 6.5, 9.75, 7 ], "texture": "#metal2" },
				"north": { "uv": [ 6.25, 7, 7.25, 10 ], "texture": "#metal2" },
				"south": { "uv": [ 8.75, 7, 9.75, 10 ], "texture": "#metal2" },
				"west": { "uv": [ 6.5, 7, 7, 10 ], "texture": "#metal2" },
				"east": { "uv": [ 9, 7, 9.5, 10 ], "texture": "#metal2" }
			}
		},
		{
			"__comment": "hanger3",
			"from": [ 8.750999, 30.5, 9 ],
			"to": [ 9.750999, 31, 9.70625 ],
			"rotation": { "origin": [ 8.750999, 31, 9 ], "axis": "x", "angle": 45 },
			"faces": {
				"down": { "uv": [ 8.750999, 6.647304, 9.750999, 7.353554 ], "texture": "#metal2" },
				"up": { "uv": [ 8.750999, 8.646446, 9.750999, 9.352696 ], "texture": "#metal2" },
				"north": { "uv": [ 6.249001, 6.353554, 7.249001, 6.853554 ], "texture": "#metal2" },
				"south": { "uv": [ 8.750999, 6.353554, 9.750999, 6.853554 ], "texture": "#metal2" },
				"west": { "uv": [ 8.646446, 6.353554, 9.352696, 6.853554 ], "texture": "#metal2" },
				"east": { "uv": [ 6.647304, 6.353554, 7.353554, 6.853554 ], "texture": "#metal2" }
			}
		},
		{
			"__comment": "hanger4",
			"from": [ 8.750999, 30, 6.5 ],
			"to": [ 9.750999, 30.5, 7.20625 ],
			"rotation": { "origin": [ 8.750999, 30.5, 6.5 ], "axis": "x", "angle": -45 },
			"faces": {
				"down": { "uv": [ 8.750999, 8.440197, 9.750999, 9.146446 ], "texture": "#metal2" },
				"up": { "uv": [ 8.750999, 6.853554, 9.750999, 7.559803 ], "texture": "#metal2" },
				"north": { "uv": [ 6.249001, 6.853554, 7.249001, 7.353554 ], "texture": "#metal2" },
				"south": { "uv": [ 8.750999, 6.853554, 9.750999, 7.353554 ], "texture": "#metal2" },
				"west": { "uv": [ 6.853553, 6.853554, 7.559803, 7.353554 ], "texture": "#metal2" },
				"east": { "uv": [ 8.440197, 6.853554, 9.146446, 7.353554 ], "texture": "#metal2" }
			}
		},
		{
			"__comment": "hanger7",
			"from": [ 8.75, 30.5, 7 ],
			"to": [ 9.75, 31, 9 ],
			"faces": {
				"down": { "uv": [ 8.75, 7, 9.75, 9 ], "texture": "#metal2" },
				"up": { "uv": [ 8.75, 7, 9.75, 9 ], "texture": "#metal2" },
				"north": { "uv": [ 6.25, 6.5, 7.25, 7 ], "texture": "#metal2" },
				"south": { "uv": [ 8.75, 6.5, 9.75, 7 ], "texture": "#metal2" },
				"west": { "uv": [ 7, 6.5, 9, 7 ], "texture": "#metal2" },
				"east": { "uv": [ 7, 6.5, 9, 7 ], "texture": "#metal2" }
			}
		},
		{
			"__comment": "hanger",
			"from": [ -1.25, 27.5, 9 ],
			"to": [ -0.25, 30.5, 9.5 ],
			"faces": {
				"down": { "uv": [ 14.75, 6.5, 15.75, 7 ], "texture": "#metal2" },
				"up": { "uv": [ 14.75, 9, 15.75, 9.5 ], "texture": "#metal2" },
				"north": { "uv": [ 0.25, 7, 1.25, 10 ], "texture": "#metal2" },
				"south": { "uv": [ 14.75, 7, 15.75, 10 ], "texture": "#metal2" },
				"west": { "uv": [ 9, 7, 9.5, 10 ], "texture": "#metal2" },
				"east": { "uv": [ 6.5, 7, 7, 10 ], "texture": "#metal2" }
			}
		},
		{
			"__comment": "hanger2",
			"from": [ -1.25, 27.5, 6.5 ],
			"to": [ -0.25, 30.5, 7 ],
			"faces": {
				"down": { "uv": [ 14.75, 9, 15.75, 9.5 ], "texture": "#metal2" },
				"up": { "uv": [ 14.75, 6.5, 15.75, 7 ], "texture": "#metal2" },
				"north": { "uv": [ 0.25, 7, 1.25, 10 ], "texture": "#metal2" },
				"south": { "uv": [ 14.75, 7, 15.75, 10 ], "texture": "#metal2" },
				"west": { "uv": [ 6.5, 7, 7, 10 ], "texture": "#metal2" },
				"east": { "uv": [ 9, 7, 9.5, 10 ], "texture": "#metal2" }
			}
		},
		{
			"__comment": "hanger3",
			"from": [ -1.249, 30.5, 9 ],
			"to": [ -0.249, 31, 9.70625 ],
			"rotation": { "origin": [ -1.249001, 31, 9 ], "axis": "x", "angle": 45 },
			"faces": {
				"down": { "uv": [ 14.751, 6.647304, 15.751, 7.353554 ], "texture": "#metal2" },
				"up": { "uv": [ 14.751, 8.646446, 15.751, 9.352696 ], "texture": "#metal2" },
				"north": { "uv": [ 0.2490005, 6.353554, 1.249001, 6.853554 ], "texture": "#metal2" },
				"south": { "uv": [ 14.751, 6.353554, 15.751, 6.853554 ], "texture": "#metal2" },
				"west": { "uv": [ 8.646446, 6.353554, 9.352696, 6.853554 ], "texture": "#metal2" },
				"east": { "uv": [ 6.647304, 6.353554, 7.353554, 6.853554 ], "texture": "#metal2" }
			}
		},
		{
			"__comment": "hanger4",
			"from": [ -1.249, 30, 6.5 ],
			"to": [ -0.249, 30.5, 7.20625 ],
			"rotation": { "origin": [ -1.249001, 30.5, 6.5 ], "axis": "x", "angle": -45 },
			"faces": {
				"down": { "uv": [ 14.751, 8.440197, 15.751, 9.146446 ], "texture": "#metal2" },
				"up": { "uv": [ 14.751, 6.853554, 15.751, 7.559803 ], "texture": "#metal2" },
				"north": { "uv": [ 0.2490005, 6.853554, 1.249001, 7.353554 ], "texture": "#metal2" },
				"south": { "uv": [ 14.751, 6.853554, 15.751, 7.353554 ], "texture": "#metal2" },
				"west": { "uv": [ 6.853553, 6.853554, 7.559803, 7.353554 ], "texture": "#metal2" },
				"east": { "uv": [ 8.440197, 6.853554, 9.146446, 7.353554 ], "texture": "#metal2" }
			}
		},
		{
			"__comment": "hanger7",
			"from": [ -1.25, 30.5, 7 ],
			"to": [ -0.25, 31, 9 ],
			"faces": {
				"down": { "uv": [ 14.75, 7, 15.75, 9 ], "texture": "#metal2" },
				"up": { "uv": [ 14.75, 7, 15.75, 9 ], "texture": "#metal2" },
				"north": { "uv": [ 0.25, 6.5, 1.25, 7 ], "texture": "#metal2" },
				"south": { "uv": [ 14.75, 6.5, 15.75, 7 ], "texture": "#metal2" },
				"west": { "uv": [ 7, 6.5, 9, 7 ], "texture": "#metal2" },
				"east": { "uv": [ 7, 6.5, 9, 7 ], "texture": "#metal2" }
			}
		},
		{
			"__comment": "hanger",
			"from": [ -6.25, 27.5, 9 ],
			"to": [ -5.25, 30.5, 9.5 ],
			"faces": {
				"down": { "uv": [ 9.75, 6.5, 10.75, 7 ], "texture": "#metal2" },
				"up": { "uv": [ 9.75, 9, 10.75, 9.5 ], "texture": "#metal2" },
				"north": { "uv": [ 5.25, 7, 6.25, 10 ], "texture": "#metal2" },
				"south": { "uv": [ 9.75, 7, 10.75, 10 ], "texture": "#metal2" },
				"west": { "uv": [ 9, 7, 9.5, 10 ], "texture": "#metal2" },
				"east": { "uv": [ 6.5, 7, 7, 10 ], "texture": "#metal2" }
			}
		},
		{
			"__comment": "hanger2",
			"from": [ -6.25, 27.5, 6.5 ],
			"to": [ -5.25, 30.5, 7 ],
			"faces": {
				"down": { "uv": [ 9.75, 9, 10.75, 9.5 ], "texture": "#metal2" },
				"up": { "uv": [ 9.75, 6.5, 10.75, 7 ], "texture": "#metal2" },
				"north": { "uv": [ 5.25, 7, 6.25, 10 ], "texture": "#metal2" },
				"south": { "uv": [ 9.75, 7, 10.75, 10 ], "texture": "#metal2" },
				"west": { "uv": [ 6.5, 7, 7, 10 ], "texture": "#metal2" },
				"east": { "uv": [ 9, 7, 9.5, 10 ], "texture": "#metal2" }
			}
		},
		{
			"__comment": "hanger3",
			"from": [ -6.249, 30.5, 9 ],
			"to": [ -5.249, 31, 9.70625 ],
			"rotation": { "origin": [ -6.249001, 31, 9 ], "axis": "x", "angle": 45 },
			"faces": {
				"down": { "uv": [ 9.750999, 6.647304, 10.751, 7.353554 ], "texture": "#metal2" },
				"up": { "uv": [ 9.750999, 8.646446, 10.751, 9.352696 ], "texture": "#metal2" },
				"north": { "uv": [ 5.249001, 6.353554, 6.249001, 6.853554 ], "texture": "#metal2" },
				"south": { "uv": [ 9.750999, 6.353554, 10.751, 6.853554 ], "texture": "#metal2" },
				"west": { "uv": [ 8.646446, 6.353554, 9.352696, 6.853554 ], "texture": "#metal2" },
				"east": { "uv": [ 6.647304, 6.353554, 7.353554, 6.853554 ], "texture": "#metal2" }
			}
		},
		{
			"__comment": "hanger4",
			"from": [ -6.249, 30, 6.5 ],
			"to": [ -5.249, 30.5, 7.20625 ],
			"rotation": { "origin": [ -6.249001, 30.5, 6.5 ], "axis": "x", "angle": -45 },
			"faces": {
				"down": { "uv": [ 9.750999, 8.440197, 10.751, 9.146446 ], "texture": "#metal2" },
				"up": { "uv": [ 9.750999, 6.853554, 10.751, 7.559803 ], "texture": "#metal2" },
				"north": { "uv": [ 5.249001, 6.853554, 6.249001, 7.353554 ], "texture": "#metal2" },
				"south": { "uv": [ 9.750999, 6.853554, 10.751, 7.353554 ], "texture": "#metal2" },
				"west": { "uv": [ 6.853553, 6.853554, 7.559803, 7.353554 ], "texture": "#metal2" },
				"east": { "uv": [ 8.440197, 6.853554, 9.146446, 7.353554 ], "texture": "#metal2" }
			}
		},
		{
			"__comment": "hanger7",
			"from": [ -6.25, 30.5, 7 ],
			"to": [ -5.25, 31, 9 ],
			"faces": {
				"down": { "uv": [ 9.75, 7, 10.75, 9 ], "texture": "#metal2" },
				"up": { "uv": [ 9.75, 7, 10.75, 9 ], "texture": "#metal2" },
				"north": { "uv": [ 5.25, 6.5, 6.25, 7 ], "texture": "#metal2" },
				"south": { "uv": [ 9.75, 6.5, 10.75, 7 ], "texture": "#metal2" },
				"west": { "uv": [ 7, 6.5, 9, 7 ], "texture": "#metal2" },
				"east": { "uv": [ 7, 6.5, 9, 7 ], "texture": "#metal2" }
			}
		},
		{
			"__comment": "cloth",
			"from": [ -15, -16, 6 ],
			"to": [ -4.5, -10.5, 10 ],
			"faces": {
				"down": { "uv": [ 1, 6, 11.5, 10 ], "texture": "#cloth" },
				"up": { "uv": [ 1, 6, 11.5, 10 ], "texture": "#cloth" },
				"north": { "uv": [ 4.5, 0, 15, 5.5 ], "texture": "#cloth" },
				"south": { "uv": [ 1, 0, 11.5, 5.5 ], "texture": "#cloth" },
				"west": { "uv": [ 6, 0, 10, 5.5 ], "texture": "#cloth" },
				"east": { "uv": [ 6, 0, 10, 5.5 ], "texture": "#cloth" }
			}
		},
		{
			"__comment": "cloth",
			"from": [ -15, 5.5, 6 ],
			"to": [ -5, 21.5, 10 ],
			"faces": {
				"down": { "uv": [ 1, 6, 11, 10 ], "texture": "#cloth" },
				"up": { "uv": [ 1, 6, 11, 10 ], "texture": "#cloth" },
				"north": { "uv": [ 5, 0, 15, 16 ], "texture": "#cloth" },
				"south": { "uv": [ 1, 0, 11, 16 ], "texture": "#cloth" },
				"west": { "uv": [ 6, 0, 10, 16 ], "texture": "#cloth" },
				"east": { "uv": [ 6, 0, 10, 16 ], "texture": "#cloth" }
			}
		},
		{
			"__comment": "cloth",
			"from": [ -15, 21.5, 6 ],
			"to": [ 0, 28, 10 ],
			"faces": {
				"down": { "uv": [ 1, 6, 16, 10 ], "texture": "#cloth" },
				"up": { "uv": [ 1, 6, 16, 10 ], "texture": "#cloth" },
				"north": { "uv": [ 0, 9.5, 15, 16 ], "texture": "#cloth" },
				"south": { "uv": [ 1, 9.5, 16, 16 ], "texture": "#cloth" },
				"west": { "uv": [ 6, 9.5, 10, 16 ], "texture": "#cloth" },
				"east": { "uv": [ 6, 9.5, 10, 16 ], "texture": "#cloth" }
			}
		},
		{
			"__comment": "cloth1",
			"from": [ 7, 20.5, 6 ],
			"to": [ 8, 21.5, 10 ],
			"faces": {
				"down": { "uv": [ 7, 6, 8, 10 ], "texture": "#cloth" },
				"up": { "uv": [ 7, 6, 8, 10 ], "texture": "#cloth" },
				"north": { "uv": [ 8, 0, 9, 1 ], "texture": "#cloth" },
				"south": { "uv": [ 7, 0, 8, 1 ], "texture": "#cloth" },
				"west": { "uv": [ 6, 0, 10, 1 ], "texture": "#cloth" },
				"east": { "uv": [ 6, 0, 10, 1 ], "texture": "#cloth" }
			}
		},
		{
			"__comment": "cloth1",
			"from": [ 8, 21.5, 5.999 ],
			"to": [ 9, 26.5125, 9.999001 ],
			"rotation": { "origin": [ 9, 21.5, 5.999 ], "axis": "z", "angle": -22.5 },
			"faces": {
				"down": { "uv": [ 8.07612, 6.000999, 9.07612, 10.001 ], "texture": "#cloth" },
				"up": { "uv": [ 8.07612, 5.999001, 9.07612, 9.999001 ], "texture": "#cloth" },
				"north": { "uv": [ 6.92388, 10.60482, 7.92388, 15.61732 ], "texture": "#cloth" },
				"south": { "uv": [ 8.07612, 10.60482, 9.07612, 15.61732 ], "texture": "#cloth" },
				"west": { "uv": [ 5.999, 10.60482, 9.999001, 15.61732 ], "texture": "#cloth" },
				"east": { "uv": [ 6.000999, 10.60482, 10.001, 15.61732 ], "texture": "#cloth" }
			}
		},
		{
			"__comment": "cloth1",
			"from": [ 0, 13.5, 6 ],
			"to": [ 1, 21.5, 10 ],
			"faces": {
				"down": { "uv": [ 0, 6, 1, 10 ], "texture": "#cloth" },
				"up": { "uv": [ 0, 6, 1, 10 ], "texture": "#cloth" },
				"north": { "uv": [ 15, 0, 16, 8 ], "texture": "#cloth" },
				"south": { "uv": [ 0, 0, 1, 8 ], "texture": "#cloth" },
				"west": { "uv": [ 6, 0, 10, 8 ], "texture": "#cloth" },
				"east": { "uv": [ 6, 0, 10, 8 ], "texture": "#cloth" }
			}
		},
		{
			"__comment": "cloth1",
			"from": [ 1, 14.5, 6 ],
			"to": [ 2, 21.5, 10 ],
			"faces": {
				"down": { "uv": [ 1, 6, 2, 10 ], "texture": "#cloth" },
				"up": { "uv": [ 1, 6, 2, 10 ], "texture": "#cloth" },
				"north": { "uv": [ 14, 0, 15, 7 ], "texture": "#cloth" },
				"south": { "uv": [ 1, 0, 2, 7 ], "texture": "#cloth" },
				"west": { "uv": [ 6, 0, 10, 7 ], "texture": "#cloth" },
				"east": { "uv": [ 6, 0, 10, 7 ], "texture": "#cloth" }
			}
		},
		{
			"__comment": "cloth1",
			"from": [ 2, 15.5, 6 ],
			"to": [ 3, 21.5, 10 ],
			"faces": {
				"down": { "uv": [ 2, 6, 3, 10 ], "texture": "#cloth" },
				"up": { "uv": [ 2, 6, 3, 10 ], "texture": "#cloth" },
				"north": { "uv": [ 13, 0, 14, 6 ], "texture": "#cloth" },
				"south": { "uv": [ 2, 0, 3, 6 ], "texture": "#cloth" },
				"west": { "uv": [ 6, 0, 10, 6 ], "texture": "#cloth" },
				"east": { "uv": [ 6, 0, 10, 6 ], "texture": "#cloth" }
			}
		},
		{
			"__comment": "cloth1",
			"from": [ 3, 16.5, 6 ],
			"to": [ 4, 21.5, 10 ],
			"faces": {
				"down": { "uv": [ 3, 6, 4, 10 ], "texture": "#cloth" },
				"up": { "uv": [ 3, 6, 4, 10 ], "texture": "#cloth" },
				"north": { "uv": [ 12, 0, 13, 5 ], "texture": "#cloth" },
				"south": { "uv": [ 3, 0, 4, 5 ], "texture": "#cloth" },
				"west": { "uv": [ 6, 0, 10, 5 ], "texture": "#cloth" },
				"east": { "uv": [ 6, 0, 10, 5 ], "texture": "#cloth" }
			}
		},
		{
			"__comment": "cloth1",
			"from": [ 4, 17.5, 6 ],
			"to": [ 5, 21.5, 10 ],
			"faces": {
				"down": { "uv": [ 4, 6, 5, 10 ], "texture": "#cloth" },
				"up": { "uv": [ 4, 6, 5, 10 ], "texture": "#cloth" },
				"north": { "uv": [ 11, 0, 12, 4 ], "texture": "#cloth" },
				"south": { "uv": [ 4, 0, 5, 4 ], "texture": "#cloth" },
				"west": { "uv": [ 6, 0, 10, 4 ], "texture": "#cloth" },
				"east": { "uv": [ 6, 0, 10, 4 ], "texture": "#cloth" }
			}
		},
		{
			"__comment": "cloth1",
			"from": [ 5, 18.5, 6 ],
			"to": [ 6, 21.5, 10 ],
			"faces": {
				"down": { "uv": [ 5, 6, 6, 10 ], "texture": "#cloth" },
				"up": { "uv": [ 5, 6, 6, 10 ], "texture": "#cloth" },
				"north": { "uv": [ 10, 0, 11, 3 ], "texture": "#cloth" },
				"south": { "uv": [ 5, 0, 6, 3 ], "texture": "#cloth" },
				"west": { "uv": [ 6, 0, 10, 3 ], "texture": "#cloth" },
				"east": { "uv": [ 6, 0, 10, 3 ], "texture": "#cloth" }
			}
		},
		{
			"__comment": "cloth1",
			"from": [ 6, 19.5, 6 ],
			"to": [ 7, 21.5, 10 ],
			"faces": {
				"down": { "uv": [ 6, 6, 7, 10 ], "texture": "#cloth" },
				"up": { "uv": [ 6, 6, 7, 10 ], "texture": "#cloth" },
				"north": { "uv": [ 9, 0, 10, 2 ], "texture": "#cloth" },
				"south": { "uv": [ 6, 0, 7, 2 ], "texture": "#cloth" },
				"west": { "uv": [ 6, 0, 10, 2 ], "texture": "#cloth" },
				"east": { "uv": [ 6, 0, 10, 2 ], "texture": "#cloth" }
			}
		},
		{
			"__comment": "cloth",
			"from": [ -5, 12.5, 6 ],
			"to": [ 0, 21.5, 10 ],
			"faces": {
				"down": { "uv": [ 11, 6, 16, 10 ], "texture": "#cloth" },
				"up": { "uv": [ 11, 6, 16, 10 ], "texture": "#cloth" },
				"north": { "uv": [ 0, 0, 5, 9 ], "texture": "#cloth" },
				"south": { "uv": [ 11, 0, 16, 9 ], "texture": "#cloth" },
				"west": { "uv": [ 6, 0, 10, 9 ], "texture": "#cloth" },
				"east": { "uv": [ 6, 0, 10, 9 ], "texture": "#cloth" }
			}
		},
		{
			"__comment": "cloth",
			"from": [ -3, 7.5, 6 ],
			"to": [ -2.5, 11.5, 10 ],
			"faces": {
				"down": { "uv": [ 13, 6, 13.5, 10 ], "texture": "#cloth" },
				"up": { "uv": [ 13, 6, 13.5, 10 ], "texture": "#cloth" },
				"north": { "uv": [ 2.5, 10, 3, 14 ], "texture": "#cloth" },
				"south": { "uv": [ 13, 10, 13.5, 14 ], "texture": "#cloth" },
				"west": { "uv": [ 6, 10, 10, 14 ], "texture": "#cloth" },
				"east": { "uv": [ 6, 10, 10, 14 ], "texture": "#cloth" }
			}
		},
		{
			"__comment": "cloth",
			"from": [ -2.5, 9, 6 ],
			"to": [ -1.5, 12.5, 10 ],
			"faces": {
				"down": { "uv": [ 13.5, 6, 14.5, 10 ], "texture": "#cloth" },
				"up": { "uv": [ 13.5, 6, 14.5, 10 ], "texture": "#cloth" },
				"north": { "uv": [ 1.5, 9, 2.5, 12.5 ], "texture": "#cloth" },
				"south": { "uv": [ 13.5, 9, 14.5, 12.5 ], "texture": "#cloth" },
				"west": { "uv": [ 6, 9, 10, 12.5 ], "texture": "#cloth" },
				"east": { "uv": [ 6, 9, 10, 12.5 ], "texture": "#cloth" }
			}
		},
		{
			"__comment": "cloth",
			"from": [ -4, 5, 6 ],
			"to": [ -3.5, 5.5, 10 ],
			"faces": {
				"down": { "uv": [ 12, 6, 12.5, 10 ], "texture": "#cloth" },
				"up": { "uv": [ 12, 6, 12.5, 10 ], "texture": "#cloth" },
				"north": { "uv": [ 3.5, 0, 4, 0.5 ], "texture": "#cloth" },
				"south": { "uv": [ 12, 0, 12.5, 0.5 ], "texture": "#cloth" },
				"west": { "uv": [ 6, 0, 10, 0.5 ], "texture": "#cloth" },
				"east": { "uv": [ 6, 0, 10, 0.5 ], "texture": "#cloth" }
			}
		},
		{
			"__comment": "cloth1",
			"from": [ 0, 21.5, 6 ],
			"to": [ 9, 28, 10 ],
			"faces": {
				"down": { "uv": [ 0, 6, 9, 10 ], "texture": "#cloth" },
				"up": { "uv": [ 0, 6, 9, 10 ], "texture": "#cloth" },
				"north": { "uv": [ 7, 9.5, 16, 16 ], "texture": "#cloth" },
				"south": { "uv": [ 0, 9.5, 9, 16 ], "texture": "#cloth" },
				"west": { "uv": [ 6, 9.5, 10, 16 ], "texture": "#cloth" },
				"east": { "uv": [ 6, 9.5, 10, 16 ], "texture": "#cloth" }
			}
		},
		{
			"__comment": "cloth1",
			"from": [ 8, 8.5, 6.004 ],
			"to": [ 9, 21.5, 10.004 ],
			"rotation": { "origin": [ 9, 21.5, 6.004 ], "axis": "z", "angle": -45 },
			"faces": {
				"down": { "uv": [ 0, 5.996, 0.1005049, 9.996 ], "texture": "#cloth" },
				"up": { "uv": [ 0, 6.004, 0.1005049, 10.004 ], "texture": "#cloth" },
				"north": { "uv": [ 15.8995, 0, 16, 8.48528 ], "texture": "#cloth" },
				"south": { "uv": [ 0, 0, 0.1005049, 8.48528 ], "texture": "#cloth" },
				"west": { "uv": [ 6.004, 0, 10.004, 8.48528 ], "texture": "#cloth" },
				"east": { "uv": [ 5.996, 0, 9.996, 8.48528 ], "texture": "#cloth" }
			}
		},
		{
			"__comment": "cloth1",
			"from": [ 8, 8.5, 6.01 ],
			"to": [ 9, 21.5, 10.01 ],
			"rotation": { "origin": [ 9, 21.5, 6.01 ], "axis": "z", "angle": -45 },
			"faces": {
				"down": { "uv": [ 0, 5.99, 0.1005049, 9.99 ], "texture": "#cloth" },
				"up": { "uv": [ 0, 6.01, 0.1005049, 10.01 ], "texture": "#cloth" },
				"north": { "uv": [ 15.8995, 0, 16, 8.48528 ], "texture": "#cloth" },
				"south": { "uv": [ 0, 0, 0.1005049, 8.48528 ], "texture": "#cloth" },
				"west": { "uv": [ 6.01, 0, 10.01, 8.48528 ], "texture": "#cloth" },
				"east": { "uv": [ 5.99, 0, 9.99, 8.48528 ], "texture": "#cloth" }
			}
		},
		{
			"__comment": "cloth1",
			"from": [ 9, 24.125, 6 ],
			"to": [ 10, 26.125, 10 ],
			"faces": {
				"down": { "uv": [ 9, 6, 10, 10 ], "texture": "#cloth" },
				"up": { "uv": [ 9, 6, 10, 10 ], "texture": "#cloth" },
				"north": { "uv": [ 6, 11.375, 7, 13.375 ], "texture": "#cloth" },
				"south": { "uv": [ 9, 11.375, 10, 13.375 ], "texture": "#cloth" },
				"west": { "uv": [ 6, 11.375, 10, 13.375 ], "texture": "#cloth" },
				"east": { "uv": [ 6, 11.375, 10, 13.375 ], "texture": "#cloth" }
			}
		},
		{
			"__comment": "cloth1",
			"from": [ 9, 26.125, 6 ],
			"to": [ 10.9175, 28, 10 ],
			"faces": {
				"down": { "uv": [ 9, 6, 10.9175, 10 ], "texture": "#cloth" },
				"up": { "uv": [ 9, 6, 10.9175, 10 ], "texture": "#cloth" },
				"north": { "uv": [ 5.0825, 9.5, 7, 11.375 ], "texture": "#cloth" },
				"south": { "uv": [ 9, 9.5, 10.9175, 11.375 ], "texture": "#cloth" },
				"west": { "uv": [ 6, 9.5, 10, 11.375 ], "texture": "#cloth" },
				"east": { "uv": [ 6, 9.5, 10, 11.375 ], "texture": "#cloth" }
			}
		},
		{
			"__comment": "cloth1",
			"from": [ -0.9999, 0.5, 5.999 ],
			"to": [ 0.0001000166, 12.5, 9.999001 ],
			"rotation": { "origin": [ 0, 12.5, 5.999 ], "axis": "z", "angle": -22.5 },
			"faces": {
				"down": { "uv": [ 10.48401, 6.000999, 11.48401, 10.001 ], "texture": "#cloth" },
				"up": { "uv": [ 10.48401, 5.999001, 11.48401, 9.999001 ], "texture": "#cloth" },
				"north": { "uv": [ 4.515987, 7.703909, 5.515987, 16 ], "texture": "#cloth" },
				"south": { "uv": [ 10.48401, 7.703909, 11.48401, 16 ], "texture": "#cloth" },
				"west": { "uv": [ 5.999, 7.703909, 9.999001, 16 ], "texture": "#cloth" },
				"east": { "uv": [ 6.000999, 7.703909, 10.001, 16 ], "texture": "#cloth" }
			}
		},
		{
			"__comment": "cloth",
			"from": [ -5, 11.5, 6 ],
			"to": [ -0.5, 12.5, 10 ],
			"faces": {
				"down": { "uv": [ 11, 6, 15.5, 10 ], "texture": "#cloth" },
				"up": { "uv": [ 11, 6, 15.5, 10 ], "texture": "#cloth" },
				"north": { "uv": [ 0.5, 9, 5, 10 ], "texture": "#cloth" },
				"south": { "uv": [ 11, 9, 15.5, 10 ], "texture": "#cloth" },
				"west": { "uv": [ 6, 9, 10, 10 ], "texture": "#cloth" },
				"east": { "uv": [ 6, 9, 10, 10 ], "texture": "#cloth" }
			}
		},
		{
			"__comment": "cloth",
			"from": [ -5, 5.5, 6 ],
			"to": [ -3, 11.5, 10 ],
			"faces": {
				"down": { "uv": [ 11, 6, 13, 10 ], "texture": "#cloth" },
				"up": { "uv": [ 11, 6, 13, 10 ], "texture": "#cloth" },
				"north": { "uv": [ 3, 10, 5, 16 ], "texture": "#cloth" },
				"south": { "uv": [ 11, 10, 13, 16 ], "texture": "#cloth" },
				"west": { "uv": [ 6, 10, 10, 16 ], "texture": "#cloth" },
				"east": { "uv": [ 6, 10, 10, 16 ], "texture": "#cloth" }
			}
		},
		{
			"__comment": "cloth",
			"from": [ -4.5, 4, 6 ],
			"to": [ -4, 5.5, 10 ],
			"faces": {
				"down": { "uv": [ 11.5, 6, 12, 10 ], "texture": "#cloth" },
				"up": { "uv": [ 11.5, 6, 12, 10 ], "texture": "#cloth" },
				"north": { "uv": [ 4, 0, 4.5, 1.5 ], "texture": "#cloth" },
				"south": { "uv": [ 11.5, 0, 12, 1.5 ], "texture": "#cloth" },
				"west": { "uv": [ 6, 0, 10, 1.5 ], "texture": "#cloth" },
				"east": { "uv": [ 6, 0, 10, 1.5 ], "texture": "#cloth" }
			}
		},
		{
			"__comment": "Box1",
			"from": [ -16, 28, 6.5 ],
			"to": [ -14, 31, 9.5 ],
			"faces": {
				"down": { "uv": [ 0, 6.5, 2, 9.5 ], "texture": "#metal" },
				"up": { "uv": [ 0, 6.5, 2, 9.5 ], "texture": "#metal" },
				"north": { "uv": [ 14, 6.5, 16, 9.5 ], "texture": "#metal" },
				"south": { "uv": [ 0, 6.5, 2, 9.5 ], "texture": "#metal" },
				"west": { "uv": [ 6.5, 6.5, 9.5, 9.5 ], "texture": "#metal" },
				"east": { "uv": [ 6.5, 6.5, 9.5, 9.5 ], "texture": "#metal" }
			}
		},
		{
			"__comment": "Box1",
			"from": [ -15, -0.5, 5.5 ],
			"to": [ -4, 1, 10.5 ],
			"faces": {
				"down": { "uv": [ 1, 5.5, 12, 10.5 ], "texture": "#cloth2" },
				"up": { "uv": [ 1, 5.5, 12, 10.5 ], "texture": "#cloth2" },
				"north": { "uv": [ 4, 4.5, 15, 6 ], "texture": "#cloth2" },
				"south": { "uv": [ 1, 4.5, 12, 6 ], "texture": "#cloth2" },
				"west": { "uv": [ 5.5, 4.5, 10.5, 6 ], "texture": "#cloth2" },
				"east": { "uv": [ 5.5, 4.5, 10.5, 6 ], "texture": "#cloth2" }
			}
		},
		{
			"__comment": "Box1",
			"from": [ -16, -2.75, 5 ],
			"to": [ -15, 3.25, 11 ],
			"faces": {
				"down": { "uv": [ 0, 5, 1, 11 ], "texture": "#metal" },
				"up": { "uv": [ 0, 5, 1, 11 ], "texture": "#metal" },
				"north": { "uv": [ 15, 2.25, 16, 8.25 ], "texture": "#metal" },
				"south": { "uv": [ 0, 2.25, 1, 8.25 ], "texture": "#metal" },
				"west": { "uv": [ 5, 2.25, 11, 8.25 ], "texture": "#metal" },
				"east": { "uv": [ 5, 2.25, 11, 8.25 ], "texture": "#metal" }
			}
		},
		{
			"__comment": "cloth",
			"from": [ -15, -10.5, 6 ],
			"to": [ -4.5, 5.5, 10 ],
			"faces": {
				"down": { "uv": [ 1, 6, 11.5, 10 ], "texture": "#cloth" },
				"up": { "uv": [ 1, 6, 11.5, 10 ], "texture": "#cloth" },
				"north": { "uv": [ 4.5, 0, 15, 16 ], "texture": "#cloth" },
				"south": { "uv": [ 1, 0, 11.5, 16 ], "texture": "#cloth" },
				"west": { "uv": [ 6, 0, 10, 16 ], "texture": "#cloth" },
				"east": { "uv": [ 6, 0, 10, 16 ], "texture": "#cloth" }
			}
		}
	],
	"display": {
		"head": {
			"rotation":  [ 0, 90, 0 ],
			"translation":  [ 0, -25, 0 ],
			"scale":  [ 1.6, 1.6, 1 ]
		}
	}
}