{
    "variants": {
        "eye=false,facing=south": { "model": "village_light_string" },
        "eye=false,facing=west": { "model": "village_light_string", "y": 90 },
        "eye=false,facing=north": { "model": "village_light_string", "y": 180 },
        "eye=false,facing=east": { "model": "village_light_string", "y": 270 },

        "eye=true,facing=south": { "model": "village_lamp" },
        "eye=true,facing=west": { "model": "village_lamp" },
        "eye=true,facing=north": { "model": "village_lamp" },
        "eye=true,facing=east": { "model": "village_lamp" }
    }
}
