{
    "multipart": [
        {   "apply": [
			{ "model": "i1" , "weight": 2 },
			{ "model": "i2" , "weight": 2 },
			{ "model": "i3" , "weight": 1 },
			{ "model": "i4" , "weight": 1 },
			{ "model": "i1" , "y": 90, "weight": 2 },
			{ "model": "i2" , "y": 90, "weight": 2 },
			{ "model": "i3" , "y": 90, "weight": 1 },
			{ "model": "i4" , "y": 90, "weight": 1 },
			{ "model": "i1" , "y": 180, "weight": 2 },
			{ "model": "i2" , "y": 180, "weight": 2 },
			{ "model": "i3" , "y": 180, "weight": 1 },
			{ "model": "i4" , "y": 180, "weight": 1 },
			{ "model": "i1" , "y": 270, "weight": 2 },
			{ "model": "i2" , "y": 270, "weight": 2 },
			{ "model": "i3" , "y": 270, "weight": 1 },
			{ "model": "i4" , "y": 270, "weight": 1 }
			]
		}
	]
}