{
    "variants": {
        "half=top,variant=default": [
            { "model": "wood_pile1", "weight": 1},
            { "model": "wood_pile1", "y": 90, "weight": 2},
            { "model": "wood_pile1", "y": 180, "weight": 1},
            { "model": "wood_pile1", "y": 270, "weight": 2}
        ],
        
        "half=bottom,variant=default": [
            { "model": "wood_pile2", "weight": 1},
            { "model": "wood_pile2", "y": 90, "weight": 2},
            { "model": "wood_pile2", "y": 180, "weight": 1},
            { "model": "wood_pile2", "y": 270, "weight": 2},

            { "model": "wood_pile3", "weight": 1},
            { "model": "wood_pile3", "y": 90, "weight": 2},
            { "model": "wood_pile3", "y": 180, "weight": 1},
            { "model": "wood_pile3", "y": 270, "weight": 2},

            { "model": "wood_pile4", "weight": 1},
            { "model": "wood_pile4", "y": 90, "weight": 2},
            { "model": "wood_pile4", "y": 180, "weight": 1},
            { "model": "wood_pile4", "y": 270, "weight": 2}
        ]
    }
}
