{
    "variants": {
        "facing=east,half=top,shape=straight": [
            { "model": "bookcase1" },
            { "model": "bookcase2" },
            { "model": "bookcase3" },
            { "model": "bookcase4" }
        ],

        "facing=west,half=top,shape=straight": [
            { "model": "bookcase1", "y": 180 },
            { "model": "bookcase2", "y": 180 },
            { "model": "bookcase3", "y": 180 },
            { "model": "bookcase4", "y": 180 }
        ],

        "facing=south,half=top,shape=straight": [
            { "model": "bookcase1", "y": 90 },
            { "model": "bookcase2", "y": 90 },
            { "model": "bookcase3", "y": 90 },
            { "model": "bookcase4", "y": 90 }
        ],

        "facing=north,half=top,shape=straight": [
            { "model": "bookcase1", "y": 270 },
            { "model": "bookcase2", "y": 270 },
            { "model": "bookcase3", "y": 270 },
            { "model": "bookcase4", "y": 270 }
        ],

        "facing=east,half=bottom,shape=straight": [
            { "model": "kitchen_shelves1" },
            { "model": "kitchen_shelves2" },
            { "model": "kitchen_shelves3" },
            { "model": "kitchen_shelves4" }
        ],

        "facing=west,half=bottom,shape=straight": [
            { "model": "kitchen_shelves1", "y": 180 },
            { "model": "kitchen_shelves2", "y": 180 },
            { "model": "kitchen_shelves3", "y": 180 },
            { "model": "kitchen_shelves4", "y": 180 }
        ],

        "facing=south,half=bottom,shape=straight": [
            { "model": "kitchen_shelves1", "y": 90 },
            { "model": "kitchen_shelves2", "y": 90 },
            { "model": "kitchen_shelves3", "y": 90 },
            { "model": "kitchen_shelves4", "y": 90 }
        ],

        "facing=north,half=bottom,shape=straight": [
            { "model": "kitchen_shelves1", "y": 270 },
            { "model": "kitchen_shelves2", "y": 270 },
            { "model": "kitchen_shelves3", "y": 270 },
            { "model": "kitchen_shelves4", "y": 270 }
        ]
    }
}
