{
	"__comment": "Designed by Ersatz with Cubik Studio - https://cubik.studio",
	"textures": {
		"wood_trim": "blocks/log_spruce",
		"handle": "blocks/hardened_clay_stained_cyan"
	},
	"elements": [ 	 
		{
			"__comment": "Box1",
			"from": [ -15, -11, 16 ],
			"to": [ -14, 0, 17 ],
			"faces": {
				"down": { "uv": [ 1, 15, 2, 16 ], "texture": "#wood_trim" },
				"up": { "uv": [ 1, 0, 2, 1 ], "texture": "#wood_trim" },
				"north": { "uv": [ 14, 0, 15, 11 ], "texture": "#wood_trim" },
				"south": { "uv": [ 1, 0, 2, 11 ], "texture": "#wood_trim" },
				"west": { "uv": [ 0, 0, 1, 11 ], "texture": "#wood_trim" },
				"east": { "uv": [ 15, 0, 16, 11 ], "texture": "#wood_trim" }
			}
		},
		{
			"__comment": "Box1",
			"from": [ -2, -11, 16 ],
			"to": [ -1, 0, 17 ],
			"faces": {
				"down": { "uv": [ 14, 15, 15, 16 ], "texture": "#wood_trim" },
				"up": { "uv": [ 14, 0, 15, 1 ], "texture": "#wood_trim" },
				"north": { "uv": [ 1, 0, 2, 11 ], "texture": "#wood_trim" },
				"south": { "uv": [ 14, 0, 15, 11 ], "texture": "#wood_trim" },
				"west": { "uv": [ 0, 0, 1, 11 ], "texture": "#wood_trim" },
				"east": { "uv": [ 15, 0, 16, 11 ], "texture": "#wood_trim" }
			}
		},
		{
			"__comment": "Box19",
			"from": [ -3, 0, 16.5 ],
			"to": [ -2, 1, 18 ],
			"faces": {
				"down": { "uv": [ 13, 14, 14, 15.5 ], "texture": "#handle" },
				"up": { "uv": [ 13, 0.5, 14, 2 ], "texture": "#handle" },
				"north": { "uv": [ 2, 15, 3, 16 ], "texture": "#handle" },
				"south": { "uv": [ 13, 15, 14, 16 ], "texture": "#handle" },
				"west": { "uv": [ 0.5, 15, 2, 16 ], "texture": "#handle" },
				"east": { "uv": [ 14, 15, 15.5, 16 ], "texture": "#handle" }
			}
		},
		{
			"__comment": "Box1",
			"from": [ -3, 0, 16 ],
			"to": [ -2, 7, 16.5 ],
			"faces": {
				"down": { "uv": [ 13, 15.5, 14, 16 ], "texture": "#wood_trim" },
				"up": { "uv": [ 13, 0, 14, 0.5 ], "texture": "#wood_trim" },
				"north": { "uv": [ 2, 9, 3, 16 ], "texture": "#wood_trim" },
				"south": { "uv": [ 13, 9, 14, 16 ], "texture": "#wood_trim" },
				"west": { "uv": [ 0, 9, 0.5, 16 ], "texture": "#wood_trim" },
				"east": { "uv": [ 15.5, 9, 16, 16 ], "texture": "#wood_trim" }
			}
		},
		{
			"__comment": "Box1",
			"from": [ -13, -9, 16 ],
			"to": [ -3, 0, 17 ],
			"faces": {
				"down": { "uv": [ 3, 15, 13, 16 ], "texture": "#wood_trim" },
				"up": { "uv": [ 3, 0, 13, 1 ], "texture": "#wood_trim" },
				"north": { "uv": [ 3, 0, 13, 9 ], "texture": "#wood_trim" },
				"south": { "uv": [ 3, 0, 13, 9 ], "texture": "#wood_trim" },
				"west": { "uv": [ 0, 0, 1, 9 ], "texture": "#wood_trim" },
				"east": { "uv": [ 15, 0, 16, 9 ], "texture": "#wood_trim" }
			}
		},
		{
			"__comment": "Box1",
			"from": [ -13, 6, 16 ],
			"to": [ -3, 7, 16.5 ],
			"faces": {
				"down": { "uv": [ 3, 15.5, 13, 16 ], "texture": "#wood_trim" },
				"up": { "uv": [ 3, 0, 13, 0.5 ], "texture": "#wood_trim" },
				"north": { "uv": [ 3, 9, 13, 10 ], "texture": "#wood_trim" },
				"south": { "uv": [ 3, 9, 13, 10 ], "texture": "#wood_trim" },
				"west": { "uv": [ 0, 9, 0.5, 10 ], "texture": "#wood_trim" },
				"east": { "uv": [ 15.5, 9, 16, 10 ], "texture": "#wood_trim" }
			}
		},
		{
			"__comment": "Box1",
			"from": [ -14, -10, 16 ],
			"to": [ -13, 0, 16.5 ],
			"faces": {
				"down": { "uv": [ 2, 15.5, 3, 16 ], "texture": "#wood_trim" },
				"up": { "uv": [ 2, 0, 3, 0.5 ], "texture": "#wood_trim" },
				"north": { "uv": [ 13, 0, 14, 10 ], "texture": "#wood_trim" },
				"south": { "uv": [ 2, 0, 3, 10 ], "texture": "#wood_trim" },
				"west": { "uv": [ 0, 0, 0.5, 10 ], "texture": "#wood_trim" },
				"east": { "uv": [ 15.5, 0, 16, 10 ], "texture": "#wood_trim" }
			}
		},
		{
			"__comment": "Box1",
			"from": [ -3, -10, 16 ],
			"to": [ -2, 0, 16.5 ],
			"faces": {
				"down": { "uv": [ 13, 15.5, 14, 16 ], "texture": "#wood_trim" },
				"up": { "uv": [ 13, 0, 14, 0.5 ], "texture": "#wood_trim" },
				"north": { "uv": [ 2, 0, 3, 10 ], "texture": "#wood_trim" },
				"south": { "uv": [ 13, 0, 14, 10 ], "texture": "#wood_trim" },
				"west": { "uv": [ 0, 0, 0.5, 10 ], "texture": "#wood_trim" },
				"east": { "uv": [ 15.5, 0, 16, 10 ], "texture": "#wood_trim" }
			}
		},
		{
			"__comment": "Box1",
			"from": [ -14, 7, 16 ],
			"to": [ -2, 8, 17 ],
			"faces": {
				"down": { "uv": [ 2, 15, 14, 16 ], "texture": "#wood_trim" },
				"up": { "uv": [ 2, 0, 14, 1 ], "texture": "#wood_trim" },
				"north": { "uv": [ 2, 8, 14, 9 ], "texture": "#wood_trim" },
				"south": { "uv": [ 2, 8, 14, 9 ], "texture": "#wood_trim" },
				"west": { "uv": [ 0, 8, 1, 9 ], "texture": "#wood_trim" },
				"east": { "uv": [ 15, 8, 16, 9 ], "texture": "#wood_trim" }
			}
		},
		{
			"__comment": "Box1",
			"from": [ -13, -10, 16 ],
			"to": [ -3, -9, 16.5 ],
			"faces": {
				"down": { "uv": [ 3, 15.5, 13, 16 ], "texture": "#wood_trim" },
				"up": { "uv": [ 3, 0, 13, 0.5 ], "texture": "#wood_trim" },
				"north": { "uv": [ 3, 9, 13, 10 ], "texture": "#wood_trim" },
				"south": { "uv": [ 3, 9, 13, 10 ], "texture": "#wood_trim" },
				"west": { "uv": [ 0, 9, 0.5, 10 ], "texture": "#wood_trim" },
				"east": { "uv": [ 15.5, 9, 16, 10 ], "texture": "#wood_trim" }
			}
		},
		{
			"__comment": "Box1",
			"from": [ -14, -11, 16 ],
			"to": [ -2, -10, 17 ],
			"faces": {
				"down": { "uv": [ 2, 15, 14, 16 ], "texture": "#wood_trim" },
				"up": { "uv": [ 2, 0, 14, 1 ], "texture": "#wood_trim" },
				"north": { "uv": [ 2, 10, 14, 11 ], "texture": "#wood_trim" },
				"south": { "uv": [ 2, 10, 14, 11 ], "texture": "#wood_trim" },
				"west": { "uv": [ 0, 10, 1, 11 ], "texture": "#wood_trim" },
				"east": { "uv": [ 15, 10, 16, 11 ], "texture": "#wood_trim" }
			}
		},
		{
			"__comment": "Box1",
			"from": [ -13, 0, 16 ],
			"to": [ -3, 6, 17 ],
			"faces": {
				"down": { "uv": [ 3, 15, 13, 16 ], "texture": "#wood_trim" },
				"up": { "uv": [ 3, 0, 13, 1 ], "texture": "#wood_trim" },
				"north": { "uv": [ 3, 10, 13, 16 ], "texture": "#wood_trim" },
				"south": { "uv": [ 3, 10, 13, 16 ], "texture": "#wood_trim" },
				"west": { "uv": [ 0, 10, 1, 16 ], "texture": "#wood_trim" },
				"east": { "uv": [ 15, 10, 16, 16 ], "texture": "#wood_trim" }
			}
		},
		{
			"__comment": "Box1",
			"from": [ -14, 0, 16 ],
			"to": [ -13, 7, 16.5 ],
			"faces": {
				"down": { "uv": [ 2, 15.5, 3, 16 ], "texture": "#wood_trim" },
				"up": { "uv": [ 2, 0, 3, 0.5 ], "texture": "#wood_trim" },
				"north": { "uv": [ 13, 9, 14, 16 ], "texture": "#wood_trim" },
				"south": { "uv": [ 2, 9, 3, 16 ], "texture": "#wood_trim" },
				"west": { "uv": [ 0, 9, 0.5, 16 ], "texture": "#wood_trim" },
				"east": { "uv": [ 15.5, 9, 16, 16 ], "texture": "#wood_trim" }
			}
		},
		{
			"__comment": "Box1",
			"from": [ -15, 0, 16 ],
			"to": [ -14, 8, 17 ],
			"faces": {
				"down": { "uv": [ 1, 15, 2, 16 ], "texture": "#wood_trim" },
				"up": { "uv": [ 1, 0, 2, 1 ], "texture": "#wood_trim" },
				"north": { "uv": [ 14, 8, 15, 16 ], "texture": "#wood_trim" },
				"south": { "uv": [ 1, 8, 2, 16 ], "texture": "#wood_trim" },
				"west": { "uv": [ 0, 8, 1, 16 ], "texture": "#wood_trim" },
				"east": { "uv": [ 15, 8, 16, 16 ], "texture": "#wood_trim" }
			}
		},
		{
			"__comment": "Box1",
			"from": [ -2, 0, 16 ],
			"to": [ -1, 8, 17 ],
			"faces": {
				"down": { "uv": [ 14, 15, 15, 16 ], "texture": "#wood_trim" },
				"up": { "uv": [ 14, 0, 15, 1 ], "texture": "#wood_trim" },
				"north": { "uv": [ 1, 8, 2, 16 ], "texture": "#wood_trim" },
				"south": { "uv": [ 14, 8, 15, 16 ], "texture": "#wood_trim" },
				"west": { "uv": [ 0, 8, 1, 16 ], "texture": "#wood_trim" },
				"east": { "uv": [ 15, 8, 16, 16 ], "texture": "#wood_trim" }
			}
		},
		{
			"__comment": "Box19",
			"from": [ -3, 6, 16.5 ],
			"to": [ -2, 7, 18 ],
			"faces": {
				"down": { "uv": [ 13, 14, 14, 15.5 ], "texture": "#handle" },
				"up": { "uv": [ 13, 0.5, 14, 2 ], "texture": "#handle" },
				"north": { "uv": [ 2, 9, 3, 10 ], "texture": "#handle" },
				"south": { "uv": [ 13, 9, 14, 10 ], "texture": "#handle" },
				"west": { "uv": [ 0.5, 9, 2, 10 ], "texture": "#handle" },
				"east": { "uv": [ 14, 9, 15.5, 10 ], "texture": "#handle" }
			}
		},
		{
			"__comment": "Box19",
			"from": [ -3, 0, 18 ],
			"to": [ -2, 7, 19 ],
			"faces": {
				"down": { "uv": [ 13, 13, 14, 14 ], "texture": "#handle" },
				"up": { "uv": [ 13, 2, 14, 3 ], "texture": "#handle" },
				"north": { "uv": [ 2, 9, 3, 16 ], "texture": "#handle" },
				"south": { "uv": [ 13, 9, 14, 16 ], "texture": "#handle" },
				"west": { "uv": [ 2, 9, 3, 16 ], "texture": "#handle" },
				"east": { "uv": [ 13, 9, 14, 16 ], "texture": "#handle" }
			}
		},
		{
			"__comment": "Box1",
			"from": [ 1, -11, 16 ],
			"to": [ 2, 0, 17 ],
			"faces": {
				"down": { "uv": [ 1, 15, 2, 16 ], "texture": "#wood_trim" },
				"up": { "uv": [ 1, 0, 2, 1 ], "texture": "#wood_trim" },
				"north": { "uv": [ 14, 0, 15, 11 ], "texture": "#wood_trim" },
				"south": { "uv": [ 1, 0, 2, 11 ], "texture": "#wood_trim" },
				"west": { "uv": [ 0, 0, 1, 11 ], "texture": "#wood_trim" },
				"east": { "uv": [ 15, 0, 16, 11 ], "texture": "#wood_trim" }
			}
		},
		{
			"__comment": "Box1",
			"from": [ 14, -11, 16 ],
			"to": [ 15, 0, 17 ],
			"faces": {
				"down": { "uv": [ 14, 15, 15, 16 ], "texture": "#wood_trim" },
				"up": { "uv": [ 14, 0, 15, 1 ], "texture": "#wood_trim" },
				"north": { "uv": [ 1, 0, 2, 11 ], "texture": "#wood_trim" },
				"south": { "uv": [ 14, 0, 15, 11 ], "texture": "#wood_trim" },
				"west": { "uv": [ 0, 0, 1, 11 ], "texture": "#wood_trim" },
				"east": { "uv": [ 15, 0, 16, 11 ], "texture": "#wood_trim" }
			}
		},
		{
			"__comment": "Box19",
			"from": [ 2, 0, 16.5 ],
			"to": [ 3, 1, 18 ],
			"faces": {
				"down": { "uv": [ 2, 14, 3, 15.5 ], "texture": "#handle" },
				"up": { "uv": [ 2, 0.5, 3, 2 ], "texture": "#handle" },
				"north": { "uv": [ 13, 15, 14, 16 ], "texture": "#handle" },
				"south": { "uv": [ 2, 15, 3, 16 ], "texture": "#handle" },
				"west": { "uv": [ 0.5, 15, 2, 16 ], "texture": "#handle" },
				"east": { "uv": [ 14, 15, 15.5, 16 ], "texture": "#handle" }
			}
		},
		{
			"__comment": "Box1",
			"from": [ 13, 0, 16 ],
			"to": [ 14, 7, 16.5 ],
			"faces": {
				"down": { "uv": [ 13, 15.5, 14, 16 ], "texture": "#wood_trim" },
				"up": { "uv": [ 13, 0, 14, 0.5 ], "texture": "#wood_trim" },
				"north": { "uv": [ 2, 9, 3, 16 ], "texture": "#wood_trim" },
				"south": { "uv": [ 13, 9, 14, 16 ], "texture": "#wood_trim" },
				"west": { "uv": [ 0, 9, 0.5, 16 ], "texture": "#wood_trim" },
				"east": { "uv": [ 15.5, 9, 16, 16 ], "texture": "#wood_trim" }
			}
		},
		{
			"__comment": "Box1",
			"from": [ 3, -9, 16 ],
			"to": [ 13, 0, 17 ],
			"faces": {
				"down": { "uv": [ 3, 15, 13, 16 ], "texture": "#wood_trim" },
				"up": { "uv": [ 3, 0, 13, 1 ], "texture": "#wood_trim" },
				"north": { "uv": [ 3, 0, 13, 9 ], "texture": "#wood_trim" },
				"south": { "uv": [ 3, 0, 13, 9 ], "texture": "#wood_trim" },
				"west": { "uv": [ 0, 0, 1, 9 ], "texture": "#wood_trim" },
				"east": { "uv": [ 15, 0, 16, 9 ], "texture": "#wood_trim" }
			}
		},
		{
			"__comment": "Box1",
			"from": [ 3, 6, 16 ],
			"to": [ 13, 7, 16.5 ],
			"faces": {
				"down": { "uv": [ 3, 15.5, 13, 16 ], "texture": "#wood_trim" },
				"up": { "uv": [ 3, 0, 13, 0.5 ], "texture": "#wood_trim" },
				"north": { "uv": [ 3, 9, 13, 10 ], "texture": "#wood_trim" },
				"south": { "uv": [ 3, 9, 13, 10 ], "texture": "#wood_trim" },
				"west": { "uv": [ 0, 9, 0.5, 10 ], "texture": "#wood_trim" },
				"east": { "uv": [ 15.5, 9, 16, 10 ], "texture": "#wood_trim" }
			}
		},
		{
			"__comment": "Box1",
			"from": [ 2, -10, 16 ],
			"to": [ 3, 0, 16.5 ],
			"faces": {
				"down": { "uv": [ 2, 15.5, 3, 16 ], "texture": "#wood_trim" },
				"up": { "uv": [ 2, 0, 3, 0.5 ], "texture": "#wood_trim" },
				"north": { "uv": [ 13, 0, 14, 10 ], "texture": "#wood_trim" },
				"south": { "uv": [ 2, 0, 3, 10 ], "texture": "#wood_trim" },
				"west": { "uv": [ 0, 0, 0.5, 10 ], "texture": "#wood_trim" },
				"east": { "uv": [ 15.5, 0, 16, 10 ], "texture": "#wood_trim" }
			}
		},
		{
			"__comment": "Box1",
			"from": [ 13, -10, 16 ],
			"to": [ 14, 0, 16.5 ],
			"faces": {
				"down": { "uv": [ 13, 15.5, 14, 16 ], "texture": "#wood_trim" },
				"up": { "uv": [ 13, 0, 14, 0.5 ], "texture": "#wood_trim" },
				"north": { "uv": [ 2, 0, 3, 10 ], "texture": "#wood_trim" },
				"south": { "uv": [ 13, 0, 14, 10 ], "texture": "#wood_trim" },
				"west": { "uv": [ 0, 0, 0.5, 10 ], "texture": "#wood_trim" },
				"east": { "uv": [ 15.5, 0, 16, 10 ], "texture": "#wood_trim" }
			}
		},
		{
			"__comment": "Box1",
			"from": [ 2, 7, 16 ],
			"to": [ 14, 8, 17 ],
			"faces": {
				"down": { "uv": [ 2, 15, 14, 16 ], "texture": "#wood_trim" },
				"up": { "uv": [ 2, 0, 14, 1 ], "texture": "#wood_trim" },
				"north": { "uv": [ 2, 8, 14, 9 ], "texture": "#wood_trim" },
				"south": { "uv": [ 2, 8, 14, 9 ], "texture": "#wood_trim" },
				"west": { "uv": [ 0, 8, 1, 9 ], "texture": "#wood_trim" },
				"east": { "uv": [ 15, 8, 16, 9 ], "texture": "#wood_trim" }
			}
		},
		{
			"__comment": "Box1",
			"from": [ 3, -10, 16 ],
			"to": [ 13, -9, 16.5 ],
			"faces": {
				"down": { "uv": [ 3, 15.5, 13, 16 ], "texture": "#wood_trim" },
				"up": { "uv": [ 3, 0, 13, 0.5 ], "texture": "#wood_trim" },
				"north": { "uv": [ 3, 9, 13, 10 ], "texture": "#wood_trim" },
				"south": { "uv": [ 3, 9, 13, 10 ], "texture": "#wood_trim" },
				"west": { "uv": [ 0, 9, 0.5, 10 ], "texture": "#wood_trim" },
				"east": { "uv": [ 15.5, 9, 16, 10 ], "texture": "#wood_trim" }
			}
		},
		{
			"__comment": "Box1",
			"from": [ 2, -11, 16 ],
			"to": [ 14, -10, 17 ],
			"faces": {
				"down": { "uv": [ 2, 15, 14, 16 ], "texture": "#wood_trim" },
				"up": { "uv": [ 2, 0, 14, 1 ], "texture": "#wood_trim" },
				"north": { "uv": [ 2, 10, 14, 11 ], "texture": "#wood_trim" },
				"south": { "uv": [ 2, 10, 14, 11 ], "texture": "#wood_trim" },
				"west": { "uv": [ 0, 10, 1, 11 ], "texture": "#wood_trim" },
				"east": { "uv": [ 15, 10, 16, 11 ], "texture": "#wood_trim" }
			}
		},
		{
			"__comment": "Box1",
			"from": [ 3, 0, 16 ],
			"to": [ 13, 6, 17 ],
			"faces": {
				"down": { "uv": [ 3, 15, 13, 16 ], "texture": "#wood_trim" },
				"up": { "uv": [ 3, 0, 13, 1 ], "texture": "#wood_trim" },
				"north": { "uv": [ 3, 10, 13, 16 ], "texture": "#wood_trim" },
				"south": { "uv": [ 3, 10, 13, 16 ], "texture": "#wood_trim" },
				"west": { "uv": [ 0, 10, 1, 16 ], "texture": "#wood_trim" },
				"east": { "uv": [ 15, 10, 16, 16 ], "texture": "#wood_trim" }
			}
		},
		{
			"__comment": "Box1",
			"from": [ 2, 0, 16 ],
			"to": [ 3, 7, 16.5 ],
			"faces": {
				"down": { "uv": [ 2, 15.5, 3, 16 ], "texture": "#wood_trim" },
				"up": { "uv": [ 2, 0, 3, 0.5 ], "texture": "#wood_trim" },
				"north": { "uv": [ 13, 9, 14, 16 ], "texture": "#wood_trim" },
				"south": { "uv": [ 2, 9, 3, 16 ], "texture": "#wood_trim" },
				"west": { "uv": [ 0, 9, 0.5, 16 ], "texture": "#wood_trim" },
				"east": { "uv": [ 15.5, 9, 16, 16 ], "texture": "#wood_trim" }
			}
		},
		{
			"__comment": "Box1",
			"from": [ 1, 0, 16 ],
			"to": [ 2, 8, 17 ],
			"faces": {
				"down": { "uv": [ 1, 15, 2, 16 ], "texture": "#wood_trim" },
				"up": { "uv": [ 1, 0, 2, 1 ], "texture": "#wood_trim" },
				"north": { "uv": [ 14, 8, 15, 16 ], "texture": "#wood_trim" },
				"south": { "uv": [ 1, 8, 2, 16 ], "texture": "#wood_trim" },
				"west": { "uv": [ 0, 8, 1, 16 ], "texture": "#wood_trim" },
				"east": { "uv": [ 15, 8, 16, 16 ], "texture": "#wood_trim" }
			}
		},
		{
			"__comment": "Box1",
			"from": [ 14, 0, 16 ],
			"to": [ 15, 8, 17 ],
			"faces": {
				"down": { "uv": [ 14, 15, 15, 16 ], "texture": "#wood_trim" },
				"up": { "uv": [ 14, 0, 15, 1 ], "texture": "#wood_trim" },
				"north": { "uv": [ 1, 8, 2, 16 ], "texture": "#wood_trim" },
				"south": { "uv": [ 14, 8, 15, 16 ], "texture": "#wood_trim" },
				"west": { "uv": [ 0, 8, 1, 16 ], "texture": "#wood_trim" },
				"east": { "uv": [ 15, 8, 16, 16 ], "texture": "#wood_trim" }
			}
		},
		{
			"__comment": "Box19",
			"from": [ 2, 6, 16.5 ],
			"to": [ 3, 7, 18 ],
			"faces": {
				"down": { "uv": [ 2, 14, 3, 15.5 ], "texture": "#handle" },
				"up": { "uv": [ 2, 0.5, 3, 2 ], "texture": "#handle" },
				"north": { "uv": [ 13, 9, 14, 10 ], "texture": "#handle" },
				"south": { "uv": [ 2, 9, 3, 10 ], "texture": "#handle" },
				"west": { "uv": [ 0.5, 9, 2, 10 ], "texture": "#handle" },
				"east": { "uv": [ 14, 9, 15.5, 10 ], "texture": "#handle" }
			}
		},
		{
			"__comment": "Box19",
			"from": [ 2, 0, 18 ],
			"to": [ 3, 7, 19 ],
			"faces": {
				"down": { "uv": [ 2, 13, 3, 14 ], "texture": "#handle" },
				"up": { "uv": [ 2, 2, 3, 3 ], "texture": "#handle" },
				"north": { "uv": [ 13, 9, 14, 16 ], "texture": "#handle" },
				"south": { "uv": [ 2, 9, 3, 16 ], "texture": "#handle" },
				"west": { "uv": [ 2, 9, 3, 16 ], "texture": "#handle" },
				"east": { "uv": [ 13, 9, 14, 16 ], "texture": "#handle" }
			}
		}
	],
	"display": {
		"head": {
			"rotation":  [ 0, 180, 0 ],
			"translation":  [ -12.5, -8, 25.625 ],
			"scale":  [ 1.6, 1.6, 1.6 ]
		}
	}
}