{
	"__comment": "Designed by Ersatz with Cubik Studio - https://cubik.studio",
	"textures": {
		"handle": "blocks/hardened_clay_stained_cyan",
		"cloth": "blocks/wool_colored_white",
		"wood_trim": "blocks/log_spruce"
	},
	"elements": [ 	 
		{
			"__comment": "towel1",
			"from": [ 2, 0, 19 ],
			"to": [ 14, 13, 20 ],
			"faces": {
				"down": { "uv": [ 2, 12, 14, 13 ], "texture": "#cloth" },
				"up": { "uv": [ 2, 3, 14, 4 ], "texture": "#cloth" },
				"north": { "uv": [ 2, 3, 14, 16 ], "texture": "#cloth" },
				"south": { "uv": [ 2, 3, 14, 16 ], "texture": "#cloth" },
				"west": { "uv": [ 3, 3, 4, 16 ], "texture": "#cloth" },
				"east": { "uv": [ 12, 3, 13, 16 ], "texture": "#cloth" }
			}
		},
		{
			"__comment": "towel2",
			"from": [ 0, 12, 16 ],
			"to": [ 1, 13, 18 ],
			"faces": {
				"down": { "uv": [ 0, 14, 1, 16 ], "texture": "#handle" },
				"up": { "uv": [ 0, 0, 1, 2 ], "texture": "#handle" },
				"north": { "uv": [ 15, 3, 16, 4 ], "texture": "#handle" },
				"south": { "uv": [ 0, 3, 1, 4 ], "texture": "#handle" },
				"west": { "uv": [ 0, 3, 2, 4 ], "texture": "#handle" },
				"east": { "uv": [ 14, 3, 16, 4 ], "texture": "#handle" }
			}
		},
		{
			"__comment": "towel3",
			"from": [ 15, 12, 16 ],
			"to": [ 16, 13, 18 ],
			"faces": {
				"down": { "uv": [ 15, 14, 16, 16 ], "texture": "#handle" },
				"up": { "uv": [ 15, 0, 16, 2 ], "texture": "#handle" },
				"north": { "uv": [ 0, 3, 1, 4 ], "texture": "#handle" },
				"south": { "uv": [ 15, 3, 16, 4 ], "texture": "#handle" },
				"west": { "uv": [ 0, 3, 2, 4 ], "texture": "#handle" },
				"east": { "uv": [ 14, 3, 16, 4 ], "texture": "#handle" }
			}
		},
		{
			"__comment": "towel4",
			"from": [ 0, 12, 18 ],
			"to": [ 16, 13, 19 ],
			"faces": {
				"down": { "uv": [ 0, 13, 16, 14 ], "texture": "#handle" },
				"up": { "uv": [ 0, 2, 16, 3 ], "texture": "#handle" },
				"north": { "uv": [ 0, 3, 16, 4 ], "texture": "#handle" },
				"south": { "uv": [ 0, 3, 16, 4 ], "texture": "#handle" },
				"west": { "uv": [ 2, 3, 3, 4 ], "texture": "#handle" },
				"east": { "uv": [ 13, 3, 14, 4 ], "texture": "#handle" }
			}
		},
		{
			"__comment": "towel5",
			"from": [ 1.9999, 13, 19 ],
			"to": [ 13.9999, 14, 20.416 ],
			"rotation": { "origin": [ 1.9999, 14, 19 ], "axis": "x", "angle": 45 },
			"faces": {
				"down": { "uv": [ 1.9999, 12.29111, 13.9999, 13.70711 ], "texture": "#cloth" },
				"up": { "uv": [ 1.9999, 2.292892, 13.9999, 3.708893 ], "texture": "#cloth" },
				"north": { "uv": [ 2.0001, 1.707106, 14.0001, 2.707106 ], "texture": "#cloth" },
				"south": { "uv": [ 1.9999, 1.707106, 13.9999, 2.707106 ], "texture": "#cloth" },
				"west": { "uv": [ 2.292892, 1.707106, 3.708893, 2.707106 ], "texture": "#cloth" },
				"east": { "uv": [ 12.29111, 1.707106, 13.70711, 2.707106 ], "texture": "#cloth" }
			}
		},
		{
			"__comment": "towel6",
			"from": [ 2, -4, 17 ],
			"to": [ 14, 0, 18 ],
			"faces": {
				"down": { "uv": [ 2, 14, 14, 15 ], "texture": "#cloth" },
				"up": { "uv": [ 2, 1, 14, 2 ], "texture": "#cloth" },
				"north": { "uv": [ 2, 0, 14, 4 ], "texture": "#cloth" },
				"south": { "uv": [ 2, 0, 14, 4 ], "texture": "#cloth" },
				"west": { "uv": [ 1, 0, 2, 4 ], "texture": "#cloth" },
				"east": { "uv": [ 14, 0, 15, 4 ], "texture": "#cloth" }
			}
		},
		{
			"__comment": "towel7",
			"from": [ 2, 0, 17 ],
			"to": [ 14, 13, 18 ],
			"faces": {
				"down": { "uv": [ 2, 14, 14, 15 ], "texture": "#cloth" },
				"up": { "uv": [ 2, 1, 14, 2 ], "texture": "#cloth" },
				"north": { "uv": [ 2, 3, 14, 16 ], "texture": "#cloth" },
				"south": { "uv": [ 2, 3, 14, 16 ], "texture": "#cloth" },
				"west": { "uv": [ 1, 3, 2, 16 ], "texture": "#cloth" },
				"east": { "uv": [ 14, 3, 15, 16 ], "texture": "#cloth" }
			}
		},
		{
			"__comment": "towel8",
			"from": [ 2, 13, 18 ],
			"to": [ 14, 14, 19 ],
			"faces": {
				"down": { "uv": [ 2, 13, 14, 14 ], "texture": "#cloth" },
				"up": { "uv": [ 2, 2, 14, 3 ], "texture": "#cloth" },
				"north": { "uv": [ 2, 2, 14, 3 ], "texture": "#cloth" },
				"south": { "uv": [ 2, 2, 14, 3 ], "texture": "#cloth" },
				"west": { "uv": [ 2, 2, 3, 3 ], "texture": "#cloth" },
				"east": { "uv": [ 13, 2, 14, 3 ], "texture": "#cloth" }
			}
		},
		{
			"__comment": "towel",
			"from": [ 2.0001, 13, 17 ],
			"to": [ 14.0001, 14.416, 18 ],
			"rotation": { "origin": [ 2.0001, 13, 17 ], "axis": "x", "angle": 45 },
			"faces": {
				"down": { "uv": [ 2.0001, 14, 14.0001, 15 ], "texture": "#cloth" },
				"up": { "uv": [ 2.0001, 1, 14.0001, 2 ], "texture": "#cloth" },
				"north": { "uv": [ 1.9999, 1.584, 13.9999, 3 ], "texture": "#cloth" },
				"south": { "uv": [ 2.0001, 1.584, 14.0001, 3 ], "texture": "#cloth" },
				"west": { "uv": [ 1, 1.584, 2, 3 ], "texture": "#cloth" },
				"east": { "uv": [ 14, 1.584, 15, 3 ], "texture": "#cloth" }
			}
		},
		{
			"__comment": "Box1",
			"from": [ -15, -11, 16 ],
			"to": [ -14, 0, 17 ],
			"faces": {
				"down": { "uv": [ 1, 15, 2, 16 ], "texture": "#wood_trim" },
				"up": { "uv": [ 1, 0, 2, 1 ], "texture": "#wood_trim" },
				"north": { "uv": [ 14, 0, 15, 11 ], "texture": "#wood_trim" },
				"south": { "uv": [ 1, 0, 2, 11 ], "texture": "#wood_trim" },
				"west": { "uv": [ 0, 0, 1, 11 ], "texture": "#wood_trim" },
				"east": { "uv": [ 15, 0, 16, 11 ], "texture": "#wood_trim" }
			}
		},
		{
			"__comment": "Box1",
			"from": [ -13, 0, 16 ],
			"to": [ -3, 13, 17 ],
			"faces": {
				"down": { "uv": [ 3, 15, 13, 16 ], "texture": "#wood_trim" },
				"up": { "uv": [ 3, 0, 13, 1 ], "texture": "#wood_trim" },
				"north": { "uv": [ 3, 3, 13, 16 ], "texture": "#wood_trim" },
				"south": { "uv": [ 3, 3, 13, 16 ], "texture": "#wood_trim" },
				"west": { "uv": [ 0, 3, 1, 16 ], "texture": "#wood_trim" },
				"east": { "uv": [ 15, 3, 16, 16 ], "texture": "#wood_trim" }
			}
		},
		{
			"__comment": "Box1",
			"from": [ -2, -11, 16 ],
			"to": [ -1, 0, 17 ],
			"faces": {
				"down": { "uv": [ 14, 15, 15, 16 ], "texture": "#wood_trim" },
				"up": { "uv": [ 14, 0, 15, 1 ], "texture": "#wood_trim" },
				"north": { "uv": [ 1, 0, 2, 11 ], "texture": "#wood_trim" },
				"south": { "uv": [ 14, 0, 15, 11 ], "texture": "#wood_trim" },
				"west": { "uv": [ 0, 0, 1, 11 ], "texture": "#wood_trim" },
				"east": { "uv": [ 15, 0, 16, 11 ], "texture": "#wood_trim" }
			}
		},
		{
			"__comment": "Box1",
			"from": [ -15, 0, 16 ],
			"to": [ -14, 15, 17 ],
			"faces": {
				"down": { "uv": [ 1, 15, 2, 16 ], "texture": "#wood_trim" },
				"up": { "uv": [ 1, 0, 2, 1 ], "texture": "#wood_trim" },
				"north": { "uv": [ 14, 1, 15, 16 ], "texture": "#wood_trim" },
				"south": { "uv": [ 1, 1, 2, 16 ], "texture": "#wood_trim" },
				"west": { "uv": [ 0, 1, 1, 16 ], "texture": "#wood_trim" },
				"east": { "uv": [ 15, 1, 16, 16 ], "texture": "#wood_trim" }
			}
		},
		{
			"__comment": "Box19",
			"from": [ -3, 7, 18 ],
			"to": [ -2, 14, 19 ],
			"faces": {
				"down": { "uv": [ 13, 13, 14, 14 ], "texture": "#handle" },
				"up": { "uv": [ 13, 2, 14, 3 ], "texture": "#handle" },
				"north": { "uv": [ 2, 2, 3, 9 ], "texture": "#handle" },
				"south": { "uv": [ 13, 2, 14, 9 ], "texture": "#handle" },
				"west": { "uv": [ 2, 2, 3, 9 ], "texture": "#handle" },
				"east": { "uv": [ 13, 2, 14, 9 ], "texture": "#handle" }
			}
		},
		{
			"__comment": "Box19",
			"from": [ -3, 13, 16.5 ],
			"to": [ -2, 14, 18 ],
			"faces": {
				"down": { "uv": [ 13, 14, 14, 15.5 ], "texture": "#handle" },
				"up": { "uv": [ 13, 0.5, 14, 2 ], "texture": "#handle" },
				"north": { "uv": [ 2, 2, 3, 3 ], "texture": "#handle" },
				"south": { "uv": [ 13, 2, 14, 3 ], "texture": "#handle" },
				"west": { "uv": [ 0.5, 2, 2, 3 ], "texture": "#handle" },
				"east": { "uv": [ 14, 2, 15.5, 3 ], "texture": "#handle" }
			}
		},
		{
			"__comment": "Box19",
			"from": [ -3, 7, 16.5 ],
			"to": [ -2, 8, 18 ],
			"faces": {
				"down": { "uv": [ 13, 14, 14, 15.5 ], "texture": "#handle" },
				"up": { "uv": [ 13, 0.5, 14, 2 ], "texture": "#handle" },
				"north": { "uv": [ 2, 8, 3, 9 ], "texture": "#handle" },
				"south": { "uv": [ 13, 8, 14, 9 ], "texture": "#handle" },
				"west": { "uv": [ 0.5, 8, 2, 9 ], "texture": "#handle" },
				"east": { "uv": [ 14, 8, 15.5, 9 ], "texture": "#handle" }
			}
		},
		{
			"__comment": "Box1",
			"from": [ -2, 0, 16 ],
			"to": [ -1, 15, 17 ],
			"faces": {
				"down": { "uv": [ 14, 15, 15, 16 ], "texture": "#wood_trim" },
				"up": { "uv": [ 14, 0, 15, 1 ], "texture": "#wood_trim" },
				"north": { "uv": [ 1, 1, 2, 16 ], "texture": "#wood_trim" },
				"south": { "uv": [ 14, 1, 15, 16 ], "texture": "#wood_trim" },
				"west": { "uv": [ 0, 1, 1, 16 ], "texture": "#wood_trim" },
				"east": { "uv": [ 15, 1, 16, 16 ], "texture": "#wood_trim" }
			}
		},
		{
			"__comment": "Box1",
			"from": [ -14, -11, 16 ],
			"to": [ -2, -10, 17 ],
			"faces": {
				"down": { "uv": [ 2, 15, 14, 16 ], "texture": "#wood_trim" },
				"up": { "uv": [ 2, 0, 14, 1 ], "texture": "#wood_trim" },
				"north": { "uv": [ 2, 10, 14, 11 ], "texture": "#wood_trim" },
				"south": { "uv": [ 2, 10, 14, 11 ], "texture": "#wood_trim" },
				"west": { "uv": [ 0, 10, 1, 11 ], "texture": "#wood_trim" },
				"east": { "uv": [ 15, 10, 16, 11 ], "texture": "#wood_trim" }
			}
		},
		{
			"__comment": "Box1",
			"from": [ -3, 0, 16 ],
			"to": [ -2, 14, 16.5 ],
			"faces": {
				"down": { "uv": [ 13, 15.5, 14, 16 ], "texture": "#wood_trim" },
				"up": { "uv": [ 13, 0, 14, 0.5 ], "texture": "#wood_trim" },
				"north": { "uv": [ 2, 2, 3, 16 ], "texture": "#wood_trim" },
				"south": { "uv": [ 13, 2, 14, 16 ], "texture": "#wood_trim" },
				"west": { "uv": [ 0, 2, 0.5, 16 ], "texture": "#wood_trim" },
				"east": { "uv": [ 15.5, 2, 16, 16 ], "texture": "#wood_trim" }
			}
		},
		{
			"__comment": "Box1",
			"from": [ -13, -9, 16 ],
			"to": [ -3, 0, 17 ],
			"faces": {
				"down": { "uv": [ 3, 15, 13, 16 ], "texture": "#wood_trim" },
				"up": { "uv": [ 3, 0, 13, 1 ], "texture": "#wood_trim" },
				"north": { "uv": [ 3, 0, 13, 9 ], "texture": "#wood_trim" },
				"south": { "uv": [ 3, 0, 13, 9 ], "texture": "#wood_trim" },
				"west": { "uv": [ 0, 0, 1, 9 ], "texture": "#wood_trim" },
				"east": { "uv": [ 15, 0, 16, 9 ], "texture": "#wood_trim" }
			}
		},
		{
			"__comment": "Box1",
			"from": [ -13, 13, 16 ],
			"to": [ -3, 14, 16.5 ],
			"faces": {
				"down": { "uv": [ 3, 15.5, 13, 16 ], "texture": "#wood_trim" },
				"up": { "uv": [ 3, 0, 13, 0.5 ], "texture": "#wood_trim" },
				"north": { "uv": [ 3, 2, 13, 3 ], "texture": "#wood_trim" },
				"south": { "uv": [ 3, 2, 13, 3 ], "texture": "#wood_trim" },
				"west": { "uv": [ 0, 2, 0.5, 3 ], "texture": "#wood_trim" },
				"east": { "uv": [ 15.5, 2, 16, 3 ], "texture": "#wood_trim" }
			}
		},
		{
			"__comment": "Box1",
			"from": [ -14, -10, 16 ],
			"to": [ -13, 0, 16.5 ],
			"faces": {
				"down": { "uv": [ 2, 15.5, 3, 16 ], "texture": "#wood_trim" },
				"up": { "uv": [ 2, 0, 3, 0.5 ], "texture": "#wood_trim" },
				"north": { "uv": [ 13, 0, 14, 10 ], "texture": "#wood_trim" },
				"south": { "uv": [ 2, 0, 3, 10 ], "texture": "#wood_trim" },
				"west": { "uv": [ 0, 0, 0.5, 10 ], "texture": "#wood_trim" },
				"east": { "uv": [ 15.5, 0, 16, 10 ], "texture": "#wood_trim" }
			}
		},
		{
			"__comment": "Box1",
			"from": [ -14, 0, 16 ],
			"to": [ -13, 14, 16.5 ],
			"faces": {
				"down": { "uv": [ 2, 15.5, 3, 16 ], "texture": "#wood_trim" },
				"up": { "uv": [ 2, 0, 3, 0.5 ], "texture": "#wood_trim" },
				"north": { "uv": [ 13, 2, 14, 16 ], "texture": "#wood_trim" },
				"south": { "uv": [ 2, 2, 3, 16 ], "texture": "#wood_trim" },
				"west": { "uv": [ 0, 2, 0.5, 16 ], "texture": "#wood_trim" },
				"east": { "uv": [ 15.5, 2, 16, 16 ], "texture": "#wood_trim" }
			}
		},
		{
			"__comment": "Box1",
			"from": [ -3, -10, 16 ],
			"to": [ -2, 0, 16.5 ],
			"faces": {
				"down": { "uv": [ 13, 15.5, 14, 16 ], "texture": "#wood_trim" },
				"up": { "uv": [ 13, 0, 14, 0.5 ], "texture": "#wood_trim" },
				"north": { "uv": [ 2, 0, 3, 10 ], "texture": "#wood_trim" },
				"south": { "uv": [ 13, 0, 14, 10 ], "texture": "#wood_trim" },
				"west": { "uv": [ 0, 0, 0.5, 10 ], "texture": "#wood_trim" },
				"east": { "uv": [ 15.5, 0, 16, 10 ], "texture": "#wood_trim" }
			}
		},
		{
			"__comment": "Box1",
			"from": [ -13, -10, 16 ],
			"to": [ -3, -9, 16.5 ],
			"faces": {
				"down": { "uv": [ 3, 15.5, 13, 16 ], "texture": "#wood_trim" },
				"up": { "uv": [ 3, 0, 13, 0.5 ], "texture": "#wood_trim" },
				"north": { "uv": [ 3, 9, 13, 10 ], "texture": "#wood_trim" },
				"south": { "uv": [ 3, 9, 13, 10 ], "texture": "#wood_trim" },
				"west": { "uv": [ 0, 9, 0.5, 10 ], "texture": "#wood_trim" },
				"east": { "uv": [ 15.5, 9, 16, 10 ], "texture": "#wood_trim" }
			}
		},
		{
			"__comment": "Box1",
			"from": [ -14, 14, 16 ],
			"to": [ -2, 15, 17 ],
			"faces": {
				"down": { "uv": [ 2, 15, 14, 16 ], "texture": "#wood_trim" },
				"up": { "uv": [ 2, 0, 14, 1 ], "texture": "#wood_trim" },
				"north": { "uv": [ 2, 1, 14, 2 ], "texture": "#wood_trim" },
				"south": { "uv": [ 2, 1, 14, 2 ], "texture": "#wood_trim" },
				"west": { "uv": [ 0, 1, 1, 2 ], "texture": "#wood_trim" },
				"east": { "uv": [ 15, 1, 16, 2 ], "texture": "#wood_trim" }
			}
		},
		{
			"__comment": "Box1",
			"from": [ 17, -11, 16 ],
			"to": [ 18, 0, 17 ],
			"faces": {
				"down": { "uv": [ 1, 15, 2, 16 ], "texture": "#wood_trim" },
				"up": { "uv": [ 1, 0, 2, 1 ], "texture": "#wood_trim" },
				"north": { "uv": [ 14, 0, 15, 11 ], "texture": "#wood_trim" },
				"south": { "uv": [ 1, 0, 2, 11 ], "texture": "#wood_trim" },
				"west": { "uv": [ 0, 0, 1, 11 ], "texture": "#wood_trim" },
				"east": { "uv": [ 15, 0, 16, 11 ], "texture": "#wood_trim" }
			}
		},
		{
			"__comment": "Box1",
			"from": [ 19, 0, 16 ],
			"to": [ 29, 13, 17 ],
			"faces": {
				"down": { "uv": [ 3, 15, 13, 16 ], "texture": "#wood_trim" },
				"up": { "uv": [ 3, 0, 13, 1 ], "texture": "#wood_trim" },
				"north": { "uv": [ 3, 3, 13, 16 ], "texture": "#wood_trim" },
				"south": { "uv": [ 3, 3, 13, 16 ], "texture": "#wood_trim" },
				"west": { "uv": [ 0, 3, 1, 16 ], "texture": "#wood_trim" },
				"east": { "uv": [ 15, 3, 16, 16 ], "texture": "#wood_trim" }
			}
		},
		{
			"__comment": "Box1",
			"from": [ 30, -11, 16 ],
			"to": [ 31, 0, 17 ],
			"faces": {
				"down": { "uv": [ 14, 15, 15, 16 ], "texture": "#wood_trim" },
				"up": { "uv": [ 14, 0, 15, 1 ], "texture": "#wood_trim" },
				"north": { "uv": [ 1, 0, 2, 11 ], "texture": "#wood_trim" },
				"south": { "uv": [ 14, 0, 15, 11 ], "texture": "#wood_trim" },
				"west": { "uv": [ 0, 0, 1, 11 ], "texture": "#wood_trim" },
				"east": { "uv": [ 15, 0, 16, 11 ], "texture": "#wood_trim" }
			}
		},
		{
			"__comment": "Box1",
			"from": [ 17, 0, 16 ],
			"to": [ 18, 15, 17 ],
			"faces": {
				"down": { "uv": [ 1, 15, 2, 16 ], "texture": "#wood_trim" },
				"up": { "uv": [ 1, 0, 2, 1 ], "texture": "#wood_trim" },
				"north": { "uv": [ 14, 1, 15, 16 ], "texture": "#wood_trim" },
				"south": { "uv": [ 1, 1, 2, 16 ], "texture": "#wood_trim" },
				"west": { "uv": [ 0, 1, 1, 16 ], "texture": "#wood_trim" },
				"east": { "uv": [ 15, 1, 16, 16 ], "texture": "#wood_trim" }
			}
		},
		{
			"__comment": "Box19",
			"from": [ 29, 7, 18 ],
			"to": [ 30, 14, 19 ],
			"faces": {
				"down": { "uv": [ 13, 13, 14, 14 ], "texture": "#handle" },
				"up": { "uv": [ 13, 2, 14, 3 ], "texture": "#handle" },
				"north": { "uv": [ 2, 2, 3, 9 ], "texture": "#handle" },
				"south": { "uv": [ 13, 2, 14, 9 ], "texture": "#handle" },
				"west": { "uv": [ 2, 2, 3, 9 ], "texture": "#handle" },
				"east": { "uv": [ 13, 2, 14, 9 ], "texture": "#handle" }
			}
		},
		{
			"__comment": "Box19",
			"from": [ 29, 13, 16.5 ],
			"to": [ 30, 14, 18 ],
			"faces": {
				"down": { "uv": [ 13, 14, 14, 15.5 ], "texture": "#handle" },
				"up": { "uv": [ 13, 0.5, 14, 2 ], "texture": "#handle" },
				"north": { "uv": [ 2, 2, 3, 3 ], "texture": "#handle" },
				"south": { "uv": [ 13, 2, 14, 3 ], "texture": "#handle" },
				"west": { "uv": [ 0.5, 2, 2, 3 ], "texture": "#handle" },
				"east": { "uv": [ 14, 2, 15.5, 3 ], "texture": "#handle" }
			}
		},
		{
			"__comment": "Box19",
			"from": [ 29, 7, 16.5 ],
			"to": [ 30, 8, 18 ],
			"faces": {
				"down": { "uv": [ 13, 14, 14, 15.5 ], "texture": "#handle" },
				"up": { "uv": [ 13, 0.5, 14, 2 ], "texture": "#handle" },
				"north": { "uv": [ 2, 8, 3, 9 ], "texture": "#handle" },
				"south": { "uv": [ 13, 8, 14, 9 ], "texture": "#handle" },
				"west": { "uv": [ 0.5, 8, 2, 9 ], "texture": "#handle" },
				"east": { "uv": [ 14, 8, 15.5, 9 ], "texture": "#handle" }
			}
		},
		{
			"__comment": "Box1",
			"from": [ 30, 0, 16 ],
			"to": [ 31, 15, 17 ],
			"faces": {
				"down": { "uv": [ 14, 15, 15, 16 ], "texture": "#wood_trim" },
				"up": { "uv": [ 14, 0, 15, 1 ], "texture": "#wood_trim" },
				"north": { "uv": [ 1, 1, 2, 16 ], "texture": "#wood_trim" },
				"south": { "uv": [ 14, 1, 15, 16 ], "texture": "#wood_trim" },
				"west": { "uv": [ 0, 1, 1, 16 ], "texture": "#wood_trim" },
				"east": { "uv": [ 15, 1, 16, 16 ], "texture": "#wood_trim" }
			}
		},
		{
			"__comment": "Box1",
			"from": [ 18, -11, 16 ],
			"to": [ 30, -10, 17 ],
			"faces": {
				"down": { "uv": [ 2, 15, 14, 16 ], "texture": "#wood_trim" },
				"up": { "uv": [ 2, 0, 14, 1 ], "texture": "#wood_trim" },
				"north": { "uv": [ 2, 10, 14, 11 ], "texture": "#wood_trim" },
				"south": { "uv": [ 2, 10, 14, 11 ], "texture": "#wood_trim" },
				"west": { "uv": [ 0, 10, 1, 11 ], "texture": "#wood_trim" },
				"east": { "uv": [ 15, 10, 16, 11 ], "texture": "#wood_trim" }
			}
		},
		{
			"__comment": "Box1",
			"from": [ 29, 0, 16 ],
			"to": [ 30, 14, 16.5 ],
			"faces": {
				"down": { "uv": [ 13, 15.5, 14, 16 ], "texture": "#wood_trim" },
				"up": { "uv": [ 13, 0, 14, 0.5 ], "texture": "#wood_trim" },
				"north": { "uv": [ 2, 2, 3, 16 ], "texture": "#wood_trim" },
				"south": { "uv": [ 13, 2, 14, 16 ], "texture": "#wood_trim" },
				"west": { "uv": [ 0, 2, 0.5, 16 ], "texture": "#wood_trim" },
				"east": { "uv": [ 15.5, 2, 16, 16 ], "texture": "#wood_trim" }
			}
		},
		{
			"__comment": "Box1",
			"from": [ 19, -9, 16 ],
			"to": [ 29, 0, 17 ],
			"faces": {
				"down": { "uv": [ 3, 15, 13, 16 ], "texture": "#wood_trim" },
				"up": { "uv": [ 3, 0, 13, 1 ], "texture": "#wood_trim" },
				"north": { "uv": [ 3, 0, 13, 9 ], "texture": "#wood_trim" },
				"south": { "uv": [ 3, 0, 13, 9 ], "texture": "#wood_trim" },
				"west": { "uv": [ 0, 0, 1, 9 ], "texture": "#wood_trim" },
				"east": { "uv": [ 15, 0, 16, 9 ], "texture": "#wood_trim" }
			}
		},
		{
			"__comment": "Box1",
			"from": [ 19, 13, 16 ],
			"to": [ 29, 14, 16.5 ],
			"faces": {
				"down": { "uv": [ 3, 15.5, 13, 16 ], "texture": "#wood_trim" },
				"up": { "uv": [ 3, 0, 13, 0.5 ], "texture": "#wood_trim" },
				"north": { "uv": [ 3, 2, 13, 3 ], "texture": "#wood_trim" },
				"south": { "uv": [ 3, 2, 13, 3 ], "texture": "#wood_trim" },
				"west": { "uv": [ 0, 2, 0.5, 3 ], "texture": "#wood_trim" },
				"east": { "uv": [ 15.5, 2, 16, 3 ], "texture": "#wood_trim" }
			}
		},
		{
			"__comment": "Box1",
			"from": [ 18, -10, 16 ],
			"to": [ 19, 0, 16.5 ],
			"faces": {
				"down": { "uv": [ 2, 15.5, 3, 16 ], "texture": "#wood_trim" },
				"up": { "uv": [ 2, 0, 3, 0.5 ], "texture": "#wood_trim" },
				"north": { "uv": [ 13, 0, 14, 10 ], "texture": "#wood_trim" },
				"south": { "uv": [ 2, 0, 3, 10 ], "texture": "#wood_trim" },
				"west": { "uv": [ 0, 0, 0.5, 10 ], "texture": "#wood_trim" },
				"east": { "uv": [ 15.5, 0, 16, 10 ], "texture": "#wood_trim" }
			}
		},
		{
			"__comment": "Box1",
			"from": [ 18, 0, 16 ],
			"to": [ 19, 14, 16.5 ],
			"faces": {
				"down": { "uv": [ 2, 15.5, 3, 16 ], "texture": "#wood_trim" },
				"up": { "uv": [ 2, 0, 3, 0.5 ], "texture": "#wood_trim" },
				"north": { "uv": [ 13, 2, 14, 16 ], "texture": "#wood_trim" },
				"south": { "uv": [ 2, 2, 3, 16 ], "texture": "#wood_trim" },
				"west": { "uv": [ 0, 2, 0.5, 16 ], "texture": "#wood_trim" },
				"east": { "uv": [ 15.5, 2, 16, 16 ], "texture": "#wood_trim" }
			}
		},
		{
			"__comment": "Box1",
			"from": [ 29, -10, 16 ],
			"to": [ 30, 0, 16.5 ],
			"faces": {
				"down": { "uv": [ 13, 15.5, 14, 16 ], "texture": "#wood_trim" },
				"up": { "uv": [ 13, 0, 14, 0.5 ], "texture": "#wood_trim" },
				"north": { "uv": [ 2, 0, 3, 10 ], "texture": "#wood_trim" },
				"south": { "uv": [ 13, 0, 14, 10 ], "texture": "#wood_trim" },
				"west": { "uv": [ 0, 0, 0.5, 10 ], "texture": "#wood_trim" },
				"east": { "uv": [ 15.5, 0, 16, 10 ], "texture": "#wood_trim" }
			}
		},
		{
			"__comment": "Box1",
			"from": [ 19, -10, 16 ],
			"to": [ 29, -9, 16.5 ],
			"faces": {
				"down": { "uv": [ 3, 15.5, 13, 16 ], "texture": "#wood_trim" },
				"up": { "uv": [ 3, 0, 13, 0.5 ], "texture": "#wood_trim" },
				"north": { "uv": [ 3, 9, 13, 10 ], "texture": "#wood_trim" },
				"south": { "uv": [ 3, 9, 13, 10 ], "texture": "#wood_trim" },
				"west": { "uv": [ 0, 9, 0.5, 10 ], "texture": "#wood_trim" },
				"east": { "uv": [ 15.5, 9, 16, 10 ], "texture": "#wood_trim" }
			}
		},
		{
			"__comment": "Box1",
			"from": [ 18, 14, 16 ],
			"to": [ 30, 15, 17 ],
			"faces": {
				"down": { "uv": [ 2, 15, 14, 16 ], "texture": "#wood_trim" },
				"up": { "uv": [ 2, 0, 14, 1 ], "texture": "#wood_trim" },
				"north": { "uv": [ 2, 1, 14, 2 ], "texture": "#wood_trim" },
				"south": { "uv": [ 2, 1, 14, 2 ], "texture": "#wood_trim" },
				"west": { "uv": [ 0, 1, 1, 2 ], "texture": "#wood_trim" },
				"east": { "uv": [ 15, 1, 16, 2 ], "texture": "#wood_trim" }
			}
		}
	],
	"display": {
		"head": {
			"rotation":  [ 0, 180, 0 ],
			"translation":  [ 0, -8, 25.625 ],
			"scale":  [ 1.6, 1.6, 1.6 ]
		}
	}
}