{
	"__comment": "Designed by Ersatz with Cubik Studio - https://cubik.studio",
	"textures": {
		"wood_trim": "blocks/log_spruce",
		"handle": "blocks/hardened_clay_stained_cyan"
	},
	"elements": [ 	 
		{
			"__comment": "Box1",
			"from": [ 1, -11, 16 ],
			"to": [ 2, 0, 17 ],
			"faces": {
				"down": { "uv": [ 1, 15, 2, 16 ], "texture": "#wood_trim" },
				"up": { "uv": [ 1, 0, 2, 1 ], "texture": "#wood_trim" },
				"north": { "uv": [ 14, 0, 15, 11 ], "texture": "#wood_trim" },
				"south": { "uv": [ 1, 0, 2, 11 ], "texture": "#wood_trim" },
				"west": { "uv": [ 0, 0, 1, 11 ], "texture": "#wood_trim" },
				"east": { "uv": [ 15, 0, 16, 11 ], "texture": "#wood_trim" }
			}
		},
		{
			"__comment": "Box1",
			"from": [ 3, 12, 16 ],
			"to": [ 13, 13, 17 ],
			"faces": {
				"down": { "uv": [ 3, 15, 13, 16 ], "texture": "#wood_trim" },
				"up": { "uv": [ 3, 0, 13, 1 ], "texture": "#wood_trim" },
				"north": { "uv": [ 3, 3, 13, 4 ], "texture": "#wood_trim" },
				"south": { "uv": [ 3, 3, 13, 4 ], "texture": "#wood_trim" },
				"west": { "uv": [ 0, 3, 1, 4 ], "texture": "#wood_trim" },
				"east": { "uv": [ 15, 3, 16, 4 ], "texture": "#wood_trim" }
			}
		},
		{
			"__comment": "Box1",
			"from": [ 14, -11, 16 ],
			"to": [ 15, 0, 17 ],
			"faces": {
				"down": { "uv": [ 14, 15, 15, 16 ], "texture": "#wood_trim" },
				"up": { "uv": [ 14, 0, 15, 1 ], "texture": "#wood_trim" },
				"north": { "uv": [ 1, 0, 2, 11 ], "texture": "#wood_trim" },
				"south": { "uv": [ 14, 0, 15, 11 ], "texture": "#wood_trim" },
				"west": { "uv": [ 0, 0, 1, 11 ], "texture": "#wood_trim" },
				"east": { "uv": [ 15, 0, 16, 11 ], "texture": "#wood_trim" }
			}
		},
		{
			"__comment": "Box1",
			"from": [ 1, 10, 16 ],
			"to": [ 2, 15, 17 ],
			"faces": {
				"down": { "uv": [ 1, 15, 2, 16 ], "texture": "#wood_trim" },
				"up": { "uv": [ 1, 0, 2, 1 ], "texture": "#wood_trim" },
				"north": { "uv": [ 14, 1, 15, 6 ], "texture": "#wood_trim" },
				"south": { "uv": [ 1, 1, 2, 6 ], "texture": "#wood_trim" },
				"west": { "uv": [ 0, 1, 1, 6 ], "texture": "#wood_trim" },
				"east": { "uv": [ 15, 1, 16, 6 ], "texture": "#wood_trim" }
			}
		},
		{
			"__comment": "Box19",
			"from": [ 2, 13, 18 ],
			"to": [ 14, 14, 19 ],
			"faces": {
				"down": { "uv": [ 2, 13, 14, 14 ], "texture": "#handle" },
				"up": { "uv": [ 2, 2, 14, 3 ], "texture": "#handle" },
				"north": { "uv": [ 2, 2, 14, 3 ], "texture": "#handle" },
				"south": { "uv": [ 2, 2, 14, 3 ], "texture": "#handle" },
				"west": { "uv": [ 2, 2, 3, 3 ], "texture": "#handle" },
				"east": { "uv": [ 13, 2, 14, 3 ], "texture": "#handle" }
			}
		},
		{
			"__comment": "Box19",
			"from": [ 13, 13, 16.5 ],
			"to": [ 14, 14, 18 ],
			"faces": {
				"down": { "uv": [ 13.5, 14, 14.5, 15.5 ], "texture": "#handle" },
				"up": { "uv": [ 13.5, 0.5, 14.5, 2 ], "texture": "#handle" },
				"north": { "uv": [ 1.5, 2, 2.5, 3 ], "texture": "#handle" },
				"south": { "uv": [ 13.5, 2, 14.5, 3 ], "texture": "#handle" },
				"west": { "uv": [ 0.5, 2, 2, 3 ], "texture": "#handle" },
				"east": { "uv": [ 14, 2, 15.5, 3 ], "texture": "#handle" }
			}
		},
		{
			"__comment": "Box19",
			"from": [ 13, -9, 16.5 ],
			"to": [ 14, -8, 18 ],
			"faces": {
				"down": { "uv": [ 13, 14, 14, 15.5 ], "texture": "#handle" },
				"up": { "uv": [ 13, 0.5, 14, 2 ], "texture": "#handle" },
				"north": { "uv": [ 2, 8, 3, 9 ], "texture": "#handle" },
				"south": { "uv": [ 13, 8, 14, 9 ], "texture": "#handle" },
				"west": { "uv": [ 0.5, 8, 2, 9 ], "texture": "#handle" },
				"east": { "uv": [ 14, 8, 15.5, 9 ], "texture": "#handle" }
			}
		},
		{
			"__comment": "Box1",
			"from": [ 14, 10, 16 ],
			"to": [ 15, 15, 17 ],
			"faces": {
				"down": { "uv": [ 14, 15, 15, 16 ], "texture": "#wood_trim" },
				"up": { "uv": [ 14, 0, 15, 1 ], "texture": "#wood_trim" },
				"north": { "uv": [ 1, 1, 2, 6 ], "texture": "#wood_trim" },
				"south": { "uv": [ 14, 1, 15, 6 ], "texture": "#wood_trim" },
				"west": { "uv": [ 0, 1, 1, 6 ], "texture": "#wood_trim" },
				"east": { "uv": [ 15, 1, 16, 6 ], "texture": "#wood_trim" }
			}
		},
		{
			"__comment": "Box1",
			"from": [ 1, 0, 16 ],
			"to": [ 15, 1, 17 ],
			"faces": {
				"down": { "uv": [ 1, 15, 15, 16 ], "texture": "#wood_trim" },
				"up": { "uv": [ 1, 0, 15, 1 ], "texture": "#wood_trim" },
				"north": { "uv": [ 1, 15, 15, 16 ], "texture": "#wood_trim" },
				"south": { "uv": [ 1, 15, 15, 16 ], "texture": "#wood_trim" },
				"west": { "uv": [ 0, 15, 1, 16 ], "texture": "#wood_trim" },
				"east": { "uv": [ 15, 15, 16, 16 ], "texture": "#wood_trim" }
			}
		},
		{
			"__comment": "Box1",
			"from": [ 13, 4, 16 ],
			"to": [ 14, 7, 16.5 ],
			"faces": {
				"down": { "uv": [ 13, 15.5, 14, 16 ], "texture": "#wood_trim" },
				"up": { "uv": [ 13, 0, 14, 0.5 ], "texture": "#wood_trim" },
				"north": { "uv": [ 2, 9, 3, 12 ], "texture": "#wood_trim" },
				"south": { "uv": [ 13, 9, 14, 12 ], "texture": "#wood_trim" },
				"west": { "uv": [ 0, 9, 0.5, 12 ], "texture": "#wood_trim" },
				"east": { "uv": [ 15.5, 9, 16, 12 ], "texture": "#wood_trim" }
			}
		},
		{
			"__comment": "Box1",
			"from": [ 3, -9, 16 ],
			"to": [ 13, -1, 17 ],
			"faces": {
				"down": { "uv": [ 3, 15, 13, 16 ], "texture": "#wood_trim" },
				"up": { "uv": [ 3, 0, 13, 1 ], "texture": "#wood_trim" },
				"north": { "uv": [ 3, 1, 13, 9 ], "texture": "#wood_trim" },
				"south": { "uv": [ 3, 1, 13, 9 ], "texture": "#wood_trim" },
				"west": { "uv": [ 0, 1, 1, 9 ], "texture": "#wood_trim" },
				"east": { "uv": [ 15, 1, 16, 9 ], "texture": "#wood_trim" }
			}
		},
		{
			"__comment": "Box1",
			"from": [ 3, 6, 16 ],
			"to": [ 13, 7, 16.5 ],
			"faces": {
				"down": { "uv": [ 3, 15.5, 13, 16 ], "texture": "#wood_trim" },
				"up": { "uv": [ 3, 0, 13, 0.5 ], "texture": "#wood_trim" },
				"north": { "uv": [ 3, 9, 13, 10 ], "texture": "#wood_trim" },
				"south": { "uv": [ 3, 9, 13, 10 ], "texture": "#wood_trim" },
				"west": { "uv": [ 0, 9, 0.5, 10 ], "texture": "#wood_trim" },
				"east": { "uv": [ 15.5, 9, 16, 10 ], "texture": "#wood_trim" }
			}
		},
		{
			"__comment": "Box1",
			"from": [ 2, -10, 16 ],
			"to": [ 3, 0, 16.5 ],
			"faces": {
				"down": { "uv": [ 2, 15.5, 3, 16 ], "texture": "#wood_trim" },
				"up": { "uv": [ 2, 0, 3, 0.5 ], "texture": "#wood_trim" },
				"north": { "uv": [ 13, 0, 14, 10 ], "texture": "#wood_trim" },
				"south": { "uv": [ 2, 0, 3, 10 ], "texture": "#wood_trim" },
				"west": { "uv": [ 0, 0, 0.5, 10 ], "texture": "#wood_trim" },
				"east": { "uv": [ 15.5, 0, 16, 10 ], "texture": "#wood_trim" }
			}
		},
		{
			"__comment": "Box1",
			"from": [ 13, 11, 16 ],
			"to": [ 14, 14, 16.5 ],
			"faces": {
				"down": { "uv": [ 13, 15.5, 14, 16 ], "texture": "#wood_trim" },
				"up": { "uv": [ 13, 0, 14, 0.5 ], "texture": "#wood_trim" },
				"north": { "uv": [ 2, 2, 3, 5 ], "texture": "#wood_trim" },
				"south": { "uv": [ 13, 2, 14, 5 ], "texture": "#wood_trim" },
				"west": { "uv": [ 0, 2, 0.5, 5 ], "texture": "#wood_trim" },
				"east": { "uv": [ 15.5, 2, 16, 5 ], "texture": "#wood_trim" }
			}
		},
		{
			"__comment": "Box1",
			"from": [ 13, -10, 16 ],
			"to": [ 14, 0, 16.5 ],
			"faces": {
				"down": { "uv": [ 13, 15.5, 14, 16 ], "texture": "#wood_trim" },
				"up": { "uv": [ 13, 0, 14, 0.5 ], "texture": "#wood_trim" },
				"north": { "uv": [ 2, 0, 3, 10 ], "texture": "#wood_trim" },
				"south": { "uv": [ 13, 0, 14, 10 ], "texture": "#wood_trim" },
				"west": { "uv": [ 0, 0, 0.5, 10 ], "texture": "#wood_trim" },
				"east": { "uv": [ 15.5, 0, 16, 10 ], "texture": "#wood_trim" }
			}
		},
		{
			"__comment": "Box1",
			"from": [ 3, -1, 16 ],
			"to": [ 13, 0, 16.5 ],
			"faces": {
				"down": { "uv": [ 3, 15.5, 13, 16 ], "texture": "#wood_trim" },
				"up": { "uv": [ 3, 0, 13, 0.5 ], "texture": "#wood_trim" },
				"north": { "uv": [ 3, 0, 13, 1 ], "texture": "#wood_trim" },
				"south": { "uv": [ 3, 0, 13, 1 ], "texture": "#wood_trim" },
				"west": { "uv": [ 0, 0, 0.5, 1 ], "texture": "#wood_trim" },
				"east": { "uv": [ 15.5, 0, 16, 1 ], "texture": "#wood_trim" }
			}
		},
		{
			"__comment": "Box1",
			"from": [ 2, 7, 16 ],
			"to": [ 14, 8, 17 ],
			"faces": {
				"down": { "uv": [ 2, 15, 14, 16 ], "texture": "#wood_trim" },
				"up": { "uv": [ 2, 0, 14, 1 ], "texture": "#wood_trim" },
				"north": { "uv": [ 2, 8, 14, 9 ], "texture": "#wood_trim" },
				"south": { "uv": [ 2, 8, 14, 9 ], "texture": "#wood_trim" },
				"west": { "uv": [ 0, 8, 1, 9 ], "texture": "#wood_trim" },
				"east": { "uv": [ 15, 8, 16, 9 ], "texture": "#wood_trim" }
			}
		},
		{
			"__comment": "Box1",
			"from": [ 3, 11, 16 ],
			"to": [ 13, 12, 16.5 ],
			"faces": {
				"down": { "uv": [ 3, 15.5, 13, 16 ], "texture": "#wood_trim" },
				"up": { "uv": [ 3, 0, 13, 0.5 ], "texture": "#wood_trim" },
				"north": { "uv": [ 3, 4, 13, 5 ], "texture": "#wood_trim" },
				"south": { "uv": [ 3, 4, 13, 5 ], "texture": "#wood_trim" },
				"west": { "uv": [ 0, 4, 0.5, 5 ], "texture": "#wood_trim" },
				"east": { "uv": [ 15.5, 4, 16, 5 ], "texture": "#wood_trim" }
			}
		},
		{
			"__comment": "Box1",
			"from": [ 2, 10, 16 ],
			"to": [ 14, 11, 17 ],
			"faces": {
				"down": { "uv": [ 2, 15, 14, 16 ], "texture": "#wood_trim" },
				"up": { "uv": [ 2, 0, 14, 1 ], "texture": "#wood_trim" },
				"north": { "uv": [ 2, 5, 14, 6 ], "texture": "#wood_trim" },
				"south": { "uv": [ 2, 5, 14, 6 ], "texture": "#wood_trim" },
				"west": { "uv": [ 0, 5, 1, 6 ], "texture": "#wood_trim" },
				"east": { "uv": [ 15, 5, 16, 6 ], "texture": "#wood_trim" }
			}
		},
		{
			"__comment": "Box1",
			"from": [ 3, -10, 16 ],
			"to": [ 13, -9, 16.5 ],
			"faces": {
				"down": { "uv": [ 3, 15.5, 13, 16 ], "texture": "#wood_trim" },
				"up": { "uv": [ 3, 0, 13, 0.5 ], "texture": "#wood_trim" },
				"north": { "uv": [ 3, 9, 13, 10 ], "texture": "#wood_trim" },
				"south": { "uv": [ 3, 9, 13, 10 ], "texture": "#wood_trim" },
				"west": { "uv": [ 0, 9, 0.5, 10 ], "texture": "#wood_trim" },
				"east": { "uv": [ 15.5, 9, 16, 10 ], "texture": "#wood_trim" }
			}
		},
		{
			"__comment": "Box1",
			"from": [ 2, -11, 16 ],
			"to": [ 14, -10, 17 ],
			"faces": {
				"down": { "uv": [ 2, 15, 14, 16 ], "texture": "#wood_trim" },
				"up": { "uv": [ 2, 0, 14, 1 ], "texture": "#wood_trim" },
				"north": { "uv": [ 2, 10, 14, 11 ], "texture": "#wood_trim" },
				"south": { "uv": [ 2, 10, 14, 11 ], "texture": "#wood_trim" },
				"west": { "uv": [ 0, 10, 1, 11 ], "texture": "#wood_trim" },
				"east": { "uv": [ 15, 10, 16, 11 ], "texture": "#wood_trim" }
			}
		},
		{
			"__comment": "Box1",
			"from": [ 3, 5, 16 ],
			"to": [ 13, 6, 17 ],
			"faces": {
				"down": { "uv": [ 3, 15, 13, 16 ], "texture": "#wood_trim" },
				"up": { "uv": [ 3, 0, 13, 1 ], "texture": "#wood_trim" },
				"north": { "uv": [ 3, 10, 13, 11 ], "texture": "#wood_trim" },
				"south": { "uv": [ 3, 10, 13, 11 ], "texture": "#wood_trim" },
				"west": { "uv": [ 0, 10, 1, 11 ], "texture": "#wood_trim" },
				"east": { "uv": [ 15, 10, 16, 11 ], "texture": "#wood_trim" }
			}
		},
		{
			"__comment": "Box1",
			"from": [ 2, 4, 16 ],
			"to": [ 3, 7, 16.5 ],
			"faces": {
				"down": { "uv": [ 2, 15.5, 3, 16 ], "texture": "#wood_trim" },
				"up": { "uv": [ 2, 0, 3, 0.5 ], "texture": "#wood_trim" },
				"north": { "uv": [ 13, 9, 14, 12 ], "texture": "#wood_trim" },
				"south": { "uv": [ 2, 9, 3, 12 ], "texture": "#wood_trim" },
				"west": { "uv": [ 0, 9, 0.5, 12 ], "texture": "#wood_trim" },
				"east": { "uv": [ 15.5, 9, 16, 12 ], "texture": "#wood_trim" }
			}
		},
		{
			"__comment": "Box1",
			"from": [ 2, 14, 16 ],
			"to": [ 14, 15, 17 ],
			"faces": {
				"down": { "uv": [ 2, 15, 14, 16 ], "texture": "#wood_trim" },
				"up": { "uv": [ 2, 0, 14, 1 ], "texture": "#wood_trim" },
				"north": { "uv": [ 2, 1, 14, 2 ], "texture": "#wood_trim" },
				"south": { "uv": [ 2, 1, 14, 2 ], "texture": "#wood_trim" },
				"west": { "uv": [ 0, 1, 1, 2 ], "texture": "#wood_trim" },
				"east": { "uv": [ 15, 1, 16, 2 ], "texture": "#wood_trim" }
			}
		},
		{
			"__comment": "Box1",
			"from": [ 3, 4, 16 ],
			"to": [ 13, 5, 16.5 ],
			"faces": {
				"down": { "uv": [ 3, 15.5, 13, 16 ], "texture": "#wood_trim" },
				"up": { "uv": [ 3, 0, 13, 0.5 ], "texture": "#wood_trim" },
				"north": { "uv": [ 3, 11, 13, 12 ], "texture": "#wood_trim" },
				"south": { "uv": [ 3, 11, 13, 12 ], "texture": "#wood_trim" },
				"west": { "uv": [ 0, 11, 0.5, 12 ], "texture": "#wood_trim" },
				"east": { "uv": [ 15.5, 11, 16, 12 ], "texture": "#wood_trim" }
			}
		},
		{
			"__comment": "Box1",
			"from": [ 1, 3, 16 ],
			"to": [ 2, 8, 17 ],
			"faces": {
				"down": { "uv": [ 1, 15, 2, 16 ], "texture": "#wood_trim" },
				"up": { "uv": [ 1, 0, 2, 1 ], "texture": "#wood_trim" },
				"north": { "uv": [ 14, 8, 15, 13 ], "texture": "#wood_trim" },
				"south": { "uv": [ 1, 8, 2, 13 ], "texture": "#wood_trim" },
				"west": { "uv": [ 0, 8, 1, 13 ], "texture": "#wood_trim" },
				"east": { "uv": [ 15, 8, 16, 13 ], "texture": "#wood_trim" }
			}
		},
		{
			"__comment": "Box1",
			"from": [ 2, 3, 16 ],
			"to": [ 14, 4, 17 ],
			"faces": {
				"down": { "uv": [ 2, 15, 14, 16 ], "texture": "#wood_trim" },
				"up": { "uv": [ 2, 0, 14, 1 ], "texture": "#wood_trim" },
				"north": { "uv": [ 2, 12, 14, 13 ], "texture": "#wood_trim" },
				"south": { "uv": [ 2, 12, 14, 13 ], "texture": "#wood_trim" },
				"west": { "uv": [ 0, 12, 1, 13 ], "texture": "#wood_trim" },
				"east": { "uv": [ 15, 12, 16, 13 ], "texture": "#wood_trim" }
			}
		},
		{
			"__comment": "Box1",
			"from": [ 14, 3, 16 ],
			"to": [ 15, 8, 17 ],
			"faces": {
				"down": { "uv": [ 14, 15, 15, 16 ], "texture": "#wood_trim" },
				"up": { "uv": [ 14, 0, 15, 1 ], "texture": "#wood_trim" },
				"north": { "uv": [ 1, 8, 2, 13 ], "texture": "#wood_trim" },
				"south": { "uv": [ 14, 8, 15, 13 ], "texture": "#wood_trim" },
				"west": { "uv": [ 0, 8, 1, 13 ], "texture": "#wood_trim" },
				"east": { "uv": [ 15, 8, 16, 13 ], "texture": "#wood_trim" }
			}
		},
		{
			"__comment": "Box1",
			"from": [ 3, 13, 16 ],
			"to": [ 13, 14, 16.5 ],
			"faces": {
				"down": { "uv": [ 3, 15.5, 13, 16 ], "texture": "#wood_trim" },
				"up": { "uv": [ 3, 0, 13, 0.5 ], "texture": "#wood_trim" },
				"north": { "uv": [ 3, 2, 13, 3 ], "texture": "#wood_trim" },
				"south": { "uv": [ 3, 2, 13, 3 ], "texture": "#wood_trim" },
				"west": { "uv": [ 0, 2, 0.5, 3 ], "texture": "#wood_trim" },
				"east": { "uv": [ 15.5, 2, 16, 3 ], "texture": "#wood_trim" }
			}
		},
		{
			"__comment": "Box1",
			"from": [ 2, 11, 16 ],
			"to": [ 3, 14, 16.5 ],
			"faces": {
				"down": { "uv": [ 2, 15.5, 3, 16 ], "texture": "#wood_trim" },
				"up": { "uv": [ 2, 0, 3, 0.5 ], "texture": "#wood_trim" },
				"north": { "uv": [ 13, 2, 14, 5 ], "texture": "#wood_trim" },
				"south": { "uv": [ 2, 2, 3, 5 ], "texture": "#wood_trim" },
				"west": { "uv": [ 0, 2, 0.5, 5 ], "texture": "#wood_trim" },
				"east": { "uv": [ 15.5, 2, 16, 5 ], "texture": "#wood_trim" }
			}
		},
		{
			"__comment": "Box19",
			"from": [ 13, -2, 16.5 ],
			"to": [ 14, -1, 18 ],
			"faces": {
				"down": { "uv": [ 13, 14, 14, 15.5 ], "texture": "#handle" },
				"up": { "uv": [ 13, 0.5, 14, 2 ], "texture": "#handle" },
				"north": { "uv": [ 2, 1, 3, 2 ], "texture": "#handle" },
				"south": { "uv": [ 13, 1, 14, 2 ], "texture": "#handle" },
				"west": { "uv": [ 0.5, 1, 2, 2 ], "texture": "#handle" },
				"east": { "uv": [ 14, 1, 15.5, 2 ], "texture": "#handle" }
			}
		},
		{
			"__comment": "Box19",
			"from": [ 13, 6, 16.5 ],
			"to": [ 14, 7, 18 ],
			"faces": {
				"down": { "uv": [ 13, 14, 14, 15.5 ], "texture": "#handle" },
				"up": { "uv": [ 13, 0.5, 14, 2 ], "texture": "#handle" },
				"north": { "uv": [ 2, 9, 3, 10 ], "texture": "#handle" },
				"south": { "uv": [ 13, 9, 14, 10 ], "texture": "#handle" },
				"west": { "uv": [ 0.5, 9, 2, 10 ], "texture": "#handle" },
				"east": { "uv": [ 14, 9, 15.5, 10 ], "texture": "#handle" }
			}
		},
		{
			"__comment": "Box19",
			"from": [ 2, 6, 16.5 ],
			"to": [ 3, 7, 18 ],
			"faces": {
				"down": { "uv": [ 2, 14, 3, 15.5 ], "texture": "#handle" },
				"up": { "uv": [ 2, 0.5, 3, 2 ], "texture": "#handle" },
				"north": { "uv": [ 13, 9, 14, 10 ], "texture": "#handle" },
				"south": { "uv": [ 2, 9, 3, 10 ], "texture": "#handle" },
				"west": { "uv": [ 0.5, 9, 2, 10 ], "texture": "#handle" },
				"east": { "uv": [ 14, 9, 15.5, 10 ], "texture": "#handle" }
			}
		},
		{
			"__comment": "Box19",
			"from": [ 2, 13, 16.5 ],
			"to": [ 3, 14, 18 ],
			"faces": {
				"down": { "uv": [ 2, 14, 3, 15.5 ], "texture": "#handle" },
				"up": { "uv": [ 2, 0.5, 3, 2 ], "texture": "#handle" },
				"north": { "uv": [ 13, 2, 14, 3 ], "texture": "#handle" },
				"south": { "uv": [ 2, 2, 3, 3 ], "texture": "#handle" },
				"west": { "uv": [ 0.5, 2, 2, 3 ], "texture": "#handle" },
				"east": { "uv": [ 14, 2, 15.5, 3 ], "texture": "#handle" }
			}
		},
		{
			"__comment": "Box19",
			"from": [ 13, -9, 18 ],
			"to": [ 14, -1, 19 ],
			"faces": {
				"down": { "uv": [ 13, 13, 14, 14 ], "texture": "#handle" },
				"up": { "uv": [ 13, 2, 14, 3 ], "texture": "#handle" },
				"north": { "uv": [ 2, 1, 3, 9 ], "texture": "#handle" },
				"south": { "uv": [ 13, 1, 14, 9 ], "texture": "#handle" },
				"west": { "uv": [ 2, 1, 3, 9 ], "texture": "#handle" },
				"east": { "uv": [ 13, 1, 14, 9 ], "texture": "#handle" }
			}
		},
		{
			"__comment": "Box19",
			"from": [ 2, 6, 18 ],
			"to": [ 14, 7, 19 ],
			"faces": {
				"down": { "uv": [ 2, 13, 14, 14 ], "texture": "#handle" },
				"up": { "uv": [ 2, 2, 14, 3 ], "texture": "#handle" },
				"north": { "uv": [ 2, 9, 14, 10 ], "texture": "#handle" },
				"south": { "uv": [ 2, 9, 14, 10 ], "texture": "#handle" },
				"west": { "uv": [ 2, 9, 3, 10 ], "texture": "#handle" },
				"east": { "uv": [ 13, 9, 14, 10 ], "texture": "#handle" }
			}
		}
	],
	"display": {
		"head": {
			"rotation":  [ 0, 180, 0 ],
			"translation":  [ 0, -8, 25.625 ],
			"scale":  [ 1.6, 1.6, 1.6 ]
		}
	}
}