{
	"__comment": "Designed by Ersatz with Cubik Studio - https://cubik.studio",
	"textures": {
		"metal": "blocks/hardened_clay_stained_cyan",
		"black": "solid_colors/black",
		"metal2": "blocks/anvil_base"
	},
	"elements": [ 	 
		{
			"__comment": "Box1",
			"from": [ -16, 15, 16 ],
			"to": [ 0, 17, 32 ],
			"faces": {
				"down": { "uv": [ 0, 0, 16, 16 ], "texture": "#metal" },
				"up": { "uv": [ 0, 0, 16, 16 ], "texture": "#metal" },
				"north": { "uv": [ 0, 0, 16, 1 ], "texture": "#metal" },
				"south": { "uv": [ 0, 0, 16, 1 ], "texture": "#metal" },
				"west": { "uv": [ 0, 0, 16, 1 ], "texture": "#metal" },
				"east": { "uv": [ 0, 0, 16, 1 ], "texture": "#metal" }
			}
		},
		{
			"__comment": "Box1",
			"from": [ -16, 15, 0 ],
			"to": [ 0, 17, 16 ],
			"faces": {
				"down": { "uv": [ 0, 0, 16, 16 ], "texture": "#metal" },
				"up": { "uv": [ 0, 0, 16, 16 ], "texture": "#metal" },
				"north": { "uv": [ 0, 0, 16, 1 ], "texture": "#metal" },
				"south": { "uv": [ 0, 0, 16, 1 ], "texture": "#metal" },
				"west": { "uv": [ 0, 0, 16, 1 ], "texture": "#metal" },
				"east": { "uv": [ 0, 0, 16, 1 ], "texture": "#metal" }
			}
		},
		{
			"__comment": "Box1",
			"from": [ 0, 16, 0 ],
			"to": [ 16, 32, 16 ],
			"faces": {
				"down": { "uv": [ 0, 0, 16, 16 ], "texture": "#metal" },
				"up": { "uv": [ 0, 0, 16, 16 ], "texture": "#metal" },
				"north": { "uv": [ 0, 0, 16, 16 ], "texture": "#metal" },
				"south": { "uv": [ 0, 0, 16, 16 ], "texture": "#metal" },
				"west": { "uv": [ 0, 0, 16, 16 ], "texture": "#metal" },
				"east": { "uv": [ 0, 0, 16, 16 ], "texture": "#metal" }
			}
		},
		{
			"__comment": "Box1",
			"from": [ 16, 15, 0 ],
			"to": [ 32, 17, 16 ],
			"faces": {
				"down": { "uv": [ 0, 0, 16, 16 ], "texture": "#metal" },
				"up": { "uv": [ 0, 0, 16, 16 ], "texture": "#metal" },
				"north": { "uv": [ 0, 0, 16, 1 ], "texture": "#metal" },
				"south": { "uv": [ 0, 0, 16, 1 ], "texture": "#metal" },
				"west": { "uv": [ 0, 0, 16, 1 ], "texture": "#metal" },
				"east": { "uv": [ 0, 0, 16, 1 ], "texture": "#metal" }
			}
		},
		{
			"__comment": "Box1",
			"from": [ -1, 31, 16 ],
			"to": [ 0, 32, 17 ],
			"faces": {
				"down": { "uv": [ 15, 15, 16, 16 ], "texture": "#metal" },
				"up": { "uv": [ 15, 0, 16, 1 ], "texture": "#metal" },
				"north": { "uv": [ 0, 0, 1, 1 ], "texture": "#metal" },
				"south": { "uv": [ 15, 0, 16, 1 ], "texture": "#metal" },
				"west": { "uv": [ 0, 0, 1, 1 ], "texture": "#metal" },
				"east": { "uv": [ 15, 0, 16, 1 ], "texture": "#metal" }
			}
		},
		{
			"__comment": "Box1",
			"from": [ 0, 15, 0 ],
			"to": [ 16, 16, 16 ],
			"faces": {
				"down": { "uv": [ 0, 0, 16, 16 ], "texture": "#metal" },
				"up": { "uv": [ 0, 0, 16, 16 ], "texture": "#metal" },
				"north": { "uv": [ 0, 0, 16, 1 ], "texture": "#metal" },
				"south": { "uv": [ 0, 0, 16, 1 ], "texture": "#metal" },
				"west": { "uv": [ 0, 0, 16, 1 ], "texture": "#metal" },
				"east": { "uv": [ 0, 0, 16, 1 ], "texture": "#metal" }
			}
		},
		{
			"__comment": "Box1",
			"from": [ -15, 17, 16 ],
			"to": [ 0, 18, 31 ],
			"faces": {
				"down": { "uv": [ 1, 1, 16, 16 ], "texture": "#metal" },
				"up": { "uv": [ 1, 0, 16, 15 ], "texture": "#metal" },
				"north": { "uv": [ 0, 14, 15, 15 ], "texture": "#metal" },
				"south": { "uv": [ 1, 14, 16, 15 ], "texture": "#metal" },
				"west": { "uv": [ 0, 14, 15, 15 ], "texture": "#metal" },
				"east": { "uv": [ 1, 14, 16, 15 ], "texture": "#metal" }
			}
		},
		{
			"__comment": "Box1",
			"from": [ -14, 18, 16 ],
			"to": [ 0, 19, 30 ],
			"faces": {
				"down": { "uv": [ 2, 2, 16, 16 ], "texture": "#metal" },
				"up": { "uv": [ 2, 0, 16, 14 ], "texture": "#metal" },
				"north": { "uv": [ 0, 13, 14, 14 ], "texture": "#metal" },
				"south": { "uv": [ 2, 13, 16, 14 ], "texture": "#metal" },
				"west": { "uv": [ 0, 13, 14, 14 ], "texture": "#metal" },
				"east": { "uv": [ 2, 13, 16, 14 ], "texture": "#metal" }
			}
		},
		{
			"__comment": "Box1",
			"from": [ -13, 19, 16 ],
			"to": [ 0, 20, 29 ],
			"faces": {
				"down": { "uv": [ 3, 3, 16, 16 ], "texture": "#metal" },
				"up": { "uv": [ 3, 0, 16, 13 ], "texture": "#metal" },
				"north": { "uv": [ 0, 12, 13, 13 ], "texture": "#metal" },
				"south": { "uv": [ 3, 12, 16, 13 ], "texture": "#metal" },
				"west": { "uv": [ 0, 12, 13, 13 ], "texture": "#metal" },
				"east": { "uv": [ 3, 12, 16, 13 ], "texture": "#metal" }
			}
		},
		{
			"__comment": "Box1",
			"from": [ -12, 20, 16 ],
			"to": [ 0, 21, 28 ],
			"faces": {
				"down": { "uv": [ 4, 4, 16, 16 ], "texture": "#metal" },
				"up": { "uv": [ 4, 0, 16, 12 ], "texture": "#metal" },
				"north": { "uv": [ 0, 11, 12, 12 ], "texture": "#metal" },
				"south": { "uv": [ 4, 11, 16, 12 ], "texture": "#metal" },
				"west": { "uv": [ 0, 11, 12, 12 ], "texture": "#metal" },
				"east": { "uv": [ 4, 11, 16, 12 ], "texture": "#metal" }
			}
		},
		{
			"__comment": "Box1",
			"from": [ -11, 21, 16 ],
			"to": [ 0, 22, 27 ],
			"faces": {
				"down": { "uv": [ 5, 5, 16, 16 ], "texture": "#metal" },
				"up": { "uv": [ 5, 0, 16, 11 ], "texture": "#metal" },
				"north": { "uv": [ 0, 10, 11, 11 ], "texture": "#metal" },
				"south": { "uv": [ 5, 10, 16, 11 ], "texture": "#metal" },
				"west": { "uv": [ 0, 10, 11, 11 ], "texture": "#metal" },
				"east": { "uv": [ 5, 10, 16, 11 ], "texture": "#metal" }
			}
		},
		{
			"__comment": "Box1",
			"from": [ -10, 22, 16 ],
			"to": [ 0, 23, 26 ],
			"faces": {
				"down": { "uv": [ 6, 6, 16, 16 ], "texture": "#metal" },
				"up": { "uv": [ 6, 0, 16, 10 ], "texture": "#metal" },
				"north": { "uv": [ 0, 9, 10, 10 ], "texture": "#metal" },
				"south": { "uv": [ 6, 9, 16, 10 ], "texture": "#metal" },
				"west": { "uv": [ 0, 9, 10, 10 ], "texture": "#metal" },
				"east": { "uv": [ 6, 9, 16, 10 ], "texture": "#metal" }
			}
		},
		{
			"__comment": "Box1",
			"from": [ -9, 23, 16 ],
			"to": [ 0, 24, 25 ],
			"faces": {
				"down": { "uv": [ 7, 7, 16, 16 ], "texture": "#metal" },
				"up": { "uv": [ 7, 0, 16, 9 ], "texture": "#metal" },
				"north": { "uv": [ 0, 8, 9, 9 ], "texture": "#metal" },
				"south": { "uv": [ 7, 8, 16, 9 ], "texture": "#metal" },
				"west": { "uv": [ 0, 8, 9, 9 ], "texture": "#metal" },
				"east": { "uv": [ 7, 8, 16, 9 ], "texture": "#metal" }
			}
		},
		{
			"__comment": "Box1",
			"from": [ -8, 24, 16 ],
			"to": [ 0, 25, 24 ],
			"faces": {
				"down": { "uv": [ 8, 8, 16, 16 ], "texture": "#metal" },
				"up": { "uv": [ 8, 0, 16, 8 ], "texture": "#metal" },
				"north": { "uv": [ 0, 7, 8, 8 ], "texture": "#metal" },
				"south": { "uv": [ 8, 7, 16, 8 ], "texture": "#metal" },
				"west": { "uv": [ 0, 7, 8, 8 ], "texture": "#metal" },
				"east": { "uv": [ 8, 7, 16, 8 ], "texture": "#metal" }
			}
		},
		{
			"__comment": "Box1",
			"from": [ -7, 25, 16 ],
			"to": [ 0, 26, 23 ],
			"faces": {
				"down": { "uv": [ 9, 9, 16, 16 ], "texture": "#metal" },
				"up": { "uv": [ 9, 0, 16, 7 ], "texture": "#metal" },
				"north": { "uv": [ 0, 6, 7, 7 ], "texture": "#metal" },
				"south": { "uv": [ 9, 6, 16, 7 ], "texture": "#metal" },
				"west": { "uv": [ 0, 6, 7, 7 ], "texture": "#metal" },
				"east": { "uv": [ 9, 6, 16, 7 ], "texture": "#metal" }
			}
		},
		{
			"__comment": "Box1",
			"from": [ -6, 26, 16 ],
			"to": [ 0, 27, 22 ],
			"faces": {
				"down": { "uv": [ 10, 10, 16, 16 ], "texture": "#metal" },
				"up": { "uv": [ 10, 0, 16, 6 ], "texture": "#metal" },
				"north": { "uv": [ 0, 5, 6, 6 ], "texture": "#metal" },
				"south": { "uv": [ 10, 5, 16, 6 ], "texture": "#metal" },
				"west": { "uv": [ 0, 5, 6, 6 ], "texture": "#metal" },
				"east": { "uv": [ 10, 5, 16, 6 ], "texture": "#metal" }
			}
		},
		{
			"__comment": "Box1",
			"from": [ -5, 27, 16 ],
			"to": [ 0, 28, 21 ],
			"faces": {
				"down": { "uv": [ 11, 11, 16, 16 ], "texture": "#metal" },
				"up": { "uv": [ 11, 0, 16, 5 ], "texture": "#metal" },
				"north": { "uv": [ 0, 4, 5, 5 ], "texture": "#metal" },
				"south": { "uv": [ 11, 4, 16, 5 ], "texture": "#metal" },
				"west": { "uv": [ 0, 4, 5, 5 ], "texture": "#metal" },
				"east": { "uv": [ 11, 4, 16, 5 ], "texture": "#metal" }
			}
		},
		{
			"__comment": "Box1",
			"from": [ -4, 28, 16 ],
			"to": [ 0, 29, 20 ],
			"faces": {
				"down": { "uv": [ 12, 12, 16, 16 ], "texture": "#metal" },
				"up": { "uv": [ 12, 0, 16, 4 ], "texture": "#metal" },
				"north": { "uv": [ 0, 3, 4, 4 ], "texture": "#metal" },
				"south": { "uv": [ 12, 3, 16, 4 ], "texture": "#metal" },
				"west": { "uv": [ 0, 3, 4, 4 ], "texture": "#metal" },
				"east": { "uv": [ 12, 3, 16, 4 ], "texture": "#metal" }
			}
		},
		{
			"__comment": "Box1",
			"from": [ -3, 29, 16 ],
			"to": [ 0, 30, 19 ],
			"faces": {
				"down": { "uv": [ 13, 13, 16, 16 ], "texture": "#metal" },
				"up": { "uv": [ 13, 0, 16, 3 ], "texture": "#metal" },
				"north": { "uv": [ 0, 2, 3, 3 ], "texture": "#metal" },
				"south": { "uv": [ 13, 2, 16, 3 ], "texture": "#metal" },
				"west": { "uv": [ 0, 2, 3, 3 ], "texture": "#metal" },
				"east": { "uv": [ 13, 2, 16, 3 ], "texture": "#metal" }
			}
		},
		{
			"__comment": "Box1",
			"from": [ -2, 30, 16 ],
			"to": [ 0, 31, 18 ],
			"faces": {
				"down": { "uv": [ 14, 14, 16, 16 ], "texture": "#metal" },
				"up": { "uv": [ 14, 0, 16, 2 ], "texture": "#metal" },
				"north": { "uv": [ 0, 1, 2, 2 ], "texture": "#metal" },
				"south": { "uv": [ 14, 1, 16, 2 ], "texture": "#metal" },
				"west": { "uv": [ 0, 1, 2, 2 ], "texture": "#metal" },
				"east": { "uv": [ 14, 1, 16, 2 ], "texture": "#metal" }
			}
		},
		{
			"__comment": "Box1",
			"from": [ 16, 15, 16 ],
			"to": [ 32, 17, 32 ],
			"faces": {
				"down": { "uv": [ 0, 0, 16, 16 ], "texture": "#metal" },
				"up": { "uv": [ 0, 0, 16, 16 ], "texture": "#metal" },
				"north": { "uv": [ 0, 0, 16, 1 ], "texture": "#metal" },
				"south": { "uv": [ 0, 0, 16, 1 ], "texture": "#metal" },
				"west": { "uv": [ 0, 0, 16, 1 ], "texture": "#metal" },
				"east": { "uv": [ 0, 0, 16, 1 ], "texture": "#metal" }
			}
		},
		{
			"__comment": "Box1",
			"from": [ 16, 17, 0 ],
			"to": [ 31, 18, 16 ],
			"faces": {
				"down": { "uv": [ 0, 0, 15, 16 ], "texture": "#metal" },
				"up": { "uv": [ 0, 0, 15, 16 ], "texture": "#metal" },
				"north": { "uv": [ 1, 14, 16, 15 ], "texture": "#metal" },
				"south": { "uv": [ 0, 14, 15, 15 ], "texture": "#metal" },
				"west": { "uv": [ 0, 14, 16, 15 ], "texture": "#metal" },
				"east": { "uv": [ 0, 14, 16, 15 ], "texture": "#metal" }
			}
		},
		{
			"__comment": "Box1",
			"from": [ 16, 18, 0 ],
			"to": [ 30, 19, 16 ],
			"faces": {
				"down": { "uv": [ 0, 0, 14, 16 ], "texture": "#metal" },
				"up": { "uv": [ 0, 0, 14, 16 ], "texture": "#metal" },
				"north": { "uv": [ 2, 13, 16, 14 ], "texture": "#metal" },
				"south": { "uv": [ 0, 13, 14, 14 ], "texture": "#metal" },
				"west": { "uv": [ 0, 13, 16, 14 ], "texture": "#metal" },
				"east": { "uv": [ 0, 13, 16, 14 ], "texture": "#metal" }
			}
		},
		{
			"__comment": "Box1",
			"from": [ 16, 19, 0 ],
			"to": [ 29, 20, 16 ],
			"faces": {
				"down": { "uv": [ 0, 0, 13, 16 ], "texture": "#metal" },
				"up": { "uv": [ 0, 0, 13, 16 ], "texture": "#metal" },
				"north": { "uv": [ 3, 12, 16, 13 ], "texture": "#metal" },
				"south": { "uv": [ 0, 12, 13, 13 ], "texture": "#metal" },
				"west": { "uv": [ 0, 12, 16, 13 ], "texture": "#metal" },
				"east": { "uv": [ 0, 12, 16, 13 ], "texture": "#metal" }
			}
		},
		{
			"__comment": "Box1",
			"from": [ 16, 20, 0 ],
			"to": [ 28, 21, 16 ],
			"faces": {
				"down": { "uv": [ 0, 0, 12, 16 ], "texture": "#metal" },
				"up": { "uv": [ 0, 0, 12, 16 ], "texture": "#metal" },
				"north": { "uv": [ 4, 11, 16, 12 ], "texture": "#metal" },
				"south": { "uv": [ 0, 11, 12, 12 ], "texture": "#metal" },
				"west": { "uv": [ 0, 11, 16, 12 ], "texture": "#metal" },
				"east": { "uv": [ 0, 11, 16, 12 ], "texture": "#metal" }
			}
		},
		{
			"__comment": "Box1",
			"from": [ 16, 21, 0 ],
			"to": [ 27, 22, 16 ],
			"faces": {
				"down": { "uv": [ 0, 0, 11, 16 ], "texture": "#metal" },
				"up": { "uv": [ 0, 0, 11, 16 ], "texture": "#metal" },
				"north": { "uv": [ 5, 10, 16, 11 ], "texture": "#metal" },
				"south": { "uv": [ 0, 10, 11, 11 ], "texture": "#metal" },
				"west": { "uv": [ 0, 10, 16, 11 ], "texture": "#metal" },
				"east": { "uv": [ 0, 10, 16, 11 ], "texture": "#metal" }
			}
		},
		{
			"__comment": "Box1",
			"from": [ 16, 22, 0 ],
			"to": [ 26, 23, 16 ],
			"faces": {
				"down": { "uv": [ 0, 0, 10, 16 ], "texture": "#metal" },
				"up": { "uv": [ 0, 0, 10, 16 ], "texture": "#metal" },
				"north": { "uv": [ 6, 9, 16, 10 ], "texture": "#metal" },
				"south": { "uv": [ 0, 9, 10, 10 ], "texture": "#metal" },
				"west": { "uv": [ 0, 9, 16, 10 ], "texture": "#metal" },
				"east": { "uv": [ 0, 9, 16, 10 ], "texture": "#metal" }
			}
		},
		{
			"__comment": "Box1",
			"from": [ 16, 23, 0 ],
			"to": [ 25, 24, 16 ],
			"faces": {
				"down": { "uv": [ 0, 0, 9, 16 ], "texture": "#metal" },
				"up": { "uv": [ 0, 0, 9, 16 ], "texture": "#metal" },
				"north": { "uv": [ 7, 8, 16, 9 ], "texture": "#metal" },
				"south": { "uv": [ 0, 8, 9, 9 ], "texture": "#metal" },
				"west": { "uv": [ 0, 8, 16, 9 ], "texture": "#metal" },
				"east": { "uv": [ 0, 8, 16, 9 ], "texture": "#metal" }
			}
		},
		{
			"__comment": "Box1",
			"from": [ 16, 24, 0 ],
			"to": [ 24, 25, 16 ],
			"faces": {
				"down": { "uv": [ 0, 0, 8, 16 ], "texture": "#metal" },
				"up": { "uv": [ 0, 0, 8, 16 ], "texture": "#metal" },
				"north": { "uv": [ 8, 7, 16, 8 ], "texture": "#metal" },
				"south": { "uv": [ 0, 7, 8, 8 ], "texture": "#metal" },
				"west": { "uv": [ 0, 7, 16, 8 ], "texture": "#metal" },
				"east": { "uv": [ 0, 7, 16, 8 ], "texture": "#metal" }
			}
		},
		{
			"__comment": "Box1",
			"from": [ 16, 25, 0 ],
			"to": [ 23, 26, 16 ],
			"faces": {
				"down": { "uv": [ 0, 0, 7, 16 ], "texture": "#metal" },
				"up": { "uv": [ 0, 0, 7, 16 ], "texture": "#metal" },
				"north": { "uv": [ 9, 6, 16, 7 ], "texture": "#metal" },
				"south": { "uv": [ 0, 6, 7, 7 ], "texture": "#metal" },
				"west": { "uv": [ 0, 6, 16, 7 ], "texture": "#metal" },
				"east": { "uv": [ 0, 6, 16, 7 ], "texture": "#metal" }
			}
		},
		{
			"__comment": "Box1",
			"from": [ 16, 26, 0 ],
			"to": [ 22, 27, 16 ],
			"faces": {
				"down": { "uv": [ 0, 0, 6, 16 ], "texture": "#metal" },
				"up": { "uv": [ 0, 0, 6, 16 ], "texture": "#metal" },
				"north": { "uv": [ 10, 5, 16, 6 ], "texture": "#metal" },
				"south": { "uv": [ 0, 5, 6, 6 ], "texture": "#metal" },
				"west": { "uv": [ 0, 5, 16, 6 ], "texture": "#metal" },
				"east": { "uv": [ 0, 5, 16, 6 ], "texture": "#metal" }
			}
		},
		{
			"__comment": "Box1",
			"from": [ 16, 27, 0 ],
			"to": [ 21, 28, 16 ],
			"faces": {
				"down": { "uv": [ 0, 0, 5, 16 ], "texture": "#metal" },
				"up": { "uv": [ 0, 0, 5, 16 ], "texture": "#metal" },
				"north": { "uv": [ 11, 4, 16, 5 ], "texture": "#metal" },
				"south": { "uv": [ 0, 4, 5, 5 ], "texture": "#metal" },
				"west": { "uv": [ 0, 4, 16, 5 ], "texture": "#metal" },
				"east": { "uv": [ 0, 4, 16, 5 ], "texture": "#metal" }
			}
		},
		{
			"__comment": "Box1",
			"from": [ 16, 28, 0 ],
			"to": [ 20, 29, 16 ],
			"faces": {
				"down": { "uv": [ 0, 0, 4, 16 ], "texture": "#metal" },
				"up": { "uv": [ 0, 0, 4, 16 ], "texture": "#metal" },
				"north": { "uv": [ 12, 3, 16, 4 ], "texture": "#metal" },
				"south": { "uv": [ 0, 3, 4, 4 ], "texture": "#metal" },
				"west": { "uv": [ 0, 3, 16, 4 ], "texture": "#metal" },
				"east": { "uv": [ 0, 3, 16, 4 ], "texture": "#metal" }
			}
		},
		{
			"__comment": "Box1",
			"from": [ 16, 31, 0 ],
			"to": [ 17, 32, 16 ],
			"faces": {
				"down": { "uv": [ 0, 0, 1, 16 ], "texture": "#metal" },
				"up": { "uv": [ 0, 0, 1, 16 ], "texture": "#metal" },
				"north": { "uv": [ 15, 0, 16, 1 ], "texture": "#metal" },
				"south": { "uv": [ 0, 0, 1, 1 ], "texture": "#metal" },
				"west": { "uv": [ 0, 0, 16, 1 ], "texture": "#metal" },
				"east": { "uv": [ 0, 0, 16, 1 ], "texture": "#metal" }
			}
		},
		{
			"__comment": "Box1",
			"from": [ 16, 29, 0 ],
			"to": [ 19, 30, 16 ],
			"faces": {
				"down": { "uv": [ 0, 0, 3, 16 ], "texture": "#metal" },
				"up": { "uv": [ 0, 0, 3, 16 ], "texture": "#metal" },
				"north": { "uv": [ 13, 2, 16, 3 ], "texture": "#metal" },
				"south": { "uv": [ 0, 2, 3, 3 ], "texture": "#metal" },
				"west": { "uv": [ 0, 2, 16, 3 ], "texture": "#metal" },
				"east": { "uv": [ 0, 2, 16, 3 ], "texture": "#metal" }
			}
		},
		{
			"__comment": "Box1",
			"from": [ 16, 30, 0 ],
			"to": [ 18, 31, 16 ],
			"faces": {
				"down": { "uv": [ 0, 0, 2, 16 ], "texture": "#metal" },
				"up": { "uv": [ 0, 0, 2, 16 ], "texture": "#metal" },
				"north": { "uv": [ 14, 1, 16, 2 ], "texture": "#metal" },
				"south": { "uv": [ 0, 1, 2, 2 ], "texture": "#metal" },
				"west": { "uv": [ 0, 1, 16, 2 ], "texture": "#metal" },
				"east": { "uv": [ 0, 1, 16, 2 ], "texture": "#metal" }
			}
		},
		{
			"__comment": "Box1",
			"from": [ 0, 30, 16 ],
			"to": [ 16, 31, 18 ],
			"faces": {
				"down": { "uv": [ 0, 14, 16, 16 ], "texture": "#metal" },
				"up": { "uv": [ 0, 0, 16, 2 ], "texture": "#metal" },
				"north": { "uv": [ 0, 1, 16, 2 ], "texture": "#metal" },
				"south": { "uv": [ 0, 1, 16, 2 ], "texture": "#metal" },
				"west": { "uv": [ 0, 1, 2, 2 ], "texture": "#metal" },
				"east": { "uv": [ 14, 1, 16, 2 ], "texture": "#metal" }
			}
		},
		{
			"__comment": "Box1",
			"from": [ 0, 20, 16 ],
			"to": [ 16, 21, 28 ],
			"faces": {
				"down": { "uv": [ 0, 4, 16, 16 ], "texture": "#metal" },
				"up": { "uv": [ 0, 0, 16, 12 ], "texture": "#metal" },
				"north": { "uv": [ 0, 11, 16, 12 ], "texture": "#metal" },
				"south": { "uv": [ 0, 11, 16, 12 ], "texture": "#metal" },
				"west": { "uv": [ 0, 11, 12, 12 ], "texture": "#metal" },
				"east": { "uv": [ 4, 11, 16, 12 ], "texture": "#metal" }
			}
		},
		{
			"__comment": "Box1",
			"from": [ 0, 21, 16 ],
			"to": [ 16, 22, 27 ],
			"faces": {
				"down": { "uv": [ 0, 5, 16, 16 ], "texture": "#metal" },
				"up": { "uv": [ 0, 0, 16, 11 ], "texture": "#metal" },
				"north": { "uv": [ 0, 10, 16, 11 ], "texture": "#metal" },
				"south": { "uv": [ 0, 10, 16, 11 ], "texture": "#metal" },
				"west": { "uv": [ 0, 10, 11, 11 ], "texture": "#metal" },
				"east": { "uv": [ 5, 10, 16, 11 ], "texture": "#metal" }
			}
		},
		{
			"__comment": "Box1",
			"from": [ 0, 22, 16 ],
			"to": [ 16, 23, 26 ],
			"faces": {
				"down": { "uv": [ 0, 6, 16, 16 ], "texture": "#metal" },
				"up": { "uv": [ 0, 0, 16, 10 ], "texture": "#metal" },
				"north": { "uv": [ 0, 9, 16, 10 ], "texture": "#metal" },
				"south": { "uv": [ 0, 9, 16, 10 ], "texture": "#metal" },
				"west": { "uv": [ 0, 9, 10, 10 ], "texture": "#metal" },
				"east": { "uv": [ 6, 9, 16, 10 ], "texture": "#metal" }
			}
		},
		{
			"__comment": "Box1",
			"from": [ 0, 23, 16 ],
			"to": [ 16, 24, 25 ],
			"faces": {
				"down": { "uv": [ 0, 7, 16, 16 ], "texture": "#metal" },
				"up": { "uv": [ 0, 0, 16, 9 ], "texture": "#metal" },
				"north": { "uv": [ 0, 8, 16, 9 ], "texture": "#metal" },
				"south": { "uv": [ 0, 8, 16, 9 ], "texture": "#metal" },
				"west": { "uv": [ 0, 8, 9, 9 ], "texture": "#metal" },
				"east": { "uv": [ 7, 8, 16, 9 ], "texture": "#metal" }
			}
		},
		{
			"__comment": "Box1",
			"from": [ 0, 24, 16 ],
			"to": [ 16, 25, 24 ],
			"faces": {
				"down": { "uv": [ 0, 8, 16, 16 ], "texture": "#metal" },
				"up": { "uv": [ 0, 0, 16, 8 ], "texture": "#metal" },
				"north": { "uv": [ 0, 7, 16, 8 ], "texture": "#metal" },
				"south": { "uv": [ 0, 7, 16, 8 ], "texture": "#metal" },
				"west": { "uv": [ 0, 7, 8, 8 ], "texture": "#metal" },
				"east": { "uv": [ 8, 7, 16, 8 ], "texture": "#metal" }
			}
		},
		{
			"__comment": "Box1",
			"from": [ 0, 25, 16 ],
			"to": [ 16, 26, 23 ],
			"faces": {
				"down": { "uv": [ 0, 9, 16, 16 ], "texture": "#metal" },
				"up": { "uv": [ 0, 0, 16, 7 ], "texture": "#metal" },
				"north": { "uv": [ 0, 6, 16, 7 ], "texture": "#metal" },
				"south": { "uv": [ 0, 6, 16, 7 ], "texture": "#metal" },
				"west": { "uv": [ 0, 6, 7, 7 ], "texture": "#metal" },
				"east": { "uv": [ 9, 6, 16, 7 ], "texture": "#metal" }
			}
		},
		{
			"__comment": "Box1",
			"from": [ 0, 26, 16 ],
			"to": [ 16, 27, 22 ],
			"faces": {
				"down": { "uv": [ 0, 10, 16, 16 ], "texture": "#metal" },
				"up": { "uv": [ 0, 0, 16, 6 ], "texture": "#metal" },
				"north": { "uv": [ 0, 5, 16, 6 ], "texture": "#metal" },
				"south": { "uv": [ 0, 5, 16, 6 ], "texture": "#metal" },
				"west": { "uv": [ 0, 5, 6, 6 ], "texture": "#metal" },
				"east": { "uv": [ 10, 5, 16, 6 ], "texture": "#metal" }
			}
		},
		{
			"__comment": "Box1",
			"from": [ 0, 27, 16 ],
			"to": [ 16, 28, 21 ],
			"faces": {
				"down": { "uv": [ 0, 11, 16, 16 ], "texture": "#metal" },
				"up": { "uv": [ 0, 0, 16, 5 ], "texture": "#metal" },
				"north": { "uv": [ 0, 4, 16, 5 ], "texture": "#metal" },
				"south": { "uv": [ 0, 4, 16, 5 ], "texture": "#metal" },
				"west": { "uv": [ 0, 4, 5, 5 ], "texture": "#metal" },
				"east": { "uv": [ 11, 4, 16, 5 ], "texture": "#metal" }
			}
		},
		{
			"__comment": "Box1",
			"from": [ 0, 28, 16 ],
			"to": [ 16, 29, 20 ],
			"faces": {
				"down": { "uv": [ 0, 12, 16, 16 ], "texture": "#metal" },
				"up": { "uv": [ 0, 0, 16, 4 ], "texture": "#metal" },
				"north": { "uv": [ 0, 3, 16, 4 ], "texture": "#metal" },
				"south": { "uv": [ 0, 3, 16, 4 ], "texture": "#metal" },
				"west": { "uv": [ 0, 3, 4, 4 ], "texture": "#metal" },
				"east": { "uv": [ 12, 3, 16, 4 ], "texture": "#metal" }
			}
		},
		{
			"__comment": "Box1",
			"from": [ 0, 31, 16 ],
			"to": [ 16, 32, 17 ],
			"faces": {
				"down": { "uv": [ 0, 15, 16, 16 ], "texture": "#metal" },
				"up": { "uv": [ 0, 0, 16, 1 ], "texture": "#metal" },
				"north": { "uv": [ 0, 0, 16, 1 ], "texture": "#metal" },
				"south": { "uv": [ 0, 0, 16, 1 ], "texture": "#metal" },
				"west": { "uv": [ 0, 0, 1, 1 ], "texture": "#metal" },
				"east": { "uv": [ 15, 0, 16, 1 ], "texture": "#metal" }
			}
		},
		{
			"__comment": "Box1",
			"from": [ 0, 29, 16 ],
			"to": [ 16, 30, 19 ],
			"faces": {
				"down": { "uv": [ 0, 13, 16, 16 ], "texture": "#metal" },
				"up": { "uv": [ 0, 0, 16, 3 ], "texture": "#metal" },
				"north": { "uv": [ 0, 2, 16, 3 ], "texture": "#metal" },
				"south": { "uv": [ 0, 2, 16, 3 ], "texture": "#metal" },
				"west": { "uv": [ 0, 2, 3, 3 ], "texture": "#metal" },
				"east": { "uv": [ 13, 2, 16, 3 ], "texture": "#metal" }
			}
		},
		{
			"__comment": "Box1",
			"from": [ 0, 18, 16 ],
			"to": [ 16, 19, 30 ],
			"faces": {
				"down": { "uv": [ 0, 2, 16, 16 ], "texture": "#metal" },
				"up": { "uv": [ 0, 0, 16, 14 ], "texture": "#metal" },
				"north": { "uv": [ 0, 13, 16, 14 ], "texture": "#metal" },
				"south": { "uv": [ 0, 13, 16, 14 ], "texture": "#metal" },
				"west": { "uv": [ 0, 13, 14, 14 ], "texture": "#metal" },
				"east": { "uv": [ 2, 13, 16, 14 ], "texture": "#metal" }
			}
		},
		{
			"__comment": "Box1",
			"from": [ 0, 19, 16 ],
			"to": [ 16, 20, 29 ],
			"faces": {
				"down": { "uv": [ 0, 3, 16, 16 ], "texture": "#metal" },
				"up": { "uv": [ 0, 0, 16, 13 ], "texture": "#metal" },
				"north": { "uv": [ 0, 12, 16, 13 ], "texture": "#metal" },
				"south": { "uv": [ 0, 12, 16, 13 ], "texture": "#metal" },
				"west": { "uv": [ 0, 12, 13, 13 ], "texture": "#metal" },
				"east": { "uv": [ 3, 12, 16, 13 ], "texture": "#metal" }
			}
		},
		{
			"__comment": "Box1",
			"from": [ 0, 17, 16 ],
			"to": [ 16, 18, 31 ],
			"faces": {
				"down": { "uv": [ 0, 1, 16, 16 ], "texture": "#metal" },
				"up": { "uv": [ 0, 0, 16, 15 ], "texture": "#metal" },
				"north": { "uv": [ 0, 14, 16, 15 ], "texture": "#metal" },
				"south": { "uv": [ 0, 14, 16, 15 ], "texture": "#metal" },
				"west": { "uv": [ 0, 14, 15, 15 ], "texture": "#metal" },
				"east": { "uv": [ 1, 14, 16, 15 ], "texture": "#metal" }
			}
		},
		{
			"__comment": "Box1",
			"from": [ -2, 30, 0 ],
			"to": [ 0, 31, 16 ],
			"faces": {
				"down": { "uv": [ 14, 0, 16, 16 ], "texture": "#metal" },
				"up": { "uv": [ 14, 0, 16, 16 ], "texture": "#metal" },
				"north": { "uv": [ 0, 1, 2, 2 ], "texture": "#metal" },
				"south": { "uv": [ 14, 1, 16, 2 ], "texture": "#metal" },
				"west": { "uv": [ 0, 1, 16, 2 ], "texture": "#metal" },
				"east": { "uv": [ 0, 1, 16, 2 ], "texture": "#metal" }
			}
		},
		{
			"__comment": "Box1",
			"from": [ -12, 20, 0 ],
			"to": [ 0, 21, 16 ],
			"faces": {
				"down": { "uv": [ 4, 0, 16, 16 ], "texture": "#metal" },
				"up": { "uv": [ 4, 0, 16, 16 ], "texture": "#metal" },
				"north": { "uv": [ 0, 11, 12, 12 ], "texture": "#metal" },
				"south": { "uv": [ 4, 11, 16, 12 ], "texture": "#metal" },
				"west": { "uv": [ 0, 11, 16, 12 ], "texture": "#metal" },
				"east": { "uv": [ 0, 11, 16, 12 ], "texture": "#metal" }
			}
		},
		{
			"__comment": "Box1",
			"from": [ -11, 21, 0 ],
			"to": [ 0, 22, 16 ],
			"faces": {
				"down": { "uv": [ 5, 0, 16, 16 ], "texture": "#metal" },
				"up": { "uv": [ 5, 0, 16, 16 ], "texture": "#metal" },
				"north": { "uv": [ 0, 10, 11, 11 ], "texture": "#metal" },
				"south": { "uv": [ 5, 10, 16, 11 ], "texture": "#metal" },
				"west": { "uv": [ 0, 10, 16, 11 ], "texture": "#metal" },
				"east": { "uv": [ 0, 10, 16, 11 ], "texture": "#metal" }
			}
		},
		{
			"__comment": "Box1",
			"from": [ -10, 22, 0 ],
			"to": [ 0, 23, 16 ],
			"faces": {
				"down": { "uv": [ 6, 0, 16, 16 ], "texture": "#metal" },
				"up": { "uv": [ 6, 0, 16, 16 ], "texture": "#metal" },
				"north": { "uv": [ 0, 9, 10, 10 ], "texture": "#metal" },
				"south": { "uv": [ 6, 9, 16, 10 ], "texture": "#metal" },
				"west": { "uv": [ 0, 9, 16, 10 ], "texture": "#metal" },
				"east": { "uv": [ 0, 9, 16, 10 ], "texture": "#metal" }
			}
		},
		{
			"__comment": "Box1",
			"from": [ -9, 23, 0 ],
			"to": [ 0, 24, 16 ],
			"faces": {
				"down": { "uv": [ 7, 0, 16, 16 ], "texture": "#metal" },
				"up": { "uv": [ 7, 0, 16, 16 ], "texture": "#metal" },
				"north": { "uv": [ 0, 8, 9, 9 ], "texture": "#metal" },
				"south": { "uv": [ 7, 8, 16, 9 ], "texture": "#metal" },
				"west": { "uv": [ 0, 8, 16, 9 ], "texture": "#metal" },
				"east": { "uv": [ 0, 8, 16, 9 ], "texture": "#metal" }
			}
		},
		{
			"__comment": "Box1",
			"from": [ -8, 24, 0 ],
			"to": [ 0, 25, 16 ],
			"faces": {
				"down": { "uv": [ 8, 0, 16, 16 ], "texture": "#metal" },
				"up": { "uv": [ 8, 0, 16, 16 ], "texture": "#metal" },
				"north": { "uv": [ 0, 7, 8, 8 ], "texture": "#metal" },
				"south": { "uv": [ 8, 7, 16, 8 ], "texture": "#metal" },
				"west": { "uv": [ 0, 7, 16, 8 ], "texture": "#metal" },
				"east": { "uv": [ 0, 7, 16, 8 ], "texture": "#metal" }
			}
		},
		{
			"__comment": "Box1",
			"from": [ -7, 25, 0 ],
			"to": [ 0, 26, 16 ],
			"faces": {
				"down": { "uv": [ 9, 0, 16, 16 ], "texture": "#metal" },
				"up": { "uv": [ 9, 0, 16, 16 ], "texture": "#metal" },
				"north": { "uv": [ 0, 6, 7, 7 ], "texture": "#metal" },
				"south": { "uv": [ 9, 6, 16, 7 ], "texture": "#metal" },
				"west": { "uv": [ 0, 6, 16, 7 ], "texture": "#metal" },
				"east": { "uv": [ 0, 6, 16, 7 ], "texture": "#metal" }
			}
		},
		{
			"__comment": "Box1",
			"from": [ -6, 26, 0 ],
			"to": [ 0, 27, 16 ],
			"faces": {
				"down": { "uv": [ 10, 0, 16, 16 ], "texture": "#metal" },
				"up": { "uv": [ 10, 0, 16, 16 ], "texture": "#metal" },
				"north": { "uv": [ 0, 5, 6, 6 ], "texture": "#metal" },
				"south": { "uv": [ 10, 5, 16, 6 ], "texture": "#metal" },
				"west": { "uv": [ 0, 5, 16, 6 ], "texture": "#metal" },
				"east": { "uv": [ 0, 5, 16, 6 ], "texture": "#metal" }
			}
		},
		{
			"__comment": "Box1",
			"from": [ -5, 27, 0 ],
			"to": [ 0, 28, 16 ],
			"faces": {
				"down": { "uv": [ 11, 0, 16, 16 ], "texture": "#metal" },
				"up": { "uv": [ 11, 0, 16, 16 ], "texture": "#metal" },
				"north": { "uv": [ 0, 4, 5, 5 ], "texture": "#metal" },
				"south": { "uv": [ 11, 4, 16, 5 ], "texture": "#metal" },
				"west": { "uv": [ 0, 4, 16, 5 ], "texture": "#metal" },
				"east": { "uv": [ 0, 4, 16, 5 ], "texture": "#metal" }
			}
		},
		{
			"__comment": "Box1",
			"from": [ -4, 28, 0 ],
			"to": [ 0, 29, 16 ],
			"faces": {
				"down": { "uv": [ 12, 0, 16, 16 ], "texture": "#metal" },
				"up": { "uv": [ 12, 0, 16, 16 ], "texture": "#metal" },
				"north": { "uv": [ 0, 3, 4, 4 ], "texture": "#metal" },
				"south": { "uv": [ 12, 3, 16, 4 ], "texture": "#metal" },
				"west": { "uv": [ 0, 3, 16, 4 ], "texture": "#metal" },
				"east": { "uv": [ 0, 3, 16, 4 ], "texture": "#metal" }
			}
		},
		{
			"__comment": "Box1",
			"from": [ -1, 31, 0 ],
			"to": [ 0, 32, 16 ],
			"faces": {
				"down": { "uv": [ 15, 0, 16, 16 ], "texture": "#metal" },
				"up": { "uv": [ 15, 0, 16, 16 ], "texture": "#metal" },
				"north": { "uv": [ 0, 0, 1, 1 ], "texture": "#metal" },
				"south": { "uv": [ 15, 0, 16, 1 ], "texture": "#metal" },
				"west": { "uv": [ 0, 0, 16, 1 ], "texture": "#metal" },
				"east": { "uv": [ 0, 0, 16, 1 ], "texture": "#metal" }
			}
		},
		{
			"__comment": "Box1",
			"from": [ -3, 29, 0 ],
			"to": [ 0, 30, 16 ],
			"faces": {
				"down": { "uv": [ 13, 0, 16, 16 ], "texture": "#metal" },
				"up": { "uv": [ 13, 0, 16, 16 ], "texture": "#metal" },
				"north": { "uv": [ 0, 2, 3, 3 ], "texture": "#metal" },
				"south": { "uv": [ 13, 2, 16, 3 ], "texture": "#metal" },
				"west": { "uv": [ 0, 2, 16, 3 ], "texture": "#metal" },
				"east": { "uv": [ 0, 2, 16, 3 ], "texture": "#metal" }
			}
		},
		{
			"__comment": "Box1",
			"from": [ -14, 18, 0 ],
			"to": [ 0, 19, 16 ],
			"faces": {
				"down": { "uv": [ 2, 0, 16, 16 ], "texture": "#metal" },
				"up": { "uv": [ 2, 0, 16, 16 ], "texture": "#metal" },
				"north": { "uv": [ 0, 13, 14, 14 ], "texture": "#metal" },
				"south": { "uv": [ 2, 13, 16, 14 ], "texture": "#metal" },
				"west": { "uv": [ 0, 13, 16, 14 ], "texture": "#metal" },
				"east": { "uv": [ 0, 13, 16, 14 ], "texture": "#metal" }
			}
		},
		{
			"__comment": "Box1",
			"from": [ -13, 19, 0 ],
			"to": [ 0, 20, 16 ],
			"faces": {
				"down": { "uv": [ 3, 0, 16, 16 ], "texture": "#metal" },
				"up": { "uv": [ 3, 0, 16, 16 ], "texture": "#metal" },
				"north": { "uv": [ 0, 12, 13, 13 ], "texture": "#metal" },
				"south": { "uv": [ 3, 12, 16, 13 ], "texture": "#metal" },
				"west": { "uv": [ 0, 12, 16, 13 ], "texture": "#metal" },
				"east": { "uv": [ 0, 12, 16, 13 ], "texture": "#metal" }
			}
		},
		{
			"__comment": "Box1",
			"from": [ -15, 17, 0 ],
			"to": [ 0, 18, 16 ],
			"faces": {
				"down": { "uv": [ 1, 0, 16, 16 ], "texture": "#metal" },
				"up": { "uv": [ 1, 0, 16, 16 ], "texture": "#metal" },
				"north": { "uv": [ 0, 14, 15, 15 ], "texture": "#metal" },
				"south": { "uv": [ 1, 14, 16, 15 ], "texture": "#metal" },
				"west": { "uv": [ 0, 14, 16, 15 ], "texture": "#metal" },
				"east": { "uv": [ 0, 14, 16, 15 ], "texture": "#metal" }
			}
		},
		{
			"__comment": "Box1",
			"from": [ 16, 31, 16 ],
			"to": [ 17, 32, 17 ],
			"faces": {
				"down": { "uv": [ 0, 15, 1, 16 ], "texture": "#metal" },
				"up": { "uv": [ 0, 0, 1, 1 ], "texture": "#metal" },
				"north": { "uv": [ 15, 0, 16, 1 ], "texture": "#metal" },
				"south": { "uv": [ 0, 0, 1, 1 ], "texture": "#metal" },
				"west": { "uv": [ 0, 0, 1, 1 ], "texture": "#metal" },
				"east": { "uv": [ 15, 0, 16, 1 ], "texture": "#metal" }
			}
		},
		{
			"__comment": "Box1",
			"from": [ 16, 17, 16 ],
			"to": [ 31, 18, 31 ],
			"faces": {
				"down": { "uv": [ 0, 1, 15, 16 ], "texture": "#metal" },
				"up": { "uv": [ 0, 0, 15, 15 ], "texture": "#metal" },
				"north": { "uv": [ 1, 14, 16, 15 ], "texture": "#metal" },
				"south": { "uv": [ 0, 14, 15, 15 ], "texture": "#metal" },
				"west": { "uv": [ 0, 14, 15, 15 ], "texture": "#metal" },
				"east": { "uv": [ 1, 14, 16, 15 ], "texture": "#metal" }
			}
		},
		{
			"__comment": "Box1",
			"from": [ 16, 18, 16 ],
			"to": [ 30, 19, 30 ],
			"faces": {
				"down": { "uv": [ 0, 2, 14, 16 ], "texture": "#metal" },
				"up": { "uv": [ 0, 0, 14, 14 ], "texture": "#metal" },
				"north": { "uv": [ 2, 13, 16, 14 ], "texture": "#metal" },
				"south": { "uv": [ 0, 13, 14, 14 ], "texture": "#metal" },
				"west": { "uv": [ 0, 13, 14, 14 ], "texture": "#metal" },
				"east": { "uv": [ 2, 13, 16, 14 ], "texture": "#metal" }
			}
		},
		{
			"__comment": "Box1",
			"from": [ 16, 19, 16 ],
			"to": [ 29, 20, 29 ],
			"faces": {
				"down": { "uv": [ 0, 3, 13, 16 ], "texture": "#metal" },
				"up": { "uv": [ 0, 0, 13, 13 ], "texture": "#metal" },
				"north": { "uv": [ 3, 12, 16, 13 ], "texture": "#metal" },
				"south": { "uv": [ 0, 12, 13, 13 ], "texture": "#metal" },
				"west": { "uv": [ 0, 12, 13, 13 ], "texture": "#metal" },
				"east": { "uv": [ 3, 12, 16, 13 ], "texture": "#metal" }
			}
		},
		{
			"__comment": "Box1",
			"from": [ 16, 20, 16 ],
			"to": [ 28, 21, 28 ],
			"faces": {
				"down": { "uv": [ 0, 4, 12, 16 ], "texture": "#metal" },
				"up": { "uv": [ 0, 0, 12, 12 ], "texture": "#metal" },
				"north": { "uv": [ 4, 11, 16, 12 ], "texture": "#metal" },
				"south": { "uv": [ 0, 11, 12, 12 ], "texture": "#metal" },
				"west": { "uv": [ 0, 11, 12, 12 ], "texture": "#metal" },
				"east": { "uv": [ 4, 11, 16, 12 ], "texture": "#metal" }
			}
		},
		{
			"__comment": "Box1",
			"from": [ 16, 21, 16 ],
			"to": [ 27, 22, 27 ],
			"faces": {
				"down": { "uv": [ 0, 5, 11, 16 ], "texture": "#metal" },
				"up": { "uv": [ 0, 0, 11, 11 ], "texture": "#metal" },
				"north": { "uv": [ 5, 10, 16, 11 ], "texture": "#metal" },
				"south": { "uv": [ 0, 10, 11, 11 ], "texture": "#metal" },
				"west": { "uv": [ 0, 10, 11, 11 ], "texture": "#metal" },
				"east": { "uv": [ 5, 10, 16, 11 ], "texture": "#metal" }
			}
		},
		{
			"__comment": "Box1",
			"from": [ 16, 22, 16 ],
			"to": [ 26, 23, 26 ],
			"faces": {
				"down": { "uv": [ 0, 6, 10, 16 ], "texture": "#metal" },
				"up": { "uv": [ 0, 0, 10, 10 ], "texture": "#metal" },
				"north": { "uv": [ 6, 9, 16, 10 ], "texture": "#metal" },
				"south": { "uv": [ 0, 9, 10, 10 ], "texture": "#metal" },
				"west": { "uv": [ 0, 9, 10, 10 ], "texture": "#metal" },
				"east": { "uv": [ 6, 9, 16, 10 ], "texture": "#metal" }
			}
		},
		{
			"__comment": "Box1",
			"from": [ 16, 23, 16 ],
			"to": [ 25, 24, 25 ],
			"faces": {
				"down": { "uv": [ 0, 7, 9, 16 ], "texture": "#metal" },
				"up": { "uv": [ 0, 0, 9, 9 ], "texture": "#metal" },
				"north": { "uv": [ 7, 8, 16, 9 ], "texture": "#metal" },
				"south": { "uv": [ 0, 8, 9, 9 ], "texture": "#metal" },
				"west": { "uv": [ 0, 8, 9, 9 ], "texture": "#metal" },
				"east": { "uv": [ 7, 8, 16, 9 ], "texture": "#metal" }
			}
		},
		{
			"__comment": "Box1",
			"from": [ 16, 24, 16 ],
			"to": [ 24, 25, 24 ],
			"faces": {
				"down": { "uv": [ 0, 8, 8, 16 ], "texture": "#metal" },
				"up": { "uv": [ 0, 0, 8, 8 ], "texture": "#metal" },
				"north": { "uv": [ 8, 7, 16, 8 ], "texture": "#metal" },
				"south": { "uv": [ 0, 7, 8, 8 ], "texture": "#metal" },
				"west": { "uv": [ 0, 7, 8, 8 ], "texture": "#metal" },
				"east": { "uv": [ 8, 7, 16, 8 ], "texture": "#metal" }
			}
		},
		{
			"__comment": "Box1",
			"from": [ 16, 25, 16 ],
			"to": [ 23, 26, 23 ],
			"faces": {
				"down": { "uv": [ 0, 9, 7, 16 ], "texture": "#metal" },
				"up": { "uv": [ 0, 0, 7, 7 ], "texture": "#metal" },
				"north": { "uv": [ 9, 6, 16, 7 ], "texture": "#metal" },
				"south": { "uv": [ 0, 6, 7, 7 ], "texture": "#metal" },
				"west": { "uv": [ 0, 6, 7, 7 ], "texture": "#metal" },
				"east": { "uv": [ 9, 6, 16, 7 ], "texture": "#metal" }
			}
		},
		{
			"__comment": "Box1",
			"from": [ 16, 26, 16 ],
			"to": [ 22, 27, 22 ],
			"faces": {
				"down": { "uv": [ 0, 10, 6, 16 ], "texture": "#metal" },
				"up": { "uv": [ 0, 0, 6, 6 ], "texture": "#metal" },
				"north": { "uv": [ 10, 5, 16, 6 ], "texture": "#metal" },
				"south": { "uv": [ 0, 5, 6, 6 ], "texture": "#metal" },
				"west": { "uv": [ 0, 5, 6, 6 ], "texture": "#metal" },
				"east": { "uv": [ 10, 5, 16, 6 ], "texture": "#metal" }
			}
		},
		{
			"__comment": "Box1",
			"from": [ 16, 27, 16 ],
			"to": [ 21, 28, 21 ],
			"faces": {
				"down": { "uv": [ 0, 11, 5, 16 ], "texture": "#metal" },
				"up": { "uv": [ 0, 0, 5, 5 ], "texture": "#metal" },
				"north": { "uv": [ 11, 4, 16, 5 ], "texture": "#metal" },
				"south": { "uv": [ 0, 4, 5, 5 ], "texture": "#metal" },
				"west": { "uv": [ 0, 4, 5, 5 ], "texture": "#metal" },
				"east": { "uv": [ 11, 4, 16, 5 ], "texture": "#metal" }
			}
		},
		{
			"__comment": "Box1",
			"from": [ 16, 28, 16 ],
			"to": [ 20, 29, 20 ],
			"faces": {
				"down": { "uv": [ 0, 12, 4, 16 ], "texture": "#metal" },
				"up": { "uv": [ 0, 0, 4, 4 ], "texture": "#metal" },
				"north": { "uv": [ 12, 3, 16, 4 ], "texture": "#metal" },
				"south": { "uv": [ 0, 3, 4, 4 ], "texture": "#metal" },
				"west": { "uv": [ 0, 3, 4, 4 ], "texture": "#metal" },
				"east": { "uv": [ 12, 3, 16, 4 ], "texture": "#metal" }
			}
		},
		{
			"__comment": "Box1",
			"from": [ 16, 29, 16 ],
			"to": [ 19, 30, 19 ],
			"faces": {
				"down": { "uv": [ 0, 13, 3, 16 ], "texture": "#metal" },
				"up": { "uv": [ 0, 0, 3, 3 ], "texture": "#metal" },
				"north": { "uv": [ 13, 2, 16, 3 ], "texture": "#metal" },
				"south": { "uv": [ 0, 2, 3, 3 ], "texture": "#metal" },
				"west": { "uv": [ 0, 2, 3, 3 ], "texture": "#metal" },
				"east": { "uv": [ 13, 2, 16, 3 ], "texture": "#metal" }
			}
		},
		{
			"__comment": "Box1",
			"from": [ 16, 30, 16 ],
			"to": [ 18, 31, 18 ],
			"faces": {
				"down": { "uv": [ 0, 14, 2, 16 ], "texture": "#metal" },
				"up": { "uv": [ 0, 0, 2, 2 ], "texture": "#metal" },
				"north": { "uv": [ 14, 1, 16, 2 ], "texture": "#metal" },
				"south": { "uv": [ 0, 1, 2, 2 ], "texture": "#metal" },
				"west": { "uv": [ 0, 1, 2, 2 ], "texture": "#metal" },
				"east": { "uv": [ 14, 1, 16, 2 ], "texture": "#metal" }
			}
		},
		{
			"__comment": "Box1",
			"from": [ 0, 15, 16 ],
			"to": [ 16, 17, 32 ],
			"faces": {
				"down": { "uv": [ 0, 0, 16, 16 ], "texture": "#metal" },
				"up": { "uv": [ 0, 0, 16, 16 ], "texture": "#metal" },
				"north": { "uv": [ 0, 0, 16, 1 ], "texture": "#metal" },
				"south": { "uv": [ 0, 0, 16, 1 ], "texture": "#metal" },
				"west": { "uv": [ 0, 0, 16, 1 ], "texture": "#metal" },
				"east": { "uv": [ 0, 0, 16, 1 ], "texture": "#metal" }
			}
		},
		{
			"__comment": "Box84",
			"from": [ 30, 14, 16 ],
			"to": [ 31, 15, 31 ],
			"faces": {
				"down": { "uv": [ 14, 1, 15, 16 ], "texture": "#metal2" },
				"up": { "uv": [ 14, 0, 15, 15 ], "texture": "#metal2" },
				"north": { "uv": [ 1, 1, 2, 2 ], "texture": "#metal2" },
				"south": { "uv": [ 14, 1, 15, 2 ], "texture": "#metal2" },
				"west": { "uv": [ 0, 1, 15, 2 ], "texture": "#metal2" },
				"east": { "uv": [ 1, 1, 16, 2 ], "texture": "#metal2" }
			}
		},
		{
			"__comment": "Box84",
			"from": [ 30, 14, 1 ],
			"to": [ 31, 15, 16 ],
			"faces": {
				"down": { "uv": [ 14, 0, 15, 15 ], "texture": "#metal2" },
				"up": { "uv": [ 14, 1, 15, 16 ], "texture": "#metal2" },
				"north": { "uv": [ 1, 1, 2, 2 ], "texture": "#metal2" },
				"south": { "uv": [ 14, 1, 15, 2 ], "texture": "#metal2" },
				"west": { "uv": [ 1, 1, 16, 2 ], "texture": "#metal2" },
				"east": { "uv": [ 0, 1, 15, 2 ], "texture": "#metal2" }
			}
		},
		{
			"__comment": "Box84",
			"from": [ 18, 14, 30 ],
			"to": [ 30, 15, 31 ],
			"faces": {
				"down": { "uv": [ 2, 1, 14, 2 ], "texture": "#metal2" },
				"up": { "uv": [ 2, 14, 14, 15 ], "texture": "#metal2" },
				"north": { "uv": [ 2, 1, 14, 2 ], "texture": "#metal2" },
				"south": { "uv": [ 2, 1, 14, 2 ], "texture": "#metal2" },
				"west": { "uv": [ 14, 1, 15, 2 ], "texture": "#metal2" },
				"east": { "uv": [ 1, 1, 2, 2 ], "texture": "#metal2" }
			}
		},
		{
			"__comment": "Box84",
			"from": [ 18, 14.5, 2 ],
			"to": [ 30, 15, 16 ],
			"faces": {
				"down": { "uv": [ 2, 0, 14, 14 ], "texture": "#black" },
				"up": { "uv": [ 2, 2, 14, 16 ], "texture": "#black" },
				"north": { "uv": [ 2, 1, 14, 1.5 ], "texture": "#black" },
				"south": { "uv": [ 2, 1, 14, 1.5 ], "texture": "#black" },
				"west": { "uv": [ 2, 1, 16, 1.5 ], "texture": "#black" },
				"east": { "uv": [ 0, 1, 14, 1.5 ], "texture": "#black" }
			}
		},
		{
			"__comment": "Box84",
			"from": [ 23, 14, 16 ],
			"to": [ 25, 15, 30 ],
			"faces": {
				"down": { "uv": [ 7, 2, 9, 16 ], "texture": "#metal2" },
				"up": { "uv": [ 7, 0, 9, 14 ], "texture": "#metal2" },
				"north": { "uv": [ 7, 1, 9, 2 ], "texture": "#metal2" },
				"south": { "uv": [ 7, 1, 9, 2 ], "texture": "#metal2" },
				"west": { "uv": [ 0, 1, 14, 2 ], "texture": "#metal2" },
				"east": { "uv": [ 2, 1, 16, 2 ], "texture": "#metal2" }
			}
		},
		{
			"__comment": "Box84",
			"from": [ 18, 14, 1 ],
			"to": [ 30, 15, 2 ],
			"faces": {
				"down": { "uv": [ 2, 14, 14, 15 ], "texture": "#metal2" },
				"up": { "uv": [ 2, 1, 14, 2 ], "texture": "#metal2" },
				"north": { "uv": [ 2, 1, 14, 2 ], "texture": "#metal2" },
				"south": { "uv": [ 2, 1, 14, 2 ], "texture": "#metal2" },
				"west": { "uv": [ 1, 1, 2, 2 ], "texture": "#metal2" },
				"east": { "uv": [ 14, 1, 15, 2 ], "texture": "#metal2" }
			}
		},
		{
			"__comment": "Box84",
			"from": [ 17, 14, 1 ],
			"to": [ 18, 15, 16 ],
			"faces": {
				"down": { "uv": [ 1, 0, 2, 15 ], "texture": "#metal2" },
				"up": { "uv": [ 1, 1, 2, 16 ], "texture": "#metal2" },
				"north": { "uv": [ 14, 1, 15, 2 ], "texture": "#metal2" },
				"south": { "uv": [ 1, 1, 2, 2 ], "texture": "#metal2" },
				"west": { "uv": [ 1, 1, 16, 2 ], "texture": "#metal2" },
				"east": { "uv": [ 0, 1, 15, 2 ], "texture": "#metal2" }
			}
		},
		{
			"__comment": "Box84",
			"from": [ 19, 14, 2 ],
			"to": [ 20, 15, 16 ],
			"faces": {
				"down": { "uv": [ 3, 0, 4, 14 ], "texture": "#metal2" },
				"up": { "uv": [ 3, 2, 4, 16 ], "texture": "#metal2" },
				"north": { "uv": [ 12, 1, 13, 2 ], "texture": "#metal2" },
				"south": { "uv": [ 3, 1, 4, 2 ], "texture": "#metal2" },
				"west": { "uv": [ 2, 1, 16, 2 ], "texture": "#metal2" },
				"east": { "uv": [ 0, 1, 14, 2 ], "texture": "#metal2" }
			}
		},
		{
			"__comment": "Box84",
			"from": [ 28, 14, 16 ],
			"to": [ 29, 15, 30 ],
			"faces": {
				"down": { "uv": [ 12, 2, 13, 16 ], "texture": "#metal2" },
				"up": { "uv": [ 12, 0, 13, 14 ], "texture": "#metal2" },
				"north": { "uv": [ 3, 1, 4, 2 ], "texture": "#metal2" },
				"south": { "uv": [ 12, 1, 13, 2 ], "texture": "#metal2" },
				"west": { "uv": [ 0, 1, 14, 2 ], "texture": "#metal2" },
				"east": { "uv": [ 2, 1, 16, 2 ], "texture": "#metal2" }
			}
		},
		{
			"__comment": "Box84",
			"from": [ 28, 14, 2 ],
			"to": [ 29, 15, 16 ],
			"faces": {
				"down": { "uv": [ 12, 0, 13, 14 ], "texture": "#metal2" },
				"up": { "uv": [ 12, 2, 13, 16 ], "texture": "#metal2" },
				"north": { "uv": [ 3, 1, 4, 2 ], "texture": "#metal2" },
				"south": { "uv": [ 12, 1, 13, 2 ], "texture": "#metal2" },
				"west": { "uv": [ 2, 1, 16, 2 ], "texture": "#metal2" },
				"east": { "uv": [ 0, 1, 14, 2 ], "texture": "#metal2" }
			}
		},
		{
			"__comment": "Box84",
			"from": [ 26, 14, 2 ],
			"to": [ 27, 15, 16 ],
			"faces": {
				"down": { "uv": [ 10, 0, 11, 14 ], "texture": "#metal2" },
				"up": { "uv": [ 10, 2, 11, 16 ], "texture": "#metal2" },
				"north": { "uv": [ 5, 1, 6, 2 ], "texture": "#metal2" },
				"south": { "uv": [ 10, 1, 11, 2 ], "texture": "#metal2" },
				"west": { "uv": [ 2, 1, 16, 2 ], "texture": "#metal2" },
				"east": { "uv": [ 0, 1, 14, 2 ], "texture": "#metal2" }
			}
		},
		{
			"__comment": "Box84",
			"from": [ 23, 14, 2 ],
			"to": [ 25, 15, 16 ],
			"faces": {
				"down": { "uv": [ 7, 0, 9, 14 ], "texture": "#metal2" },
				"up": { "uv": [ 7, 2, 9, 16 ], "texture": "#metal2" },
				"north": { "uv": [ 7, 1, 9, 2 ], "texture": "#metal2" },
				"south": { "uv": [ 7, 1, 9, 2 ], "texture": "#metal2" },
				"west": { "uv": [ 2, 1, 16, 2 ], "texture": "#metal2" },
				"east": { "uv": [ 0, 1, 14, 2 ], "texture": "#metal2" }
			}
		},
		{
			"__comment": "Box84",
			"from": [ 21, 14, 2 ],
			"to": [ 22, 15, 16 ],
			"faces": {
				"down": { "uv": [ 5, 0, 6, 14 ], "texture": "#metal2" },
				"up": { "uv": [ 5, 2, 6, 16 ], "texture": "#metal2" },
				"north": { "uv": [ 10, 1, 11, 2 ], "texture": "#metal2" },
				"south": { "uv": [ 5, 1, 6, 2 ], "texture": "#metal2" },
				"west": { "uv": [ 2, 1, 16, 2 ], "texture": "#metal2" },
				"east": { "uv": [ 0, 1, 14, 2 ], "texture": "#metal2" }
			}
		},
		{
			"__comment": "Box84",
			"from": [ 21, 14, 16 ],
			"to": [ 22, 15, 30 ],
			"faces": {
				"down": { "uv": [ 5, 2, 6, 16 ], "texture": "#metal2" },
				"up": { "uv": [ 5, 0, 6, 14 ], "texture": "#metal2" },
				"north": { "uv": [ 10, 1, 11, 2 ], "texture": "#metal2" },
				"south": { "uv": [ 5, 1, 6, 2 ], "texture": "#metal2" },
				"west": { "uv": [ 0, 1, 14, 2 ], "texture": "#metal2" },
				"east": { "uv": [ 2, 1, 16, 2 ], "texture": "#metal2" }
			}
		},
		{
			"__comment": "Box84",
			"from": [ 19, 14, 16 ],
			"to": [ 20, 15, 30 ],
			"faces": {
				"down": { "uv": [ 3, 2, 4, 16 ], "texture": "#metal2" },
				"up": { "uv": [ 3, 0, 4, 14 ], "texture": "#metal2" },
				"north": { "uv": [ 12, 1, 13, 2 ], "texture": "#metal2" },
				"south": { "uv": [ 3, 1, 4, 2 ], "texture": "#metal2" },
				"west": { "uv": [ 0, 1, 14, 2 ], "texture": "#metal2" },
				"east": { "uv": [ 2, 1, 16, 2 ], "texture": "#metal2" }
			}
		},
		{
			"__comment": "Box84",
			"from": [ 26, 14, 16 ],
			"to": [ 27, 15, 30 ],
			"faces": {
				"down": { "uv": [ 10, 2, 11, 16 ], "texture": "#metal2" },
				"up": { "uv": [ 10, 0, 11, 14 ], "texture": "#metal2" },
				"north": { "uv": [ 5, 1, 6, 2 ], "texture": "#metal2" },
				"south": { "uv": [ 10, 1, 11, 2 ], "texture": "#metal2" },
				"west": { "uv": [ 0, 1, 14, 2 ], "texture": "#metal2" },
				"east": { "uv": [ 2, 1, 16, 2 ], "texture": "#metal2" }
			}
		},
		{
			"__comment": "Box84",
			"from": [ 17, 14, 16 ],
			"to": [ 18, 15, 31 ],
			"faces": {
				"down": { "uv": [ 1, 1, 2, 16 ], "texture": "#metal2" },
				"up": { "uv": [ 1, 0, 2, 15 ], "texture": "#metal2" },
				"north": { "uv": [ 14, 1, 15, 2 ], "texture": "#metal2" },
				"south": { "uv": [ 1, 1, 2, 2 ], "texture": "#metal2" },
				"west": { "uv": [ 0, 1, 15, 2 ], "texture": "#metal2" },
				"east": { "uv": [ 1, 1, 16, 2 ], "texture": "#metal2" }
			}
		},
		{
			"__comment": "Box84",
			"from": [ 18, 14.5, 16 ],
			"to": [ 30, 15, 30 ],
			"faces": {
				"down": { "uv": [ 2, 2, 14, 16 ], "texture": "#black" },
				"up": { "uv": [ 2, 0, 14, 14 ], "texture": "#black" },
				"north": { "uv": [ 2, 1, 14, 1.5 ], "texture": "#black" },
				"south": { "uv": [ 2, 1, 14, 1.5 ], "texture": "#black" },
				"west": { "uv": [ 0, 1, 14, 1.5 ], "texture": "#black" },
				"east": { "uv": [ 2, 1, 16, 1.5 ], "texture": "#black" }
			}
		},
		{
			"__comment": "Box84",
			"from": [ 2, 14.5, 16 ],
			"to": [ 14, 15, 30 ],
			"faces": {
				"down": { "uv": [ 2, 2, 14, 16 ], "texture": "#black" },
				"up": { "uv": [ 2, 0, 14, 14 ], "texture": "#black" },
				"north": { "uv": [ 2, 1, 14, 1.5 ], "texture": "#black" },
				"south": { "uv": [ 2, 1, 14, 1.5 ], "texture": "#black" },
				"west": { "uv": [ 0, 1, 14, 1.5 ], "texture": "#black" },
				"east": { "uv": [ 2, 1, 16, 1.5 ], "texture": "#black" }
			}
		},
		{
			"__comment": "Box84",
			"from": [ 3, 14, 2 ],
			"to": [ 4, 15, 16 ],
			"faces": {
				"down": { "uv": [ 3, 0, 4, 14 ], "texture": "#metal2" },
				"up": { "uv": [ 3, 2, 4, 16 ], "texture": "#metal2" },
				"north": { "uv": [ 12, 1, 13, 2 ], "texture": "#metal2" },
				"south": { "uv": [ 3, 1, 4, 2 ], "texture": "#metal2" },
				"west": { "uv": [ 2, 1, 16, 2 ], "texture": "#metal2" },
				"east": { "uv": [ 0, 1, 14, 2 ], "texture": "#metal2" }
			}
		},
		{
			"__comment": "Box84",
			"from": [ 12, 14, 16 ],
			"to": [ 13, 15, 30 ],
			"faces": {
				"down": { "uv": [ 12, 2, 13, 16 ], "texture": "#metal2" },
				"up": { "uv": [ 12, 0, 13, 14 ], "texture": "#metal2" },
				"north": { "uv": [ 3, 1, 4, 2 ], "texture": "#metal2" },
				"south": { "uv": [ 12, 1, 13, 2 ], "texture": "#metal2" },
				"west": { "uv": [ 0, 1, 14, 2 ], "texture": "#metal2" },
				"east": { "uv": [ 2, 1, 16, 2 ], "texture": "#metal2" }
			}
		},
		{
			"__comment": "Box84",
			"from": [ 12, 14, 2 ],
			"to": [ 13, 15, 16 ],
			"faces": {
				"down": { "uv": [ 12, 0, 13, 14 ], "texture": "#metal2" },
				"up": { "uv": [ 12, 2, 13, 16 ], "texture": "#metal2" },
				"north": { "uv": [ 3, 1, 4, 2 ], "texture": "#metal2" },
				"south": { "uv": [ 12, 1, 13, 2 ], "texture": "#metal2" },
				"west": { "uv": [ 2, 1, 16, 2 ], "texture": "#metal2" },
				"east": { "uv": [ 0, 1, 14, 2 ], "texture": "#metal2" }
			}
		},
		{
			"__comment": "Box84",
			"from": [ 10, 14, 2 ],
			"to": [ 11, 15, 16 ],
			"faces": {
				"down": { "uv": [ 10, 0, 11, 14 ], "texture": "#metal2" },
				"up": { "uv": [ 10, 2, 11, 16 ], "texture": "#metal2" },
				"north": { "uv": [ 5, 1, 6, 2 ], "texture": "#metal2" },
				"south": { "uv": [ 10, 1, 11, 2 ], "texture": "#metal2" },
				"west": { "uv": [ 2, 1, 16, 2 ], "texture": "#metal2" },
				"east": { "uv": [ 0, 1, 14, 2 ], "texture": "#metal2" }
			}
		},
		{
			"__comment": "Box84",
			"from": [ 7, 14, 2 ],
			"to": [ 9, 15, 16 ],
			"faces": {
				"down": { "uv": [ 7, 0, 9, 14 ], "texture": "#metal2" },
				"up": { "uv": [ 7, 2, 9, 16 ], "texture": "#metal2" },
				"north": { "uv": [ 7, 1, 9, 2 ], "texture": "#metal2" },
				"south": { "uv": [ 7, 1, 9, 2 ], "texture": "#metal2" },
				"west": { "uv": [ 2, 1, 16, 2 ], "texture": "#metal2" },
				"east": { "uv": [ 0, 1, 14, 2 ], "texture": "#metal2" }
			}
		},
		{
			"__comment": "Box84",
			"from": [ 5, 14, 2 ],
			"to": [ 6, 15, 16 ],
			"faces": {
				"down": { "uv": [ 5, 0, 6, 14 ], "texture": "#metal2" },
				"up": { "uv": [ 5, 2, 6, 16 ], "texture": "#metal2" },
				"north": { "uv": [ 10, 1, 11, 2 ], "texture": "#metal2" },
				"south": { "uv": [ 5, 1, 6, 2 ], "texture": "#metal2" },
				"west": { "uv": [ 2, 1, 16, 2 ], "texture": "#metal2" },
				"east": { "uv": [ 0, 1, 14, 2 ], "texture": "#metal2" }
			}
		},
		{
			"__comment": "Box84",
			"from": [ 5, 14, 16 ],
			"to": [ 6, 15, 30 ],
			"faces": {
				"down": { "uv": [ 5, 2, 6, 16 ], "texture": "#metal2" },
				"up": { "uv": [ 5, 0, 6, 14 ], "texture": "#metal2" },
				"north": { "uv": [ 10, 1, 11, 2 ], "texture": "#metal2" },
				"south": { "uv": [ 5, 1, 6, 2 ], "texture": "#metal2" },
				"west": { "uv": [ 0, 1, 14, 2 ], "texture": "#metal2" },
				"east": { "uv": [ 2, 1, 16, 2 ], "texture": "#metal2" }
			}
		},
		{
			"__comment": "Box84",
			"from": [ 3, 14, 16 ],
			"to": [ 4, 15, 30 ],
			"faces": {
				"down": { "uv": [ 3, 2, 4, 16 ], "texture": "#metal2" },
				"up": { "uv": [ 3, 0, 4, 14 ], "texture": "#metal2" },
				"north": { "uv": [ 12, 1, 13, 2 ], "texture": "#metal2" },
				"south": { "uv": [ 3, 1, 4, 2 ], "texture": "#metal2" },
				"west": { "uv": [ 0, 1, 14, 2 ], "texture": "#metal2" },
				"east": { "uv": [ 2, 1, 16, 2 ], "texture": "#metal2" }
			}
		},
		{
			"__comment": "Box84",
			"from": [ 10, 14, 16 ],
			"to": [ 11, 15, 30 ],
			"faces": {
				"down": { "uv": [ 10, 2, 11, 16 ], "texture": "#metal2" },
				"up": { "uv": [ 10, 0, 11, 14 ], "texture": "#metal2" },
				"north": { "uv": [ 5, 1, 6, 2 ], "texture": "#metal2" },
				"south": { "uv": [ 10, 1, 11, 2 ], "texture": "#metal2" },
				"west": { "uv": [ 0, 1, 14, 2 ], "texture": "#metal2" },
				"east": { "uv": [ 2, 1, 16, 2 ], "texture": "#metal2" }
			}
		},
		{
			"__comment": "Box84",
			"from": [ 1, 14, 16 ],
			"to": [ 2, 15, 31 ],
			"faces": {
				"down": { "uv": [ 1, 1, 2, 16 ], "texture": "#metal2" },
				"up": { "uv": [ 1, 0, 2, 15 ], "texture": "#metal2" },
				"north": { "uv": [ 14, 1, 15, 2 ], "texture": "#metal2" },
				"south": { "uv": [ 1, 1, 2, 2 ], "texture": "#metal2" },
				"west": { "uv": [ 0, 1, 15, 2 ], "texture": "#metal2" },
				"east": { "uv": [ 1, 1, 16, 2 ], "texture": "#metal2" }
			}
		},
		{
			"__comment": "Box84",
			"from": [ 2, 14, 1 ],
			"to": [ 14, 15, 2 ],
			"faces": {
				"down": { "uv": [ 2, 14, 14, 15 ], "texture": "#metal2" },
				"up": { "uv": [ 2, 1, 14, 2 ], "texture": "#metal2" },
				"north": { "uv": [ 2, 1, 14, 2 ], "texture": "#metal2" },
				"south": { "uv": [ 2, 1, 14, 2 ], "texture": "#metal2" },
				"west": { "uv": [ 1, 1, 2, 2 ], "texture": "#metal2" },
				"east": { "uv": [ 14, 1, 15, 2 ], "texture": "#metal2" }
			}
		},
		{
			"__comment": "Box84",
			"from": [ 1, 14, 1 ],
			"to": [ 2, 15, 16 ],
			"faces": {
				"down": { "uv": [ 1, 0, 2, 15 ], "texture": "#metal2" },
				"up": { "uv": [ 1, 1, 2, 16 ], "texture": "#metal2" },
				"north": { "uv": [ 14, 1, 15, 2 ], "texture": "#metal2" },
				"south": { "uv": [ 1, 1, 2, 2 ], "texture": "#metal2" },
				"west": { "uv": [ 1, 1, 16, 2 ], "texture": "#metal2" },
				"east": { "uv": [ 0, 1, 15, 2 ], "texture": "#metal2" }
			}
		},
		{
			"__comment": "Box84",
			"from": [ 7, 14, 16 ],
			"to": [ 9, 15, 30 ],
			"faces": {
				"down": { "uv": [ 7, 2, 9, 16 ], "texture": "#metal2" },
				"up": { "uv": [ 7, 0, 9, 14 ], "texture": "#metal2" },
				"north": { "uv": [ 7, 1, 9, 2 ], "texture": "#metal2" },
				"south": { "uv": [ 7, 1, 9, 2 ], "texture": "#metal2" },
				"west": { "uv": [ 0, 1, 14, 2 ], "texture": "#metal2" },
				"east": { "uv": [ 2, 1, 16, 2 ], "texture": "#metal2" }
			}
		},
		{
			"__comment": "Box84",
			"from": [ 14, 14, 1 ],
			"to": [ 15, 15, 16 ],
			"faces": {
				"down": { "uv": [ 14, 0, 15, 15 ], "texture": "#metal2" },
				"up": { "uv": [ 14, 1, 15, 16 ], "texture": "#metal2" },
				"north": { "uv": [ 1, 1, 2, 2 ], "texture": "#metal2" },
				"south": { "uv": [ 14, 1, 15, 2 ], "texture": "#metal2" },
				"west": { "uv": [ 1, 1, 16, 2 ], "texture": "#metal2" },
				"east": { "uv": [ 0, 1, 15, 2 ], "texture": "#metal2" }
			}
		},
		{
			"__comment": "Box84",
			"from": [ 2, 14, 30 ],
			"to": [ 14, 15, 31 ],
			"faces": {
				"down": { "uv": [ 2, 1, 14, 2 ], "texture": "#metal2" },
				"up": { "uv": [ 2, 14, 14, 15 ], "texture": "#metal2" },
				"north": { "uv": [ 2, 1, 14, 2 ], "texture": "#metal2" },
				"south": { "uv": [ 2, 1, 14, 2 ], "texture": "#metal2" },
				"west": { "uv": [ 14, 1, 15, 2 ], "texture": "#metal2" },
				"east": { "uv": [ 1, 1, 2, 2 ], "texture": "#metal2" }
			}
		},
		{
			"__comment": "Box84",
			"from": [ 2, 14.5, 2 ],
			"to": [ 14, 15, 16 ],
			"faces": {
				"down": { "uv": [ 2, 0, 14, 14 ], "texture": "#black" },
				"up": { "uv": [ 2, 2, 14, 16 ], "texture": "#black" },
				"north": { "uv": [ 2, 1, 14, 1.5 ], "texture": "#black" },
				"south": { "uv": [ 2, 1, 14, 1.5 ], "texture": "#black" },
				"west": { "uv": [ 2, 1, 16, 1.5 ], "texture": "#black" },
				"east": { "uv": [ 0, 1, 14, 1.5 ], "texture": "#black" }
			}
		},
		{
			"__comment": "Box84",
			"from": [ 14, 14, 16 ],
			"to": [ 15, 15, 31 ],
			"faces": {
				"down": { "uv": [ 14, 1, 15, 16 ], "texture": "#metal2" },
				"up": { "uv": [ 14, 0, 15, 15 ], "texture": "#metal2" },
				"north": { "uv": [ 1, 1, 2, 2 ], "texture": "#metal2" },
				"south": { "uv": [ 14, 1, 15, 2 ], "texture": "#metal2" },
				"west": { "uv": [ 0, 1, 15, 2 ], "texture": "#metal2" },
				"east": { "uv": [ 1, 1, 16, 2 ], "texture": "#metal2" }
			}
		},
		{
			"__comment": "Box84",
			"from": [ -14, 14.5, 16 ],
			"to": [ -2, 15, 30 ],
			"faces": {
				"down": { "uv": [ 2, 2, 14, 16 ], "texture": "#black" },
				"up": { "uv": [ 2, 0, 14, 14 ], "texture": "#black" },
				"north": { "uv": [ 2, 1, 14, 1.5 ], "texture": "#black" },
				"south": { "uv": [ 2, 1, 14, 1.5 ], "texture": "#black" },
				"west": { "uv": [ 0, 1, 14, 1.5 ], "texture": "#black" },
				"east": { "uv": [ 2, 1, 16, 1.5 ], "texture": "#black" }
			}
		},
		{
			"__comment": "Box84",
			"from": [ -13, 14, 2 ],
			"to": [ -12, 15, 16 ],
			"faces": {
				"down": { "uv": [ 3, 0, 4, 14 ], "texture": "#metal2" },
				"up": { "uv": [ 3, 2, 4, 16 ], "texture": "#metal2" },
				"north": { "uv": [ 12, 1, 13, 2 ], "texture": "#metal2" },
				"south": { "uv": [ 3, 1, 4, 2 ], "texture": "#metal2" },
				"west": { "uv": [ 2, 1, 16, 2 ], "texture": "#metal2" },
				"east": { "uv": [ 0, 1, 14, 2 ], "texture": "#metal2" }
			}
		},
		{
			"__comment": "Box84",
			"from": [ -4, 14, 16 ],
			"to": [ -3, 15, 30 ],
			"faces": {
				"down": { "uv": [ 12, 2, 13, 16 ], "texture": "#metal2" },
				"up": { "uv": [ 12, 0, 13, 14 ], "texture": "#metal2" },
				"north": { "uv": [ 3, 1, 4, 2 ], "texture": "#metal2" },
				"south": { "uv": [ 12, 1, 13, 2 ], "texture": "#metal2" },
				"west": { "uv": [ 0, 1, 14, 2 ], "texture": "#metal2" },
				"east": { "uv": [ 2, 1, 16, 2 ], "texture": "#metal2" }
			}
		},
		{
			"__comment": "Box84",
			"from": [ -4, 14, 2 ],
			"to": [ -3, 15, 16 ],
			"faces": {
				"down": { "uv": [ 12, 0, 13, 14 ], "texture": "#metal2" },
				"up": { "uv": [ 12, 2, 13, 16 ], "texture": "#metal2" },
				"north": { "uv": [ 3, 1, 4, 2 ], "texture": "#metal2" },
				"south": { "uv": [ 12, 1, 13, 2 ], "texture": "#metal2" },
				"west": { "uv": [ 2, 1, 16, 2 ], "texture": "#metal2" },
				"east": { "uv": [ 0, 1, 14, 2 ], "texture": "#metal2" }
			}
		},
		{
			"__comment": "Box84",
			"from": [ -6, 14, 2 ],
			"to": [ -5, 15, 16 ],
			"faces": {
				"down": { "uv": [ 10, 0, 11, 14 ], "texture": "#metal2" },
				"up": { "uv": [ 10, 2, 11, 16 ], "texture": "#metal2" },
				"north": { "uv": [ 5, 1, 6, 2 ], "texture": "#metal2" },
				"south": { "uv": [ 10, 1, 11, 2 ], "texture": "#metal2" },
				"west": { "uv": [ 2, 1, 16, 2 ], "texture": "#metal2" },
				"east": { "uv": [ 0, 1, 14, 2 ], "texture": "#metal2" }
			}
		},
		{
			"__comment": "Box84",
			"from": [ -9, 14, 2 ],
			"to": [ -7, 15, 16 ],
			"faces": {
				"down": { "uv": [ 7, 0, 9, 14 ], "texture": "#metal2" },
				"up": { "uv": [ 7, 2, 9, 16 ], "texture": "#metal2" },
				"north": { "uv": [ 7, 1, 9, 2 ], "texture": "#metal2" },
				"south": { "uv": [ 7, 1, 9, 2 ], "texture": "#metal2" },
				"west": { "uv": [ 2, 1, 16, 2 ], "texture": "#metal2" },
				"east": { "uv": [ 0, 1, 14, 2 ], "texture": "#metal2" }
			}
		},
		{
			"__comment": "Box84",
			"from": [ -11, 14, 2 ],
			"to": [ -10, 15, 16 ],
			"faces": {
				"down": { "uv": [ 5, 0, 6, 14 ], "texture": "#metal2" },
				"up": { "uv": [ 5, 2, 6, 16 ], "texture": "#metal2" },
				"north": { "uv": [ 10, 1, 11, 2 ], "texture": "#metal2" },
				"south": { "uv": [ 5, 1, 6, 2 ], "texture": "#metal2" },
				"west": { "uv": [ 2, 1, 16, 2 ], "texture": "#metal2" },
				"east": { "uv": [ 0, 1, 14, 2 ], "texture": "#metal2" }
			}
		},
		{
			"__comment": "Box84",
			"from": [ -11, 14, 16 ],
			"to": [ -10, 15, 30 ],
			"faces": {
				"down": { "uv": [ 5, 2, 6, 16 ], "texture": "#metal2" },
				"up": { "uv": [ 5, 0, 6, 14 ], "texture": "#metal2" },
				"north": { "uv": [ 10, 1, 11, 2 ], "texture": "#metal2" },
				"south": { "uv": [ 5, 1, 6, 2 ], "texture": "#metal2" },
				"west": { "uv": [ 0, 1, 14, 2 ], "texture": "#metal2" },
				"east": { "uv": [ 2, 1, 16, 2 ], "texture": "#metal2" }
			}
		},
		{
			"__comment": "Box84",
			"from": [ -13, 14, 16 ],
			"to": [ -12, 15, 30 ],
			"faces": {
				"down": { "uv": [ 3, 2, 4, 16 ], "texture": "#metal2" },
				"up": { "uv": [ 3, 0, 4, 14 ], "texture": "#metal2" },
				"north": { "uv": [ 12, 1, 13, 2 ], "texture": "#metal2" },
				"south": { "uv": [ 3, 1, 4, 2 ], "texture": "#metal2" },
				"west": { "uv": [ 0, 1, 14, 2 ], "texture": "#metal2" },
				"east": { "uv": [ 2, 1, 16, 2 ], "texture": "#metal2" }
			}
		},
		{
			"__comment": "Box84",
			"from": [ -6, 14, 16 ],
			"to": [ -5, 15, 30 ],
			"faces": {
				"down": { "uv": [ 10, 2, 11, 16 ], "texture": "#metal2" },
				"up": { "uv": [ 10, 0, 11, 14 ], "texture": "#metal2" },
				"north": { "uv": [ 5, 1, 6, 2 ], "texture": "#metal2" },
				"south": { "uv": [ 10, 1, 11, 2 ], "texture": "#metal2" },
				"west": { "uv": [ 0, 1, 14, 2 ], "texture": "#metal2" },
				"east": { "uv": [ 2, 1, 16, 2 ], "texture": "#metal2" }
			}
		},
		{
			"__comment": "Box84",
			"from": [ -15, 14, 16 ],
			"to": [ -14, 15, 31 ],
			"faces": {
				"down": { "uv": [ 1, 1, 2, 16 ], "texture": "#metal2" },
				"up": { "uv": [ 1, 0, 2, 15 ], "texture": "#metal2" },
				"north": { "uv": [ 14, 1, 15, 2 ], "texture": "#metal2" },
				"south": { "uv": [ 1, 1, 2, 2 ], "texture": "#metal2" },
				"west": { "uv": [ 0, 1, 15, 2 ], "texture": "#metal2" },
				"east": { "uv": [ 1, 1, 16, 2 ], "texture": "#metal2" }
			}
		},
		{
			"__comment": "Box84",
			"from": [ -14, 14, 1 ],
			"to": [ -2, 15, 2 ],
			"faces": {
				"down": { "uv": [ 2, 14, 14, 15 ], "texture": "#metal2" },
				"up": { "uv": [ 2, 1, 14, 2 ], "texture": "#metal2" },
				"north": { "uv": [ 2, 1, 14, 2 ], "texture": "#metal2" },
				"south": { "uv": [ 2, 1, 14, 2 ], "texture": "#metal2" },
				"west": { "uv": [ 1, 1, 2, 2 ], "texture": "#metal2" },
				"east": { "uv": [ 14, 1, 15, 2 ], "texture": "#metal2" }
			}
		},
		{
			"__comment": "Box84",
			"from": [ -15, 14, 1 ],
			"to": [ -14, 15, 16 ],
			"faces": {
				"down": { "uv": [ 1, 0, 2, 15 ], "texture": "#metal2" },
				"up": { "uv": [ 1, 1, 2, 16 ], "texture": "#metal2" },
				"north": { "uv": [ 14, 1, 15, 2 ], "texture": "#metal2" },
				"south": { "uv": [ 1, 1, 2, 2 ], "texture": "#metal2" },
				"west": { "uv": [ 1, 1, 16, 2 ], "texture": "#metal2" },
				"east": { "uv": [ 0, 1, 15, 2 ], "texture": "#metal2" }
			}
		},
		{
			"__comment": "Box84",
			"from": [ -9, 14, 16 ],
			"to": [ -7, 15, 30 ],
			"faces": {
				"down": { "uv": [ 7, 2, 9, 16 ], "texture": "#metal2" },
				"up": { "uv": [ 7, 0, 9, 14 ], "texture": "#metal2" },
				"north": { "uv": [ 7, 1, 9, 2 ], "texture": "#metal2" },
				"south": { "uv": [ 7, 1, 9, 2 ], "texture": "#metal2" },
				"west": { "uv": [ 0, 1, 14, 2 ], "texture": "#metal2" },
				"east": { "uv": [ 2, 1, 16, 2 ], "texture": "#metal2" }
			}
		},
		{
			"__comment": "Box84",
			"from": [ -2, 14, 1 ],
			"to": [ -1, 15, 16 ],
			"faces": {
				"down": { "uv": [ 14, 0, 15, 15 ], "texture": "#metal2" },
				"up": { "uv": [ 14, 1, 15, 16 ], "texture": "#metal2" },
				"north": { "uv": [ 1, 1, 2, 2 ], "texture": "#metal2" },
				"south": { "uv": [ 14, 1, 15, 2 ], "texture": "#metal2" },
				"west": { "uv": [ 1, 1, 16, 2 ], "texture": "#metal2" },
				"east": { "uv": [ 0, 1, 15, 2 ], "texture": "#metal2" }
			}
		},
		{
			"__comment": "Box84",
			"from": [ -14, 14, 30 ],
			"to": [ -2, 15, 31 ],
			"faces": {
				"down": { "uv": [ 2, 1, 14, 2 ], "texture": "#metal2" },
				"up": { "uv": [ 2, 14, 14, 15 ], "texture": "#metal2" },
				"north": { "uv": [ 2, 1, 14, 2 ], "texture": "#metal2" },
				"south": { "uv": [ 2, 1, 14, 2 ], "texture": "#metal2" },
				"west": { "uv": [ 14, 1, 15, 2 ], "texture": "#metal2" },
				"east": { "uv": [ 1, 1, 2, 2 ], "texture": "#metal2" }
			}
		},
		{
			"__comment": "Box84",
			"from": [ -14, 14.5, 2 ],
			"to": [ -2, 15, 16 ],
			"faces": {
				"down": { "uv": [ 2, 0, 14, 14 ], "texture": "#black" },
				"up": { "uv": [ 2, 2, 14, 16 ], "texture": "#black" },
				"north": { "uv": [ 2, 1, 14, 1.5 ], "texture": "#black" },
				"south": { "uv": [ 2, 1, 14, 1.5 ], "texture": "#black" },
				"west": { "uv": [ 2, 1, 16, 1.5 ], "texture": "#black" },
				"east": { "uv": [ 0, 1, 14, 1.5 ], "texture": "#black" }
			}
		},
		{
			"__comment": "Box84",
			"from": [ -2, 14, 16 ],
			"to": [ -1, 15, 31 ],
			"faces": {
				"down": { "uv": [ 14, 1, 15, 16 ], "texture": "#metal2" },
				"up": { "uv": [ 14, 0, 15, 15 ], "texture": "#metal2" },
				"north": { "uv": [ 1, 1, 2, 2 ], "texture": "#metal2" },
				"south": { "uv": [ 14, 1, 15, 2 ], "texture": "#metal2" },
				"west": { "uv": [ 0, 1, 15, 2 ], "texture": "#metal2" },
				"east": { "uv": [ 1, 1, 16, 2 ], "texture": "#metal2" }
			}
		}
	],
	"display": {
		"head": {
			"translation":  [ 0, -30.375, 0 ],
			"scale":  [ 1.6, 1.6, 1.6 ]
		}
	}
}