{
	"__comment": "Designed by Ersatz with Cubik Studio - https://cubik.studio",
	"textures": {
		"sink": "blocks/quartz_block_bottom",
		"metal": "blocks/anvil_base",
		"black": "solid_colors/black",
		"metal2": "decoration/kitchen/sink_gray",
		"metal3": "blocks/hardened_clay_stained_cyan"
	},
	"elements": [ 	 
		{
			"__comment": "Box1",
			"from": [ -8, 1, 0 ],
			"to": [ -7, 9, 16 ],
			"faces": {
				"down": { "uv": [ 8, 0, 9, 16 ], "texture": "#sink" },
				"up": { "uv": [ 8, 0, 9, 16 ], "texture": "#sink" },
				"north": { "uv": [ 7, 7, 8, 15 ], "texture": "#sink" },
				"south": { "uv": [ 8, 7, 9, 15 ], "texture": "#sink" },
				"west": { "uv": [ 0, 7, 16, 15 ], "texture": "#sink" },
				"east": { "uv": [ 0, 7, 16, 15 ], "texture": "#sink" }
			}
		},
		{
			"__comment": "Box1",
			"from": [ -8, 0, 0 ],
			"to": [ 0, 1, 16 ],
			"faces": {
				"down": { "uv": [ 8, 0, 16, 16 ], "texture": "#sink" },
				"up": { "uv": [ 8, 0, 16, 16 ], "texture": "#sink" },
				"north": { "uv": [ 0, 15, 8, 16 ], "texture": "#sink" },
				"south": { "uv": [ 8, 15, 16, 16 ], "texture": "#sink" },
				"west": { "uv": [ 0, 15, 16, 16 ], "texture": "#sink" },
				"east": { "uv": [ 0, 15, 16, 16 ], "texture": "#sink" }
			}
		},
		{
			"__comment": "Box1",
			"from": [ 16, 0, 0 ],
			"to": [ 24, 1, 16 ],
			"faces": {
				"down": { "uv": [ 0, 0, 8, 16 ], "texture": "#sink" },
				"up": { "uv": [ 0, 0, 8, 16 ], "texture": "#sink" },
				"north": { "uv": [ 8, 15, 16, 16 ], "texture": "#sink" },
				"south": { "uv": [ 0, 15, 8, 16 ], "texture": "#sink" },
				"west": { "uv": [ 0, 15, 16, 16 ], "texture": "#sink" },
				"east": { "uv": [ 0, 15, 16, 16 ], "texture": "#sink" }
			}
		},
		{
			"__comment": "Box1",
			"from": [ 0, 0, 16 ],
			"to": [ 16, 1, 24 ],
			"faces": {
				"down": { "uv": [ 0, 8, 16, 16 ], "texture": "#sink" },
				"up": { "uv": [ 0, 0, 16, 8 ], "texture": "#sink" },
				"north": { "uv": [ 0, 15, 16, 16 ], "texture": "#sink" },
				"south": { "uv": [ 0, 15, 16, 16 ], "texture": "#sink" },
				"west": { "uv": [ 0, 15, 8, 16 ], "texture": "#sink" },
				"east": { "uv": [ 8, 15, 16, 16 ], "texture": "#sink" }
			}
		},
		{
			"__comment": "Box1",
			"from": [ -8, 0, 16 ],
			"to": [ 0, 1, 24 ],
			"faces": {
				"down": { "uv": [ 8, 8, 16, 16 ], "texture": "#sink" },
				"up": { "uv": [ 8, 0, 16, 8 ], "texture": "#sink" },
				"north": { "uv": [ 0, 15, 8, 16 ], "texture": "#sink" },
				"south": { "uv": [ 8, 15, 16, 16 ], "texture": "#sink" },
				"west": { "uv": [ 0, 15, 8, 16 ], "texture": "#sink" },
				"east": { "uv": [ 8, 15, 16, 16 ], "texture": "#sink" }
			}
		},
		{
			"__comment": "Box1",
			"from": [ 16, 0, 16 ],
			"to": [ 24, 1, 24 ],
			"faces": {
				"down": { "uv": [ 0, 8, 8, 16 ], "texture": "#sink" },
				"up": { "uv": [ 0, 0, 8, 8 ], "texture": "#sink" },
				"north": { "uv": [ 8, 15, 16, 16 ], "texture": "#sink" },
				"south": { "uv": [ 0, 15, 8, 16 ], "texture": "#sink" },
				"west": { "uv": [ 0, 15, 8, 16 ], "texture": "#sink" },
				"east": { "uv": [ 8, 15, 16, 16 ], "texture": "#sink" }
			}
		},
		{
			"__comment": "Box1",
			"from": [ -8, 1, 16 ],
			"to": [ -7, 9, 24 ],
			"faces": {
				"down": { "uv": [ 8, 8, 9, 16 ], "texture": "#sink" },
				"up": { "uv": [ 8, 0, 9, 8 ], "texture": "#sink" },
				"north": { "uv": [ 7, 7, 8, 15 ], "texture": "#sink" },
				"south": { "uv": [ 8, 7, 9, 15 ], "texture": "#sink" },
				"west": { "uv": [ 0, 7, 8, 15 ], "texture": "#sink" },
				"east": { "uv": [ 8, 7, 16, 15 ], "texture": "#sink" }
			}
		},
		{
			"__comment": "Box1",
			"from": [ 0, 1, 23 ],
			"to": [ 16, 9, 24 ],
			"faces": {
				"down": { "uv": [ 0, 8, 16, 9 ], "texture": "#sink" },
				"up": { "uv": [ 0, 7, 16, 8 ], "texture": "#sink" },
				"north": { "uv": [ 0, 7, 16, 15 ], "texture": "#sink" },
				"south": { "uv": [ 0, 7, 16, 15 ], "texture": "#sink" },
				"west": { "uv": [ 7, 7, 8, 15 ], "texture": "#sink" },
				"east": { "uv": [ 8, 7, 9, 15 ], "texture": "#sink" }
			}
		},
		{
			"__comment": "Box1",
			"from": [ 23, 1, 16 ],
			"to": [ 24, 9, 24 ],
			"faces": {
				"down": { "uv": [ 7, 8, 8, 16 ], "texture": "#sink" },
				"up": { "uv": [ 7, 0, 8, 8 ], "texture": "#sink" },
				"north": { "uv": [ 8, 7, 9, 15 ], "texture": "#sink" },
				"south": { "uv": [ 7, 7, 8, 15 ], "texture": "#sink" },
				"west": { "uv": [ 0, 7, 8, 15 ], "texture": "#sink" },
				"east": { "uv": [ 8, 7, 16, 15 ], "texture": "#sink" }
			}
		},
		{
			"__comment": "Box1",
			"from": [ 23, 1, 0 ],
			"to": [ 24, 9, 16 ],
			"faces": {
				"down": { "uv": [ 7, 0, 8, 16 ], "texture": "#sink" },
				"up": { "uv": [ 7, 0, 8, 16 ], "texture": "#sink" },
				"north": { "uv": [ 8, 7, 9, 15 ], "texture": "#sink" },
				"south": { "uv": [ 7, 7, 8, 15 ], "texture": "#sink" },
				"west": { "uv": [ 0, 7, 16, 15 ], "texture": "#sink" },
				"east": { "uv": [ 0, 7, 16, 15 ], "texture": "#sink" }
			}
		},
		{
			"__comment": "Box1",
			"from": [ -7, 1, 23 ],
			"to": [ 0, 9, 24 ],
			"faces": {
				"down": { "uv": [ 9, 8, 16, 9 ], "texture": "#sink" },
				"up": { "uv": [ 9, 7, 16, 8 ], "texture": "#sink" },
				"north": { "uv": [ 0, 7, 7, 15 ], "texture": "#sink" },
				"south": { "uv": [ 9, 7, 16, 15 ], "texture": "#sink" },
				"west": { "uv": [ 7, 7, 8, 15 ], "texture": "#sink" },
				"east": { "uv": [ 8, 7, 9, 15 ], "texture": "#sink" }
			}
		},
		{
			"__comment": "Box1",
			"from": [ 16, 1, 23 ],
			"to": [ 23, 9, 24 ],
			"faces": {
				"down": { "uv": [ 0, 8, 7, 9 ], "texture": "#sink" },
				"up": { "uv": [ 0, 7, 7, 8 ], "texture": "#sink" },
				"north": { "uv": [ 9, 7, 16, 15 ], "texture": "#sink" },
				"south": { "uv": [ 0, 7, 7, 15 ], "texture": "#sink" },
				"west": { "uv": [ 7, 7, 8, 15 ], "texture": "#sink" },
				"east": { "uv": [ 8, 7, 9, 15 ], "texture": "#sink" }
			}
		},
		{
			"__comment": "Box1",
			"from": [ -7, 1, 0 ],
			"to": [ 0, 9, 1 ],
			"faces": {
				"down": { "uv": [ 9, 15, 16, 16 ], "texture": "#sink" },
				"up": { "uv": [ 9, 0, 16, 1 ], "texture": "#sink" },
				"north": { "uv": [ 0, 7, 7, 15 ], "texture": "#sink" },
				"south": { "uv": [ 9, 7, 16, 15 ], "texture": "#sink" },
				"west": { "uv": [ 0, 7, 1, 15 ], "texture": "#sink" },
				"east": { "uv": [ 15, 7, 16, 15 ], "texture": "#sink" }
			}
		},
		{
			"__comment": "Box1",
			"from": [ 0, 1, 0 ],
			"to": [ 16, 9, 1 ],
			"faces": {
				"down": { "uv": [ 0, 15, 16, 16 ], "texture": "#sink" },
				"up": { "uv": [ 0, 0, 16, 1 ], "texture": "#sink" },
				"north": { "uv": [ 0, 7, 16, 15 ], "texture": "#sink" },
				"south": { "uv": [ 0, 7, 16, 15 ], "texture": "#sink" },
				"west": { "uv": [ 0, 7, 1, 15 ], "texture": "#sink" },
				"east": { "uv": [ 15, 7, 16, 15 ], "texture": "#sink" }
			}
		},
		{
			"__comment": "Box1",
			"from": [ 16, 1, 0 ],
			"to": [ 23, 9, 1 ],
			"faces": {
				"down": { "uv": [ 0, 15, 7, 16 ], "texture": "#sink" },
				"up": { "uv": [ 0, 0, 7, 1 ], "texture": "#sink" },
				"north": { "uv": [ 9, 7, 16, 15 ], "texture": "#sink" },
				"south": { "uv": [ 0, 7, 7, 15 ], "texture": "#sink" },
				"west": { "uv": [ 0, 7, 1, 15 ], "texture": "#sink" },
				"east": { "uv": [ 15, 7, 16, 15 ], "texture": "#sink" }
			}
		},
		{
			"__comment": "Box1",
			"from": [ 0, 0, 0 ],
			"to": [ 16, 1, 6 ],
			"faces": {
				"down": { "uv": [ 0, 10, 16, 16 ], "texture": "#sink" },
				"up": { "uv": [ 0, 0, 16, 6 ], "texture": "#sink" },
				"north": { "uv": [ 0, 15, 16, 16 ], "texture": "#sink" },
				"south": { "uv": [ 0, 15, 16, 16 ], "texture": "#sink" },
				"west": { "uv": [ 0, 15, 6, 16 ], "texture": "#sink" },
				"east": { "uv": [ 10, 15, 16, 16 ], "texture": "#sink" }
			}
		},
		{
			"__comment": "Box1",
			"from": [ 0, 0, 10 ],
			"to": [ 16, 1, 16 ],
			"faces": {
				"down": { "uv": [ 0, 0, 16, 6 ], "texture": "#sink" },
				"up": { "uv": [ 0, 10, 16, 16 ], "texture": "#sink" },
				"north": { "uv": [ 0, 15, 16, 16 ], "texture": "#sink" },
				"south": { "uv": [ 0, 15, 16, 16 ], "texture": "#sink" },
				"west": { "uv": [ 10, 15, 16, 16 ], "texture": "#sink" },
				"east": { "uv": [ 0, 15, 6, 16 ], "texture": "#sink" }
			}
		},
		{
			"__comment": "Box1",
			"from": [ 0, 0, 6 ],
			"to": [ 6, 1, 10 ],
			"faces": {
				"down": { "uv": [ 0, 6, 6, 10 ], "texture": "#sink" },
				"up": { "uv": [ 0, 6, 6, 10 ], "texture": "#sink" },
				"north": { "uv": [ 10, 15, 16, 16 ], "texture": "#sink" },
				"south": { "uv": [ 0, 15, 6, 16 ], "texture": "#sink" },
				"west": { "uv": [ 6, 15, 10, 16 ], "texture": "#sink" },
				"east": { "uv": [ 6, 15, 10, 16 ], "texture": "#sink" }
			}
		},
		{
			"__comment": "Box1",
			"from": [ 10, 0, 6 ],
			"to": [ 16, 1, 10 ],
			"faces": {
				"down": { "uv": [ 10, 6, 16, 10 ], "texture": "#sink" },
				"up": { "uv": [ 10, 6, 16, 10 ], "texture": "#sink" },
				"north": { "uv": [ 0, 15, 6, 16 ], "texture": "#sink" },
				"south": { "uv": [ 10, 15, 16, 16 ], "texture": "#sink" },
				"west": { "uv": [ 6, 15, 10, 16 ], "texture": "#sink" },
				"east": { "uv": [ 6, 15, 10, 16 ], "texture": "#sink" }
			}
		},
		{
			"__comment": "Box1",
			"from": [ 6.5, -0.875, 9.5 ],
			"to": [ 9.5, 1.125, 10 ],
			"faces": {
				"down": { "uv": [ 6.5, 6, 9.5, 6.5 ], "texture": "#metal" },
				"up": { "uv": [ 6.5, 9.5, 9.5, 10 ], "texture": "#metal" },
				"north": { "uv": [ 6.5, 14.875, 9.5, 16 ], "texture": "#metal" },
				"south": { "uv": [ 6.5, 14.875, 9.5, 16 ], "texture": "#metal" },
				"west": { "uv": [ 9.5, 14.875, 10, 16 ], "texture": "#metal" },
				"east": { "uv": [ 6, 14.875, 6.5, 16 ], "texture": "#metal" }
			}
		},
		{
			"__comment": "Box1",
			"from": [ 6, -0.875, 6 ],
			"to": [ 6.5, 1.125, 10 ],
			"faces": {
				"down": { "uv": [ 6, 6, 6.5, 10 ], "texture": "#metal" },
				"up": { "uv": [ 6, 6, 6.5, 10 ], "texture": "#metal" },
				"north": { "uv": [ 9.5, 14.875, 10, 16 ], "texture": "#metal" },
				"south": { "uv": [ 6, 14.875, 6.5, 16 ], "texture": "#metal" },
				"west": { "uv": [ 6, 14.875, 10, 16 ], "texture": "#metal" },
				"east": { "uv": [ 6, 14.875, 10, 16 ], "texture": "#metal" }
			}
		},
		{
			"__comment": "Box1",
			"from": [ 9.5, -0.875, 6 ],
			"to": [ 10, 1.125, 10 ],
			"faces": {
				"down": { "uv": [ 9.5, 6, 10, 10 ], "texture": "#metal" },
				"up": { "uv": [ 9.5, 6, 10, 10 ], "texture": "#metal" },
				"north": { "uv": [ 6, 14.875, 6.5, 16 ], "texture": "#metal" },
				"south": { "uv": [ 9.5, 14.875, 10, 16 ], "texture": "#metal" },
				"west": { "uv": [ 6, 14.875, 10, 16 ], "texture": "#metal" },
				"east": { "uv": [ 6, 14.875, 10, 16 ], "texture": "#metal" }
			}
		},
		{
			"__comment": "Box1",
			"from": [ 7.75, 0.375, 8.25 ],
			"to": [ 8.25, 0.875, 9.75 ],
			"faces": {
				"down": { "uv": [ 7.75, 6.25, 8.25, 7.75 ], "texture": "#metal" },
				"up": { "uv": [ 7.75, 8.25, 8.25, 9.75 ], "texture": "#metal" },
				"north": { "uv": [ 7.75, 15.125, 8.25, 15.625 ], "texture": "#metal" },
				"south": { "uv": [ 7.75, 15.125, 8.25, 15.625 ], "texture": "#metal" },
				"west": { "uv": [ 8.25, 15.125, 9.75, 15.625 ], "texture": "#metal" },
				"east": { "uv": [ 6.25, 15.125, 7.75, 15.625 ], "texture": "#metal" }
			}
		},
		{
			"__comment": "PlaneY26",
			"from": [ 7.5, 15.25, 7.5 ],
			"to": [ 8.5, 15.251, 8.5 ],
			"faces": {
				"down": { "uv": [ 7.5, 7.5, 8.5, 8.5 ], "texture": "#black" },
				"up": { "uv": [ 7.5, 7.5, 8.5, 8.5 ], "texture": "#black" }
			}
		},
		{
			"__comment": "Box1",
			"from": [ 6.5, -0.875, 6 ],
			"to": [ 9.5, 1.125, 6.5 ],
			"faces": {
				"down": { "uv": [ 6.5, 9.5, 9.5, 10 ], "texture": "#metal" },
				"up": { "uv": [ 6.5, 6, 9.5, 6.5 ], "texture": "#metal" },
				"north": { "uv": [ 6.5, 14.875, 9.5, 16 ], "texture": "#metal" },
				"south": { "uv": [ 6.5, 14.875, 9.5, 16 ], "texture": "#metal" },
				"west": { "uv": [ 6, 14.875, 6.5, 16 ], "texture": "#metal" },
				"east": { "uv": [ 9.5, 14.875, 10, 16 ], "texture": "#metal" }
			}
		},
		{
			"__comment": "Box1",
			"from": [ 6.5, 0.375, 7.75 ],
			"to": [ 9.5, 0.875, 8.25 ],
			"faces": {
				"down": { "uv": [ 6.5, 7.75, 9.5, 8.25 ], "texture": "#metal" },
				"up": { "uv": [ 6.5, 7.75, 9.5, 8.25 ], "texture": "#metal" },
				"north": { "uv": [ 6.5, 15.125, 9.5, 15.625 ], "texture": "#metal" },
				"south": { "uv": [ 6.5, 15.125, 9.5, 15.625 ], "texture": "#metal" },
				"west": { "uv": [ 7.75, 15.125, 8.25, 15.625 ], "texture": "#metal" },
				"east": { "uv": [ 7.75, 15.125, 8.25, 15.625 ], "texture": "#metal" }
			}
		},
		{
			"__comment": "Box1",
			"from": [ 7.75, 0.375, 6.25 ],
			"to": [ 8.25, 0.875, 7.75 ],
			"faces": {
				"down": { "uv": [ 7.75, 8.25, 8.25, 9.75 ], "texture": "#metal" },
				"up": { "uv": [ 7.75, 6.25, 8.25, 7.75 ], "texture": "#metal" },
				"north": { "uv": [ 7.75, 15.125, 8.25, 15.625 ], "texture": "#metal" },
				"south": { "uv": [ 7.75, 15.125, 8.25, 15.625 ], "texture": "#metal" },
				"west": { "uv": [ 6.25, 15.125, 7.75, 15.625 ], "texture": "#metal" },
				"east": { "uv": [ 8.25, 15.125, 9.75, 15.625 ], "texture": "#metal" }
			}
		},
		{
			"__comment": "Box30",
			"from": [ 7.5, 15, 8.5 ],
			"to": [ 8.5, 16, 9 ],
			"faces": {
				"down": { "uv": [ 7.5, 7, 8.5, 7.5 ], "texture": "#metal3" },
				"up": { "uv": [ 7.5, 8.5, 8.5, 9 ], "texture": "#metal3" },
				"north": { "uv": [ 7.5, 0, 8.5, 1 ], "texture": "#metal3" },
				"south": { "uv": [ 7.5, 0, 8.5, 1 ], "texture": "#metal3" },
				"west": { "uv": [ 8.5, 0, 9, 1 ], "texture": "#metal3" },
				"east": { "uv": [ 7, 0, 7.5, 1 ], "texture": "#metal3" }
			}
		},
		{
			"__comment": "Box30",
			"from": [ 1, 15.5, 0.5 ],
			"to": [ 4, 16, 1 ],
			"faces": {
				"down": { "uv": [ 1, 15, 4, 15.5 ], "texture": "#metal2" },
				"up": { "uv": [ 1, 0.5, 4, 1 ], "texture": "#metal2" },
				"north": { "uv": [ 12, 0, 15, 0.5 ], "texture": "#metal2" },
				"south": { "uv": [ 1, 0, 4, 0.5 ], "texture": "#metal2" },
				"west": { "uv": [ 0.5, 0, 1, 0.5 ], "texture": "#metal2" },
				"east": { "uv": [ 15, 0, 15.5, 0.5 ], "texture": "#metal2" }
			}
		},
		{
			"__comment": "Box30",
			"from": [ 7, 15, 7 ],
			"to": [ 7.5, 16, 9 ],
			"faces": {
				"down": { "uv": [ 7, 7, 7.5, 9 ], "texture": "#metal3" },
				"up": { "uv": [ 7, 7, 7.5, 9 ], "texture": "#metal3" },
				"north": { "uv": [ 8.5, 0, 9, 1 ], "texture": "#metal3" },
				"south": { "uv": [ 7, 0, 7.5, 1 ], "texture": "#metal3" },
				"west": { "uv": [ 7, 0, 9, 1 ], "texture": "#metal3" },
				"east": { "uv": [ 7, 0, 9, 1 ], "texture": "#metal3" }
			}
		},
		{
			"__comment": "Box30",
			"from": [ 8.5, 15, 7 ],
			"to": [ 9, 16, 9 ],
			"faces": {
				"down": { "uv": [ 8.5, 7, 9, 9 ], "texture": "#metal3" },
				"up": { "uv": [ 8.5, 7, 9, 9 ], "texture": "#metal3" },
				"north": { "uv": [ 7, 0, 7.5, 1 ], "texture": "#metal3" },
				"south": { "uv": [ 8.5, 0, 9, 1 ], "texture": "#metal3" },
				"west": { "uv": [ 7, 0, 9, 1 ], "texture": "#metal3" },
				"east": { "uv": [ 7, 0, 9, 1 ], "texture": "#metal3" }
			}
		},
		{
			"__comment": "Box30",
			"from": [ 7.5, 15, 7 ],
			"to": [ 8.5, 16, 7.5 ],
			"faces": {
				"down": { "uv": [ 7.5, 8.5, 8.5, 9 ], "texture": "#metal3" },
				"up": { "uv": [ 7.5, 7, 8.5, 7.5 ], "texture": "#metal3" },
				"north": { "uv": [ 7.5, 0, 8.5, 1 ], "texture": "#metal3" },
				"south": { "uv": [ 7.5, 0, 8.5, 1 ], "texture": "#metal3" },
				"west": { "uv": [ 7, 0, 7.5, 1 ], "texture": "#metal3" },
				"east": { "uv": [ 8.5, 0, 9, 1 ], "texture": "#metal3" }
			}
		},
		{
			"__comment": "PlaneY26",
			"from": [ 6.5, 0, 6.5 ],
			"to": [ 9.5, 0.001, 9.5 ],
			"faces": {
				"down": { "uv": [ 6.5, 6.5, 9.5, 9.5 ], "texture": "#black" },
				"up": { "uv": [ 6.5, 6.5, 9.5, 9.5 ], "texture": "#black" }
			}
		},
		{
			"__comment": "Box30",
			"from": [ 0.5, 15, 0 ],
			"to": [ 15.5, 16, 0.5 ],
			"faces": {
				"down": { "uv": [ 0.5, 15.5, 15.5, 16 ], "texture": "#metal2" },
				"up": { "uv": [ 0.5, 0, 15.5, 0.5 ], "texture": "#metal2" },
				"north": { "uv": [ 0.5, 0, 15.5, 1 ], "texture": "#metal2" },
				"south": { "uv": [ 0.5, 0, 15.5, 1 ], "texture": "#metal2" },
				"west": { "uv": [ 0, 0, 0.5, 1 ], "texture": "#metal2" },
				"east": { "uv": [ 15.5, 0, 16, 1 ], "texture": "#metal2" }
			}
		},
		{
			"__comment": "Box30",
			"from": [ 0.5, 16, 0 ],
			"to": [ 15.5, 19, 0.5 ],
			"faces": {
				"down": { "uv": [ 0.5, 15.5, 15.5, 16 ], "texture": "#metal2" },
				"up": { "uv": [ 0.5, 0, 15.5, 0.5 ], "texture": "#metal2" },
				"north": { "uv": [ 0.5, 13, 15.5, 16 ], "texture": "#metal2" },
				"south": { "uv": [ 0.5, 13, 15.5, 16 ], "texture": "#metal2" },
				"west": { "uv": [ 0, 13, 0.5, 16 ], "texture": "#metal2" },
				"east": { "uv": [ 15.5, 13, 16, 16 ], "texture": "#metal2" }
			}
		},
		{
			"__comment": "Box30",
			"from": [ 1, 16, 0.5 ],
			"to": [ 4, 18.5, 1 ],
			"faces": {
				"down": { "uv": [ 1, 15, 4, 15.5 ], "texture": "#metal2" },
				"up": { "uv": [ 1, 0.5, 4, 1 ], "texture": "#metal2" },
				"north": { "uv": [ 12, 13.5, 15, 16 ], "texture": "#metal2" },
				"south": { "uv": [ 1, 13.5, 4, 16 ], "texture": "#metal2" },
				"west": { "uv": [ 0.5, 13.5, 1, 16 ], "texture": "#metal2" },
				"east": { "uv": [ 15, 13.5, 15.5, 16 ], "texture": "#metal2" }
			}
		},
		{
			"__comment": "Box30",
			"from": [ 6.5, 16, 0.5 ],
			"to": [ 9.5, 18.5, 1 ],
			"faces": {
				"down": { "uv": [ 6.5, 15, 9.5, 15.5 ], "texture": "#metal2" },
				"up": { "uv": [ 6.5, 0.5, 9.5, 1 ], "texture": "#metal2" },
				"north": { "uv": [ 6.5, 13.5, 9.5, 16 ], "texture": "#metal2" },
				"south": { "uv": [ 6.5, 13.5, 9.5, 16 ], "texture": "#metal2" },
				"west": { "uv": [ 0.5, 13.5, 1, 16 ], "texture": "#metal2" },
				"east": { "uv": [ 15, 13.5, 15.5, 16 ], "texture": "#metal2" }
			}
		},
		{
			"__comment": "Box30",
			"from": [ 6.5, 15.5, 0.5 ],
			"to": [ 9.5, 16, 1 ],
			"faces": {
				"down": { "uv": [ 6.5, 15, 9.5, 15.5 ], "texture": "#metal2" },
				"up": { "uv": [ 6.5, 0.5, 9.5, 1 ], "texture": "#metal2" },
				"north": { "uv": [ 6.5, 0, 9.5, 0.5 ], "texture": "#metal2" },
				"south": { "uv": [ 6.5, 0, 9.5, 0.5 ], "texture": "#metal2" },
				"west": { "uv": [ 0.5, 0, 1, 0.5 ], "texture": "#metal2" },
				"east": { "uv": [ 15, 0, 15.5, 0.5 ], "texture": "#metal2" }
			}
		},
		{
			"__comment": "Box30",
			"from": [ 12, 16, 0.5 ],
			"to": [ 15, 18.5, 1 ],
			"faces": {
				"down": { "uv": [ 12, 15, 15, 15.5 ], "texture": "#metal2" },
				"up": { "uv": [ 12, 0.5, 15, 1 ], "texture": "#metal2" },
				"north": { "uv": [ 1, 13.5, 4, 16 ], "texture": "#metal2" },
				"south": { "uv": [ 12, 13.5, 15, 16 ], "texture": "#metal2" },
				"west": { "uv": [ 0.5, 13.5, 1, 16 ], "texture": "#metal2" },
				"east": { "uv": [ 15, 13.5, 15.5, 16 ], "texture": "#metal2" }
			}
		},
		{
			"__comment": "Box30",
			"from": [ 12, 15.5, 0.5 ],
			"to": [ 15, 16, 1 ],
			"faces": {
				"down": { "uv": [ 12, 15, 15, 15.5 ], "texture": "#metal2" },
				"up": { "uv": [ 12, 0.5, 15, 1 ], "texture": "#metal2" },
				"north": { "uv": [ 1, 0, 4, 0.5 ], "texture": "#metal2" },
				"south": { "uv": [ 12, 0, 15, 0.5 ], "texture": "#metal2" },
				"west": { "uv": [ 0.5, 0, 1, 0.5 ], "texture": "#metal2" },
				"east": { "uv": [ 15, 0, 15.5, 0.5 ], "texture": "#metal2" }
			}
		},
		{
			"__comment": "Box30",
			"from": [ 7, 16, 0.5 ],
			"to": [ 9, 18, 9 ],
			"faces": {
				"down": { "uv": [ 7, 7, 9, 15.5 ], "texture": "#metal3" },
				"up": { "uv": [ 7, 0.5, 9, 9 ], "texture": "#metal3" },
				"north": { "uv": [ 7, 14, 9, 16 ], "texture": "#metal3" },
				"south": { "uv": [ 7, 14, 9, 16 ], "texture": "#metal3" },
				"west": { "uv": [ 0.5, 14, 9, 16 ], "texture": "#metal3" },
				"east": { "uv": [ 7, 14, 15.5, 16 ], "texture": "#metal3" }
			}
		},
		{
			"__comment": "Box30",
			"from": [ 12.75, 16.25, 0.5 ],
			"to": [ 14.25, 17.75, 3 ],
			"faces": {
				"down": { "uv": [ 12.75, 13, 14.25, 15.5 ], "texture": "#metal3" },
				"up": { "uv": [ 12.75, 0.5, 14.25, 3 ], "texture": "#metal3" },
				"north": { "uv": [ 1.75, 14.25, 3.25, 15.75 ], "texture": "#metal3" },
				"south": { "uv": [ 12.75, 14.25, 14.25, 15.75 ], "texture": "#metal3" },
				"west": { "uv": [ 0.5, 14.25, 3, 15.75 ], "texture": "#metal3" },
				"east": { "uv": [ 13, 14.25, 15.5, 15.75 ], "texture": "#metal3" }
			}
		},
		{
			"__comment": "Box30",
			"from": [ 12.5, 16, 3 ],
			"to": [ 14.5, 18, 3.5 ],
			"faces": {
				"down": { "uv": [ 12.5, 12.5, 14.5, 13 ], "texture": "#metal3" },
				"up": { "uv": [ 12.5, 3, 14.5, 3.5 ], "texture": "#metal3" },
				"north": { "uv": [ 1.5, 14, 3.5, 16 ], "texture": "#metal3" },
				"south": { "uv": [ 12.5, 14, 14.5, 16 ], "texture": "#metal3" },
				"west": { "uv": [ 3, 14, 3.5, 16 ], "texture": "#metal3" },
				"east": { "uv": [ 12.5, 14, 13, 16 ], "texture": "#metal3" }
			}
		},
		{
			"__comment": "Box30",
			"from": [ 1.75, 16.25, 0.5 ],
			"to": [ 3.25, 17.75, 3 ],
			"faces": {
				"down": { "uv": [ 1.75, 13, 3.25, 15.5 ], "texture": "#metal3" },
				"up": { "uv": [ 1.75, 0.5, 3.25, 3 ], "texture": "#metal3" },
				"north": { "uv": [ 12.75, 14.25, 14.25, 15.75 ], "texture": "#metal3" },
				"south": { "uv": [ 1.75, 14.25, 3.25, 15.75 ], "texture": "#metal3" },
				"west": { "uv": [ 0.5, 14.25, 3, 15.75 ], "texture": "#metal3" },
				"east": { "uv": [ 13, 14.25, 15.5, 15.75 ], "texture": "#metal3" }
			}
		},
		{
			"__comment": "Box30",
			"from": [ 16, 16.5, 3 ],
			"to": [ 18, 17.5, 3.5 ],
			"faces": {
				"down": { "uv": [ 0, 12.5, 2, 13 ], "texture": "#metal3" },
				"up": { "uv": [ 0, 3, 2, 3.5 ], "texture": "#metal3" },
				"north": { "uv": [ 14, 14.5, 16, 15.5 ], "texture": "#metal3" },
				"south": { "uv": [ 0, 14.5, 2, 15.5 ], "texture": "#metal3" },
				"west": { "uv": [ 3, 14.5, 3.5, 15.5 ], "texture": "#metal3" },
				"east": { "uv": [ 12.5, 14.5, 13, 15.5 ], "texture": "#metal3" }
			}
		},
		{
			"__comment": "Box30",
			"from": [ 1.5, 16, 2.75 ],
			"to": [ 3.5, 18, 3.25 ],
			"faces": {
				"down": { "uv": [ 1.5, 12.75, 3.5, 13.25 ], "texture": "#metal3" },
				"up": { "uv": [ 1.5, 2.75, 3.5, 3.25 ], "texture": "#metal3" },
				"north": { "uv": [ 12.5, 14, 14.5, 16 ], "texture": "#metal3" },
				"south": { "uv": [ 1.5, 14, 3.5, 16 ], "texture": "#metal3" },
				"west": { "uv": [ 2.75, 14, 3.25, 16 ], "texture": "#metal3" },
				"east": { "uv": [ 12.75, 14, 13.25, 16 ], "texture": "#metal3" }
			}
		},
		{
			"__comment": "Box30",
			"from": [ 14.5, 16.5, 3 ],
			"to": [ 16, 17.5, 3.5 ],
			"faces": {
				"down": { "uv": [ 14.5, 12.5, 16, 13 ], "texture": "#metal3" },
				"up": { "uv": [ 14.5, 3, 16, 3.5 ], "texture": "#metal3" },
				"north": { "uv": [ 0, 14.5, 1.5, 15.5 ], "texture": "#metal3" },
				"south": { "uv": [ 14.5, 14.5, 16, 15.5 ], "texture": "#metal3" },
				"west": { "uv": [ 3, 14.5, 3.5, 15.5 ], "texture": "#metal3" },
				"east": { "uv": [ 12.5, 14.5, 13, 15.5 ], "texture": "#metal3" }
			}
		},
		{
			"__comment": "Box30",
			"from": [ -2, 16.5, 2.75 ],
			"to": [ 0, 17.5, 3.25 ],
			"faces": {
				"down": { "uv": [ 14, 12.75, 16, 13.25 ], "texture": "#metal3" },
				"up": { "uv": [ 14, 2.75, 16, 3.25 ], "texture": "#metal3" },
				"north": { "uv": [ 0, 14.5, 2, 15.5 ], "texture": "#metal3" },
				"south": { "uv": [ 14, 14.5, 16, 15.5 ], "texture": "#metal3" },
				"west": { "uv": [ 2.75, 14.5, 3.25, 15.5 ], "texture": "#metal3" },
				"east": { "uv": [ 12.75, 14.5, 13.25, 15.5 ], "texture": "#metal3" }
			}
		},
		{
			"__comment": "Box30",
			"from": [ 0, 16.5, 2.75 ],
			"to": [ 1.5, 17.5, 3.25 ],
			"faces": {
				"down": { "uv": [ 0, 12.75, 1.5, 13.25 ], "texture": "#metal3" },
				"up": { "uv": [ 0, 2.75, 1.5, 3.25 ], "texture": "#metal3" },
				"north": { "uv": [ 14.5, 14.5, 16, 15.5 ], "texture": "#metal3" },
				"south": { "uv": [ 0, 14.5, 1.5, 15.5 ], "texture": "#metal3" },
				"west": { "uv": [ 2.75, 14.5, 3.25, 15.5 ], "texture": "#metal3" },
				"east": { "uv": [ 12.75, 14.5, 13.25, 15.5 ], "texture": "#metal3" }
			}
		}
	],
	"display": {
		"head": {
			"rotation":  [ 0, 180, 0 ],
			"translation":  [ 0, -17.5, 0 ],
			"scale":  [ 1.6, 1.6, 1.6 ]
		}
	}
}