{
	"__comment": "Designed by Ersatz with Cubik Studio - https://cubik.studio",
	"textures": {
		"metal": "decoration/kitchen/iron_block_seamless",
		"grill": "blocks/anvil_base"
	},
	"elements": [ 	 
		{
			"__comment": "Box1",
			"from": [ 30, 14, 0 ],
			"to": [ 32, 16, 16 ],
			"faces": {
				"down": { "uv": [ 14, 0, 16, 16 ], "texture": "#metal" },
				"up": { "uv": [ 14, 0, 16, 16 ], "texture": "#metal" },
				"north": { "uv": [ 0, 0, 2, 2 ], "texture": "#metal" },
				"south": { "uv": [ 14, 0, 16, 2 ], "texture": "#metal" },
				"west": { "uv": [ 0, 0, 16, 2 ], "texture": "#metal" },
				"east": { "uv": [ 0, 0, 16, 2 ], "texture": "#metal" }
			}
		},
		{
			"__comment": "Box1",
			"from": [ -16, 14, -16 ],
			"to": [ -14, 16, 0 ],
			"faces": {
				"down": { "uv": [ 0, 0, 2, 16 ], "texture": "#metal" },
				"up": { "uv": [ 0, 0, 2, 16 ], "texture": "#metal" },
				"north": { "uv": [ 14, 0, 16, 2 ], "texture": "#metal" },
				"south": { "uv": [ 0, 0, 2, 2 ], "texture": "#metal" },
				"west": { "uv": [ 0, 0, 16, 2 ], "texture": "#metal" },
				"east": { "uv": [ 0, 0, 16, 2 ], "texture": "#metal" }
			}
		},
		{
			"__comment": "Box1",
			"from": [ 0, 14, 14 ],
			"to": [ 16, 16, 16 ],
			"faces": {
				"down": { "uv": [ 0, 0, 16, 2 ], "texture": "#metal" },
				"up": { "uv": [ 0, 14, 16, 16 ], "texture": "#metal" },
				"north": { "uv": [ 0, 0, 16, 2 ], "texture": "#metal" },
				"south": { "uv": [ 0, 0, 16, 2 ], "texture": "#metal" },
				"west": { "uv": [ 14, 0, 16, 2 ], "texture": "#metal" },
				"east": { "uv": [ 0, 0, 2, 2 ], "texture": "#metal" }
			}
		},
		{
			"__comment": "Box1",
			"from": [ -16, 14, 0 ],
			"to": [ -14, 16, 16 ],
			"faces": {
				"down": { "uv": [ 0, 0, 2, 16 ], "texture": "#metal" },
				"up": { "uv": [ 0, 0, 2, 16 ], "texture": "#metal" },
				"north": { "uv": [ 14, 0, 16, 2 ], "texture": "#metal" },
				"south": { "uv": [ 0, 0, 2, 2 ], "texture": "#metal" },
				"west": { "uv": [ 0, 0, 16, 2 ], "texture": "#metal" },
				"east": { "uv": [ 0, 0, 16, 2 ], "texture": "#metal" }
			}
		},
		{
			"__comment": "Box1",
			"from": [ 0, 15, -1 ],
			"to": [ 16, 16, 1 ],
			"faces": {
				"down": { "uv": [ 0, 15, 16, 16 ], "texture": "#metal" },
				"up": { "uv": [ 0, 0, 16, 1 ], "texture": "#metal" },
				"north": { "uv": [ 0, 0, 16, 1 ], "texture": "#metal" },
				"south": { "uv": [ 0, 0, 16, 1 ], "texture": "#metal" },
				"west": { "uv": [ 0, 0, 1, 1 ], "texture": "#metal" },
				"east": { "uv": [ 15, 0, 16, 1 ], "texture": "#metal" }
			}
		},
		{
			"__comment": "Box1",
			"from": [ -14, 14, -16 ],
			"to": [ 0, 16, -14 ],
			"faces": {
				"down": { "uv": [ 2, 14, 16, 16 ], "texture": "#metal" },
				"up": { "uv": [ 2, 0, 16, 2 ], "texture": "#metal" },
				"north": { "uv": [ 0, 0, 14, 2 ], "texture": "#metal" },
				"south": { "uv": [ 2, 0, 16, 2 ], "texture": "#metal" },
				"west": { "uv": [ 0, 0, 2, 2 ], "texture": "#metal" },
				"east": { "uv": [ 14, 0, 16, 2 ], "texture": "#metal" }
			}
		},
		{
			"__comment": "Box1",
			"from": [ 0, 14, -16 ],
			"to": [ 16, 16, -14 ],
			"faces": {
				"down": { "uv": [ 0, 14, 16, 16 ], "texture": "#metal" },
				"up": { "uv": [ 0, 0, 16, 2 ], "texture": "#metal" },
				"north": { "uv": [ 0, 0, 16, 2 ], "texture": "#metal" },
				"south": { "uv": [ 0, 0, 16, 2 ], "texture": "#metal" },
				"west": { "uv": [ 0, 0, 2, 2 ], "texture": "#metal" },
				"east": { "uv": [ 14, 0, 16, 2 ], "texture": "#metal" }
			}
		},
		{
			"__comment": "Box1",
			"from": [ 16, 14, -16 ],
			"to": [ 30, 16, -14 ],
			"faces": {
				"down": { "uv": [ 0, 14, 14, 16 ], "texture": "#metal" },
				"up": { "uv": [ 0, 0, 14, 2 ], "texture": "#metal" },
				"north": { "uv": [ 2, 0, 16, 2 ], "texture": "#metal" },
				"south": { "uv": [ 0, 0, 14, 2 ], "texture": "#metal" },
				"west": { "uv": [ 0, 0, 2, 2 ], "texture": "#metal" },
				"east": { "uv": [ 14, 0, 16, 2 ], "texture": "#metal" }
			}
		},
		{
			"__comment": "Box1",
			"from": [ 16, 14, 14 ],
			"to": [ 30, 16, 16 ],
			"faces": {
				"down": { "uv": [ 0, 0, 14, 2 ], "texture": "#metal" },
				"up": { "uv": [ 0, 14, 14, 16 ], "texture": "#metal" },
				"north": { "uv": [ 2, 0, 16, 2 ], "texture": "#metal" },
				"south": { "uv": [ 0, 0, 14, 2 ], "texture": "#metal" },
				"west": { "uv": [ 14, 0, 16, 2 ], "texture": "#metal" },
				"east": { "uv": [ 0, 0, 2, 2 ], "texture": "#metal" }
			}
		},
		{
			"__comment": "Box1",
			"from": [ 16, 15, -1 ],
			"to": [ 30, 16, 1 ],
			"faces": {
				"down": { "uv": [ 0, 15, 14, 16 ], "texture": "#metal" },
				"up": { "uv": [ 0, 0, 14, 1 ], "texture": "#metal" },
				"north": { "uv": [ 2, 0, 16, 1 ], "texture": "#metal" },
				"south": { "uv": [ 0, 0, 14, 1 ], "texture": "#metal" },
				"west": { "uv": [ 0, 0, 1, 1 ], "texture": "#metal" },
				"east": { "uv": [ 15, 0, 16, 1 ], "texture": "#metal" }
			}
		},
		{
			"__comment": "Box1",
			"from": [ -14, 15, -1 ],
			"to": [ 0, 16, 1 ],
			"faces": {
				"down": { "uv": [ 2, 15, 16, 16 ], "texture": "#metal" },
				"up": { "uv": [ 2, 0, 16, 1 ], "texture": "#metal" },
				"north": { "uv": [ 0, 0, 14, 1 ], "texture": "#metal" },
				"south": { "uv": [ 2, 0, 16, 1 ], "texture": "#metal" },
				"west": { "uv": [ 0, 0, 1, 1 ], "texture": "#metal" },
				"east": { "uv": [ 15, 0, 16, 1 ], "texture": "#metal" }
			}
		},
		{
			"__comment": "Box1",
			"from": [ -1, 15, 1 ],
			"to": [ 1, 16, 14 ],
			"faces": {
				"down": { "uv": [ 0, 2, 1, 15 ], "texture": "#metal" },
				"up": { "uv": [ 0, 1, 1, 14 ], "texture": "#metal" },
				"north": { "uv": [ 15, 0, 16, 1 ], "texture": "#metal" },
				"south": { "uv": [ 0, 0, 1, 1 ], "texture": "#metal" },
				"west": { "uv": [ 1, 0, 14, 1 ], "texture": "#metal" },
				"east": { "uv": [ 2, 0, 15, 1 ], "texture": "#metal" }
			}
		},
		{
			"__comment": "Box1",
			"from": [ 15, 15, 1 ],
			"to": [ 17, 16, 14 ],
			"faces": {
				"down": { "uv": [ 15, 2, 16, 15 ], "texture": "#metal" },
				"up": { "uv": [ 15, 1, 16, 14 ], "texture": "#metal" },
				"north": { "uv": [ 0, 0, 1, 1 ], "texture": "#metal" },
				"south": { "uv": [ 15, 0, 16, 1 ], "texture": "#metal" },
				"west": { "uv": [ 1, 0, 14, 1 ], "texture": "#metal" },
				"east": { "uv": [ 2, 0, 15, 1 ], "texture": "#metal" }
			}
		},
		{
			"__comment": "Box1",
			"from": [ 15, 15, -14 ],
			"to": [ 17, 16, -1 ],
			"faces": {
				"down": { "uv": [ 15, 1, 16, 14 ], "texture": "#metal" },
				"up": { "uv": [ 15, 2, 16, 15 ], "texture": "#metal" },
				"north": { "uv": [ 0, 0, 1, 1 ], "texture": "#metal" },
				"south": { "uv": [ 15, 0, 16, 1 ], "texture": "#metal" },
				"west": { "uv": [ 2, 0, 15, 1 ], "texture": "#metal" },
				"east": { "uv": [ 1, 0, 14, 1 ], "texture": "#metal" }
			}
		},
		{
			"__comment": "Box1",
			"from": [ -1, 15, -14 ],
			"to": [ 1, 16, -1 ],
			"faces": {
				"down": { "uv": [ 0, 1, 1, 14 ], "texture": "#metal" },
				"up": { "uv": [ 0, 2, 1, 15 ], "texture": "#metal" },
				"north": { "uv": [ 15, 0, 16, 1 ], "texture": "#metal" },
				"south": { "uv": [ 0, 0, 1, 1 ], "texture": "#metal" },
				"west": { "uv": [ 2, 0, 15, 1 ], "texture": "#metal" },
				"east": { "uv": [ 1, 0, 14, 1 ], "texture": "#metal" }
			}
		},
		{
			"__comment": "Box1",
			"from": [ 3, 13, -13 ],
			"to": [ 4, 16, -12 ],
			"faces": {
				"down": { "uv": [ 3, 12, 4, 13 ], "texture": "#grill" },
				"up": { "uv": [ 3, 3, 4, 4 ], "texture": "#grill" },
				"north": { "uv": [ 12, 0, 13, 3 ], "texture": "#grill" },
				"south": { "uv": [ 3, 0, 4, 3 ], "texture": "#grill" },
				"west": { "uv": [ 3, 0, 4, 3 ], "texture": "#grill" },
				"east": { "uv": [ 12, 0, 13, 3 ], "texture": "#grill" }
			}
		},
		{
			"__comment": "Box1",
			"from": [ -4, 13, -13 ],
			"to": [ -3, 16, -12 ],
			"faces": {
				"down": { "uv": [ 12, 12, 13, 13 ], "texture": "#grill" },
				"up": { "uv": [ 12, 3, 13, 4 ], "texture": "#grill" },
				"north": { "uv": [ 3, 0, 4, 3 ], "texture": "#grill" },
				"south": { "uv": [ 12, 0, 13, 3 ], "texture": "#grill" },
				"west": { "uv": [ 3, 0, 4, 3 ], "texture": "#grill" },
				"east": { "uv": [ 12, 0, 13, 3 ], "texture": "#grill" }
			}
		},
		{
			"__comment": "Box1",
			"from": [ -13, 13, -4 ],
			"to": [ -12, 16, -3 ],
			"faces": {
				"down": { "uv": [ 3, 3, 4, 4 ], "texture": "#grill" },
				"up": { "uv": [ 3, 12, 4, 13 ], "texture": "#grill" },
				"north": { "uv": [ 12, 0, 13, 3 ], "texture": "#grill" },
				"south": { "uv": [ 3, 0, 4, 3 ], "texture": "#grill" },
				"west": { "uv": [ 12, 0, 13, 3 ], "texture": "#grill" },
				"east": { "uv": [ 3, 0, 4, 3 ], "texture": "#grill" }
			}
		},
		{
			"__comment": "Box1",
			"from": [ -13, 13, 3 ],
			"to": [ -12, 16, 4 ],
			"faces": {
				"down": { "uv": [ 3, 12, 4, 13 ], "texture": "#grill" },
				"up": { "uv": [ 3, 3, 4, 4 ], "texture": "#grill" },
				"north": { "uv": [ 12, 0, 13, 3 ], "texture": "#grill" },
				"south": { "uv": [ 3, 0, 4, 3 ], "texture": "#grill" },
				"west": { "uv": [ 3, 0, 4, 3 ], "texture": "#grill" },
				"east": { "uv": [ 12, 0, 13, 3 ], "texture": "#grill" }
			}
		},
		{
			"__comment": "Box1",
			"from": [ -13, 13, 12 ],
			"to": [ -12, 16, 13 ],
			"faces": {
				"down": { "uv": [ 3, 3, 4, 4 ], "texture": "#grill" },
				"up": { "uv": [ 3, 12, 4, 13 ], "texture": "#grill" },
				"north": { "uv": [ 12, 0, 13, 3 ], "texture": "#grill" },
				"south": { "uv": [ 3, 0, 4, 3 ], "texture": "#grill" },
				"west": { "uv": [ 12, 0, 13, 3 ], "texture": "#grill" },
				"east": { "uv": [ 3, 0, 4, 3 ], "texture": "#grill" }
			}
		},
		{
			"__comment": "Box1",
			"from": [ -4, 13, 12 ],
			"to": [ -3, 16, 13 ],
			"faces": {
				"down": { "uv": [ 12, 3, 13, 4 ], "texture": "#grill" },
				"up": { "uv": [ 12, 12, 13, 13 ], "texture": "#grill" },
				"north": { "uv": [ 3, 0, 4, 3 ], "texture": "#grill" },
				"south": { "uv": [ 12, 0, 13, 3 ], "texture": "#grill" },
				"west": { "uv": [ 12, 0, 13, 3 ], "texture": "#grill" },
				"east": { "uv": [ 3, 0, 4, 3 ], "texture": "#grill" }
			}
		},
		{
			"__comment": "Box1",
			"from": [ 3, 13, 12 ],
			"to": [ 4, 16, 13 ],
			"faces": {
				"down": { "uv": [ 3, 3, 4, 4 ], "texture": "#grill" },
				"up": { "uv": [ 3, 12, 4, 13 ], "texture": "#grill" },
				"north": { "uv": [ 12, 0, 13, 3 ], "texture": "#grill" },
				"south": { "uv": [ 3, 0, 4, 3 ], "texture": "#grill" },
				"west": { "uv": [ 12, 0, 13, 3 ], "texture": "#grill" },
				"east": { "uv": [ 3, 0, 4, 3 ], "texture": "#grill" }
			}
		},
		{
			"__comment": "Box1",
			"from": [ 12, 13, 12 ],
			"to": [ 13, 16, 13 ],
			"faces": {
				"down": { "uv": [ 12, 3, 13, 4 ], "texture": "#grill" },
				"up": { "uv": [ 12, 12, 13, 13 ], "texture": "#grill" },
				"north": { "uv": [ 3, 0, 4, 3 ], "texture": "#grill" },
				"south": { "uv": [ 12, 0, 13, 3 ], "texture": "#grill" },
				"west": { "uv": [ 12, 0, 13, 3 ], "texture": "#grill" },
				"east": { "uv": [ 3, 0, 4, 3 ], "texture": "#grill" }
			}
		},
		{
			"__comment": "Box1",
			"from": [ 3, 13, 3 ],
			"to": [ 4, 16, 4 ],
			"faces": {
				"down": { "uv": [ 3, 12, 4, 13 ], "texture": "#grill" },
				"up": { "uv": [ 3, 3, 4, 4 ], "texture": "#grill" },
				"north": { "uv": [ 12, 0, 13, 3 ], "texture": "#grill" },
				"south": { "uv": [ 3, 0, 4, 3 ], "texture": "#grill" },
				"west": { "uv": [ 3, 0, 4, 3 ], "texture": "#grill" },
				"east": { "uv": [ 12, 0, 13, 3 ], "texture": "#grill" }
			}
		},
		{
			"__comment": "Box1",
			"from": [ 19, 13, 12 ],
			"to": [ 20, 16, 13 ],
			"faces": {
				"down": { "uv": [ 3, 3, 4, 4 ], "texture": "#grill" },
				"up": { "uv": [ 3, 12, 4, 13 ], "texture": "#grill" },
				"north": { "uv": [ 12, 0, 13, 3 ], "texture": "#grill" },
				"south": { "uv": [ 3, 0, 4, 3 ], "texture": "#grill" },
				"west": { "uv": [ 12, 0, 13, 3 ], "texture": "#grill" },
				"east": { "uv": [ 3, 0, 4, 3 ], "texture": "#grill" }
			}
		},
		{
			"__comment": "Box1",
			"from": [ 19, 13, 3 ],
			"to": [ 20, 16, 4 ],
			"faces": {
				"down": { "uv": [ 3, 12, 4, 13 ], "texture": "#grill" },
				"up": { "uv": [ 3, 3, 4, 4 ], "texture": "#grill" },
				"north": { "uv": [ 12, 0, 13, 3 ], "texture": "#grill" },
				"south": { "uv": [ 3, 0, 4, 3 ], "texture": "#grill" },
				"west": { "uv": [ 3, 0, 4, 3 ], "texture": "#grill" },
				"east": { "uv": [ 12, 0, 13, 3 ], "texture": "#grill" }
			}
		},
		{
			"__comment": "Box1",
			"from": [ 12, 13, 3 ],
			"to": [ 13, 16, 4 ],
			"faces": {
				"down": { "uv": [ 12, 12, 13, 13 ], "texture": "#grill" },
				"up": { "uv": [ 12, 3, 13, 4 ], "texture": "#grill" },
				"north": { "uv": [ 3, 0, 4, 3 ], "texture": "#grill" },
				"south": { "uv": [ 12, 0, 13, 3 ], "texture": "#grill" },
				"west": { "uv": [ 3, 0, 4, 3 ], "texture": "#grill" },
				"east": { "uv": [ 12, 0, 13, 3 ], "texture": "#grill" }
			}
		},
		{
			"__comment": "Box1",
			"from": [ 19, 13, -13 ],
			"to": [ 20, 16, -12 ],
			"faces": {
				"down": { "uv": [ 3, 12, 4, 13 ], "texture": "#grill" },
				"up": { "uv": [ 3, 3, 4, 4 ], "texture": "#grill" },
				"north": { "uv": [ 12, 0, 13, 3 ], "texture": "#grill" },
				"south": { "uv": [ 3, 0, 4, 3 ], "texture": "#grill" },
				"west": { "uv": [ 3, 0, 4, 3 ], "texture": "#grill" },
				"east": { "uv": [ 12, 0, 13, 3 ], "texture": "#grill" }
			}
		},
		{
			"__comment": "Box1",
			"from": [ 28, 13, -13 ],
			"to": [ 29, 16, -12 ],
			"faces": {
				"down": { "uv": [ 12, 12, 13, 13 ], "texture": "#grill" },
				"up": { "uv": [ 12, 3, 13, 4 ], "texture": "#grill" },
				"north": { "uv": [ 3, 0, 4, 3 ], "texture": "#grill" },
				"south": { "uv": [ 12, 0, 13, 3 ], "texture": "#grill" },
				"west": { "uv": [ 3, 0, 4, 3 ], "texture": "#grill" },
				"east": { "uv": [ 12, 0, 13, 3 ], "texture": "#grill" }
			}
		},
		{
			"__comment": "Box1",
			"from": [ 3, 13, -4 ],
			"to": [ 4, 16, -3 ],
			"faces": {
				"down": { "uv": [ 3, 3, 4, 4 ], "texture": "#grill" },
				"up": { "uv": [ 3, 12, 4, 13 ], "texture": "#grill" },
				"north": { "uv": [ 12, 0, 13, 3 ], "texture": "#grill" },
				"south": { "uv": [ 3, 0, 4, 3 ], "texture": "#grill" },
				"west": { "uv": [ 12, 0, 13, 3 ], "texture": "#grill" },
				"east": { "uv": [ 3, 0, 4, 3 ], "texture": "#grill" }
			}
		},
		{
			"__comment": "Box1",
			"from": [ -4, 13, -4 ],
			"to": [ -3, 16, -3 ],
			"faces": {
				"down": { "uv": [ 12, 3, 13, 4 ], "texture": "#grill" },
				"up": { "uv": [ 12, 12, 13, 13 ], "texture": "#grill" },
				"north": { "uv": [ 3, 0, 4, 3 ], "texture": "#grill" },
				"south": { "uv": [ 12, 0, 13, 3 ], "texture": "#grill" },
				"west": { "uv": [ 12, 0, 13, 3 ], "texture": "#grill" },
				"east": { "uv": [ 3, 0, 4, 3 ], "texture": "#grill" }
			}
		},
		{
			"__comment": "Box1",
			"from": [ -4, 13, 3 ],
			"to": [ -3, 16, 4 ],
			"faces": {
				"down": { "uv": [ 12, 12, 13, 13 ], "texture": "#grill" },
				"up": { "uv": [ 12, 3, 13, 4 ], "texture": "#grill" },
				"north": { "uv": [ 3, 0, 4, 3 ], "texture": "#grill" },
				"south": { "uv": [ 12, 0, 13, 3 ], "texture": "#grill" },
				"west": { "uv": [ 3, 0, 4, 3 ], "texture": "#grill" },
				"east": { "uv": [ 12, 0, 13, 3 ], "texture": "#grill" }
			}
		},
		{
			"__comment": "Box1",
			"from": [ 12, 13, -4 ],
			"to": [ 13, 16, -3 ],
			"faces": {
				"down": { "uv": [ 12, 3, 13, 4 ], "texture": "#grill" },
				"up": { "uv": [ 12, 12, 13, 13 ], "texture": "#grill" },
				"north": { "uv": [ 3, 0, 4, 3 ], "texture": "#grill" },
				"south": { "uv": [ 12, 0, 13, 3 ], "texture": "#grill" },
				"west": { "uv": [ 12, 0, 13, 3 ], "texture": "#grill" },
				"east": { "uv": [ 3, 0, 4, 3 ], "texture": "#grill" }
			}
		},
		{
			"__comment": "Box1",
			"from": [ 12, 13, -13 ],
			"to": [ 13, 16, -12 ],
			"faces": {
				"down": { "uv": [ 12, 12, 13, 13 ], "texture": "#grill" },
				"up": { "uv": [ 12, 3, 13, 4 ], "texture": "#grill" },
				"north": { "uv": [ 3, 0, 4, 3 ], "texture": "#grill" },
				"south": { "uv": [ 12, 0, 13, 3 ], "texture": "#grill" },
				"west": { "uv": [ 3, 0, 4, 3 ], "texture": "#grill" },
				"east": { "uv": [ 12, 0, 13, 3 ], "texture": "#grill" }
			}
		},
		{
			"__comment": "Box1",
			"from": [ 19, 13, -4 ],
			"to": [ 20, 16, -3 ],
			"faces": {
				"down": { "uv": [ 3, 3, 4, 4 ], "texture": "#grill" },
				"up": { "uv": [ 3, 12, 4, 13 ], "texture": "#grill" },
				"north": { "uv": [ 12, 0, 13, 3 ], "texture": "#grill" },
				"south": { "uv": [ 3, 0, 4, 3 ], "texture": "#grill" },
				"west": { "uv": [ 12, 0, 13, 3 ], "texture": "#grill" },
				"east": { "uv": [ 3, 0, 4, 3 ], "texture": "#grill" }
			}
		},
		{
			"__comment": "Box1",
			"from": [ 28, 13, -4 ],
			"to": [ 29, 16, -3 ],
			"faces": {
				"down": { "uv": [ 12, 3, 13, 4 ], "texture": "#grill" },
				"up": { "uv": [ 12, 12, 13, 13 ], "texture": "#grill" },
				"north": { "uv": [ 3, 0, 4, 3 ], "texture": "#grill" },
				"south": { "uv": [ 12, 0, 13, 3 ], "texture": "#grill" },
				"west": { "uv": [ 12, 0, 13, 3 ], "texture": "#grill" },
				"east": { "uv": [ 3, 0, 4, 3 ], "texture": "#grill" }
			}
		},
		{
			"__comment": "Box1",
			"from": [ 28, 13, 3 ],
			"to": [ 29, 16, 4 ],
			"faces": {
				"down": { "uv": [ 12, 12, 13, 13 ], "texture": "#grill" },
				"up": { "uv": [ 12, 3, 13, 4 ], "texture": "#grill" },
				"north": { "uv": [ 3, 0, 4, 3 ], "texture": "#grill" },
				"south": { "uv": [ 12, 0, 13, 3 ], "texture": "#grill" },
				"west": { "uv": [ 3, 0, 4, 3 ], "texture": "#grill" },
				"east": { "uv": [ 12, 0, 13, 3 ], "texture": "#grill" }
			}
		},
		{
			"__comment": "Box1",
			"from": [ 30, 14, -16 ],
			"to": [ 32, 16, 0 ],
			"faces": {
				"down": { "uv": [ 14, 0, 16, 16 ], "texture": "#metal" },
				"up": { "uv": [ 14, 0, 16, 16 ], "texture": "#metal" },
				"north": { "uv": [ 0, 0, 2, 2 ], "texture": "#metal" },
				"south": { "uv": [ 14, 0, 16, 2 ], "texture": "#metal" },
				"west": { "uv": [ 0, 0, 16, 2 ], "texture": "#metal" },
				"east": { "uv": [ 0, 0, 16, 2 ], "texture": "#metal" }
			}
		},
		{
			"__comment": "Box1",
			"from": [ 28, 13, 12 ],
			"to": [ 29, 16, 13 ],
			"faces": {
				"down": { "uv": [ 12, 3, 13, 4 ], "texture": "#grill" },
				"up": { "uv": [ 12, 12, 13, 13 ], "texture": "#grill" },
				"north": { "uv": [ 3, 0, 4, 3 ], "texture": "#grill" },
				"south": { "uv": [ 12, 0, 13, 3 ], "texture": "#grill" },
				"west": { "uv": [ 12, 0, 13, 3 ], "texture": "#grill" },
				"east": { "uv": [ 3, 0, 4, 3 ], "texture": "#grill" }
			}
		},
		{
			"__comment": "Box1",
			"from": [ -13, 13, -13 ],
			"to": [ -12, 16, -12 ],
			"faces": {
				"down": { "uv": [ 3, 12, 4, 13 ], "texture": "#grill" },
				"up": { "uv": [ 3, 3, 4, 4 ], "texture": "#grill" },
				"north": { "uv": [ 12, 0, 13, 3 ], "texture": "#grill" },
				"south": { "uv": [ 3, 0, 4, 3 ], "texture": "#grill" },
				"west": { "uv": [ 3, 0, 4, 3 ], "texture": "#grill" },
				"east": { "uv": [ 12, 0, 13, 3 ], "texture": "#grill" }
			}
		},
		{
			"__comment": "Box1",
			"from": [ 20, 16, -13 ],
			"to": [ 28, 17, -12 ],
			"faces": {
				"down": { "uv": [ 4, 12, 12, 13 ], "texture": "#grill" },
				"up": { "uv": [ 4, 3, 12, 4 ], "texture": "#grill" },
				"north": { "uv": [ 4, 15, 12, 16 ], "texture": "#grill" },
				"south": { "uv": [ 4, 15, 12, 16 ], "texture": "#grill" },
				"west": { "uv": [ 3, 15, 4, 16 ], "texture": "#grill" },
				"east": { "uv": [ 12, 15, 13, 16 ], "texture": "#grill" }
			}
		},
		{
			"__comment": "Box1",
			"from": [ -4, 16, -13 ],
			"to": [ -3, 17, -3 ],
			"faces": {
				"down": { "uv": [ 12, 3, 13, 13 ], "texture": "#grill" },
				"up": { "uv": [ 12, 3, 13, 13 ], "texture": "#grill" },
				"north": { "uv": [ 3, 15, 4, 16 ], "texture": "#grill" },
				"south": { "uv": [ 12, 15, 13, 16 ], "texture": "#grill" },
				"west": { "uv": [ 3, 15, 13, 16 ], "texture": "#grill" },
				"east": { "uv": [ 3, 15, 13, 16 ], "texture": "#grill" }
			}
		},
		{
			"__comment": "Box1",
			"from": [ 3, 16, -13 ],
			"to": [ 4, 17, -3 ],
			"faces": {
				"down": { "uv": [ 3, 3, 4, 13 ], "texture": "#grill" },
				"up": { "uv": [ 3, 3, 4, 13 ], "texture": "#grill" },
				"north": { "uv": [ 12, 15, 13, 16 ], "texture": "#grill" },
				"south": { "uv": [ 3, 15, 4, 16 ], "texture": "#grill" },
				"west": { "uv": [ 3, 15, 13, 16 ], "texture": "#grill" },
				"east": { "uv": [ 3, 15, 13, 16 ], "texture": "#grill" }
			}
		},
		{
			"__comment": "Box1",
			"from": [ 12, 16, -13 ],
			"to": [ 13, 17, -3 ],
			"faces": {
				"down": { "uv": [ 12, 3, 13, 13 ], "texture": "#grill" },
				"up": { "uv": [ 12, 3, 13, 13 ], "texture": "#grill" },
				"north": { "uv": [ 3, 15, 4, 16 ], "texture": "#grill" },
				"south": { "uv": [ 12, 15, 13, 16 ], "texture": "#grill" },
				"west": { "uv": [ 3, 15, 13, 16 ], "texture": "#grill" },
				"east": { "uv": [ 3, 15, 13, 16 ], "texture": "#grill" }
			}
		},
		{
			"__comment": "Box1",
			"from": [ 28, 16, -13 ],
			"to": [ 29, 17, -3 ],
			"faces": {
				"down": { "uv": [ 12, 3, 13, 13 ], "texture": "#grill" },
				"up": { "uv": [ 12, 3, 13, 13 ], "texture": "#grill" },
				"north": { "uv": [ 3, 15, 4, 16 ], "texture": "#grill" },
				"south": { "uv": [ 12, 15, 13, 16 ], "texture": "#grill" },
				"west": { "uv": [ 3, 15, 13, 16 ], "texture": "#grill" },
				"east": { "uv": [ 3, 15, 13, 16 ], "texture": "#grill" }
			}
		},
		{
			"__comment": "Box1",
			"from": [ 28, 16, 3 ],
			"to": [ 29, 17, 13 ],
			"faces": {
				"down": { "uv": [ 12, 3, 13, 13 ], "texture": "#grill" },
				"up": { "uv": [ 12, 3, 13, 13 ], "texture": "#grill" },
				"north": { "uv": [ 3, 15, 4, 16 ], "texture": "#grill" },
				"south": { "uv": [ 12, 15, 13, 16 ], "texture": "#grill" },
				"west": { "uv": [ 3, 15, 13, 16 ], "texture": "#grill" },
				"east": { "uv": [ 3, 15, 13, 16 ], "texture": "#grill" }
			}
		},
		{
			"__comment": "Box1",
			"from": [ 12, 16, 3 ],
			"to": [ 13, 17, 13 ],
			"faces": {
				"down": { "uv": [ 12, 3, 13, 13 ], "texture": "#grill" },
				"up": { "uv": [ 12, 3, 13, 13 ], "texture": "#grill" },
				"north": { "uv": [ 3, 15, 4, 16 ], "texture": "#grill" },
				"south": { "uv": [ 12, 15, 13, 16 ], "texture": "#grill" },
				"west": { "uv": [ 3, 15, 13, 16 ], "texture": "#grill" },
				"east": { "uv": [ 3, 15, 13, 16 ], "texture": "#grill" }
			}
		},
		{
			"__comment": "Box1",
			"from": [ -4, 16, 3 ],
			"to": [ -3, 17, 13 ],
			"faces": {
				"down": { "uv": [ 12, 3, 13, 13 ], "texture": "#grill" },
				"up": { "uv": [ 12, 3, 13, 13 ], "texture": "#grill" },
				"north": { "uv": [ 3, 15, 4, 16 ], "texture": "#grill" },
				"south": { "uv": [ 12, 15, 13, 16 ], "texture": "#grill" },
				"west": { "uv": [ 3, 15, 13, 16 ], "texture": "#grill" },
				"east": { "uv": [ 3, 15, 13, 16 ], "texture": "#grill" }
			}
		},
		{
			"__comment": "Box1",
			"from": [ -13, 16, -13 ],
			"to": [ -12, 17, -3 ],
			"faces": {
				"down": { "uv": [ 3, 3, 4, 13 ], "texture": "#grill" },
				"up": { "uv": [ 3, 3, 4, 13 ], "texture": "#grill" },
				"north": { "uv": [ 12, 15, 13, 16 ], "texture": "#grill" },
				"south": { "uv": [ 3, 15, 4, 16 ], "texture": "#grill" },
				"west": { "uv": [ 3, 15, 13, 16 ], "texture": "#grill" },
				"east": { "uv": [ 3, 15, 13, 16 ], "texture": "#grill" }
			}
		},
		{
			"__comment": "Box1",
			"from": [ -12, 16, -13 ],
			"to": [ -4, 17, -12 ],
			"faces": {
				"down": { "uv": [ 4, 12, 12, 13 ], "texture": "#grill" },
				"up": { "uv": [ 4, 3, 12, 4 ], "texture": "#grill" },
				"north": { "uv": [ 4, 15, 12, 16 ], "texture": "#grill" },
				"south": { "uv": [ 4, 15, 12, 16 ], "texture": "#grill" },
				"west": { "uv": [ 3, 15, 4, 16 ], "texture": "#grill" },
				"east": { "uv": [ 12, 15, 13, 16 ], "texture": "#grill" }
			}
		},
		{
			"__comment": "Box1",
			"from": [ -12, 16, -4 ],
			"to": [ -4, 17, -3 ],
			"faces": {
				"down": { "uv": [ 4, 3, 12, 4 ], "texture": "#grill" },
				"up": { "uv": [ 4, 12, 12, 13 ], "texture": "#grill" },
				"north": { "uv": [ 4, 15, 12, 16 ], "texture": "#grill" },
				"south": { "uv": [ 4, 15, 12, 16 ], "texture": "#grill" },
				"west": { "uv": [ 12, 15, 13, 16 ], "texture": "#grill" },
				"east": { "uv": [ 3, 15, 4, 16 ], "texture": "#grill" }
			}
		},
		{
			"__comment": "Box1",
			"from": [ 19, 16, -13 ],
			"to": [ 20, 17, -3 ],
			"faces": {
				"down": { "uv": [ 3, 3, 4, 13 ], "texture": "#grill" },
				"up": { "uv": [ 3, 3, 4, 13 ], "texture": "#grill" },
				"north": { "uv": [ 12, 15, 13, 16 ], "texture": "#grill" },
				"south": { "uv": [ 3, 15, 4, 16 ], "texture": "#grill" },
				"west": { "uv": [ 3, 15, 13, 16 ], "texture": "#grill" },
				"east": { "uv": [ 3, 15, 13, 16 ], "texture": "#grill" }
			}
		},
		{
			"__comment": "Box1",
			"from": [ 19, 16, 3 ],
			"to": [ 20, 17, 13 ],
			"faces": {
				"down": { "uv": [ 3, 3, 4, 13 ], "texture": "#grill" },
				"up": { "uv": [ 3, 3, 4, 13 ], "texture": "#grill" },
				"north": { "uv": [ 12, 15, 13, 16 ], "texture": "#grill" },
				"south": { "uv": [ 3, 15, 4, 16 ], "texture": "#grill" },
				"west": { "uv": [ 3, 15, 13, 16 ], "texture": "#grill" },
				"east": { "uv": [ 3, 15, 13, 16 ], "texture": "#grill" }
			}
		},
		{
			"__comment": "Box1",
			"from": [ 20, 16, -4 ],
			"to": [ 28, 17, -3 ],
			"faces": {
				"down": { "uv": [ 4, 3, 12, 4 ], "texture": "#grill" },
				"up": { "uv": [ 4, 12, 12, 13 ], "texture": "#grill" },
				"north": { "uv": [ 4, 15, 12, 16 ], "texture": "#grill" },
				"south": { "uv": [ 4, 15, 12, 16 ], "texture": "#grill" },
				"west": { "uv": [ 12, 15, 13, 16 ], "texture": "#grill" },
				"east": { "uv": [ 3, 15, 4, 16 ], "texture": "#grill" }
			}
		},
		{
			"__comment": "Box1",
			"from": [ 20, 16, 3 ],
			"to": [ 28, 17, 4 ],
			"faces": {
				"down": { "uv": [ 4, 12, 12, 13 ], "texture": "#grill" },
				"up": { "uv": [ 4, 3, 12, 4 ], "texture": "#grill" },
				"north": { "uv": [ 4, 15, 12, 16 ], "texture": "#grill" },
				"south": { "uv": [ 4, 15, 12, 16 ], "texture": "#grill" },
				"west": { "uv": [ 3, 15, 4, 16 ], "texture": "#grill" },
				"east": { "uv": [ 12, 15, 13, 16 ], "texture": "#grill" }
			}
		},
		{
			"__comment": "Box1",
			"from": [ 20, 16, 12 ],
			"to": [ 28, 17, 13 ],
			"faces": {
				"down": { "uv": [ 4, 3, 12, 4 ], "texture": "#grill" },
				"up": { "uv": [ 4, 12, 12, 13 ], "texture": "#grill" },
				"north": { "uv": [ 4, 15, 12, 16 ], "texture": "#grill" },
				"south": { "uv": [ 4, 15, 12, 16 ], "texture": "#grill" },
				"west": { "uv": [ 12, 15, 13, 16 ], "texture": "#grill" },
				"east": { "uv": [ 3, 15, 4, 16 ], "texture": "#grill" }
			}
		},
		{
			"__comment": "Box1",
			"from": [ 4, 16, 12 ],
			"to": [ 12, 17, 13 ],
			"faces": {
				"down": { "uv": [ 4, 3, 12, 4 ], "texture": "#grill" },
				"up": { "uv": [ 4, 12, 12, 13 ], "texture": "#grill" },
				"north": { "uv": [ 4, 15, 12, 16 ], "texture": "#grill" },
				"south": { "uv": [ 4, 15, 12, 16 ], "texture": "#grill" },
				"west": { "uv": [ 12, 15, 13, 16 ], "texture": "#grill" },
				"east": { "uv": [ 3, 15, 4, 16 ], "texture": "#grill" }
			}
		},
		{
			"__comment": "Box1",
			"from": [ -12, 16, 3 ],
			"to": [ -4, 17, 4 ],
			"faces": {
				"down": { "uv": [ 4, 12, 12, 13 ], "texture": "#grill" },
				"up": { "uv": [ 4, 3, 12, 4 ], "texture": "#grill" },
				"north": { "uv": [ 4, 15, 12, 16 ], "texture": "#grill" },
				"south": { "uv": [ 4, 15, 12, 16 ], "texture": "#grill" },
				"west": { "uv": [ 3, 15, 4, 16 ], "texture": "#grill" },
				"east": { "uv": [ 12, 15, 13, 16 ], "texture": "#grill" }
			}
		},
		{
			"__comment": "Box1",
			"from": [ 4, 16, -4 ],
			"to": [ 12, 17, -3 ],
			"faces": {
				"down": { "uv": [ 4, 3, 12, 4 ], "texture": "#grill" },
				"up": { "uv": [ 4, 12, 12, 13 ], "texture": "#grill" },
				"north": { "uv": [ 4, 15, 12, 16 ], "texture": "#grill" },
				"south": { "uv": [ 4, 15, 12, 16 ], "texture": "#grill" },
				"west": { "uv": [ 12, 15, 13, 16 ], "texture": "#grill" },
				"east": { "uv": [ 3, 15, 4, 16 ], "texture": "#grill" }
			}
		},
		{
			"__comment": "Box1",
			"from": [ 4, 16, -13 ],
			"to": [ 12, 17, -12 ],
			"faces": {
				"down": { "uv": [ 4, 12, 12, 13 ], "texture": "#grill" },
				"up": { "uv": [ 4, 3, 12, 4 ], "texture": "#grill" },
				"north": { "uv": [ 4, 15, 12, 16 ], "texture": "#grill" },
				"south": { "uv": [ 4, 15, 12, 16 ], "texture": "#grill" },
				"west": { "uv": [ 3, 15, 4, 16 ], "texture": "#grill" },
				"east": { "uv": [ 12, 15, 13, 16 ], "texture": "#grill" }
			}
		},
		{
			"__comment": "Box1",
			"from": [ -14, 14, 0 ],
			"to": [ 0, 15, 14 ],
			"faces": {
				"down": { "uv": [ 2, 2, 16, 16 ], "texture": "#metal" },
				"up": { "uv": [ 2, 0, 16, 14 ], "texture": "#metal" },
				"north": { "uv": [ 0, 1, 14, 2 ], "texture": "#metal" },
				"south": { "uv": [ 2, 1, 16, 2 ], "texture": "#metal" },
				"west": { "uv": [ 0, 1, 14, 2 ], "texture": "#metal" },
				"east": { "uv": [ 2, 1, 16, 2 ], "texture": "#metal" }
			}
		},
		{
			"__comment": "Box1",
			"from": [ 0, 14, 0 ],
			"to": [ 16, 15, 14 ],
			"faces": {
				"down": { "uv": [ 0, 2, 16, 16 ], "texture": "#metal" },
				"up": { "uv": [ 0, 0, 16, 14 ], "texture": "#metal" },
				"north": { "uv": [ 0, 1, 16, 2 ], "texture": "#metal" },
				"south": { "uv": [ 0, 1, 16, 2 ], "texture": "#metal" },
				"west": { "uv": [ 0, 1, 14, 2 ], "texture": "#metal" },
				"east": { "uv": [ 2, 1, 16, 2 ], "texture": "#metal" }
			}
		},
		{
			"__comment": "Box1",
			"from": [ 16, 14, 0 ],
			"to": [ 30, 15, 14 ],
			"faces": {
				"down": { "uv": [ 0, 2, 14, 16 ], "texture": "#metal" },
				"up": { "uv": [ 0, 0, 14, 14 ], "texture": "#metal" },
				"north": { "uv": [ 2, 1, 16, 2 ], "texture": "#metal" },
				"south": { "uv": [ 0, 1, 14, 2 ], "texture": "#metal" },
				"west": { "uv": [ 0, 1, 14, 2 ], "texture": "#metal" },
				"east": { "uv": [ 2, 1, 16, 2 ], "texture": "#metal" }
			}
		},
		{
			"__comment": "Box1",
			"from": [ -14, 14, -14 ],
			"to": [ 0, 15, 0 ],
			"faces": {
				"down": { "uv": [ 2, 0, 16, 14 ], "texture": "#metal" },
				"up": { "uv": [ 2, 2, 16, 16 ], "texture": "#metal" },
				"north": { "uv": [ 0, 1, 14, 2 ], "texture": "#metal" },
				"south": { "uv": [ 2, 1, 16, 2 ], "texture": "#metal" },
				"west": { "uv": [ 2, 1, 16, 2 ], "texture": "#metal" },
				"east": { "uv": [ 0, 1, 14, 2 ], "texture": "#metal" }
			}
		},
		{
			"__comment": "Box1",
			"from": [ 0, 14, -14 ],
			"to": [ 16, 15, 0 ],
			"faces": {
				"down": { "uv": [ 0, 0, 16, 14 ], "texture": "#metal" },
				"up": { "uv": [ 0, 2, 16, 16 ], "texture": "#metal" },
				"north": { "uv": [ 0, 1, 16, 2 ], "texture": "#metal" },
				"south": { "uv": [ 0, 1, 16, 2 ], "texture": "#metal" },
				"west": { "uv": [ 2, 1, 16, 2 ], "texture": "#metal" },
				"east": { "uv": [ 0, 1, 14, 2 ], "texture": "#metal" }
			}
		},
		{
			"__comment": "Box1",
			"from": [ 16, 14, -14 ],
			"to": [ 30, 15, 0 ],
			"faces": {
				"down": { "uv": [ 0, 0, 14, 14 ], "texture": "#metal" },
				"up": { "uv": [ 0, 2, 14, 16 ], "texture": "#metal" },
				"north": { "uv": [ 2, 1, 16, 2 ], "texture": "#metal" },
				"south": { "uv": [ 0, 1, 14, 2 ], "texture": "#metal" },
				"west": { "uv": [ 2, 1, 16, 2 ], "texture": "#metal" },
				"east": { "uv": [ 0, 1, 14, 2 ], "texture": "#metal" }
			}
		},
		{
			"__comment": "Box1",
			"from": [ 4, 16, 3 ],
			"to": [ 12, 17, 4 ],
			"faces": {
				"down": { "uv": [ 4, 12, 12, 13 ], "texture": "#grill" },
				"up": { "uv": [ 4, 3, 12, 4 ], "texture": "#grill" },
				"north": { "uv": [ 4, 15, 12, 16 ], "texture": "#grill" },
				"south": { "uv": [ 4, 15, 12, 16 ], "texture": "#grill" },
				"west": { "uv": [ 3, 15, 4, 16 ], "texture": "#grill" },
				"east": { "uv": [ 12, 15, 13, 16 ], "texture": "#grill" }
			}
		},
		{
			"__comment": "Box1",
			"from": [ 3, 16, 3 ],
			"to": [ 4, 17, 13 ],
			"faces": {
				"down": { "uv": [ 3, 3, 4, 13 ], "texture": "#grill" },
				"up": { "uv": [ 3, 3, 4, 13 ], "texture": "#grill" },
				"north": { "uv": [ 12, 15, 13, 16 ], "texture": "#grill" },
				"south": { "uv": [ 3, 15, 4, 16 ], "texture": "#grill" },
				"west": { "uv": [ 3, 15, 13, 16 ], "texture": "#grill" },
				"east": { "uv": [ 3, 15, 13, 16 ], "texture": "#grill" }
			}
		},
		{
			"__comment": "Box1",
			"from": [ -13, 16, 3 ],
			"to": [ -12, 17, 13 ],
			"faces": {
				"down": { "uv": [ 3, 3, 4, 13 ], "texture": "#grill" },
				"up": { "uv": [ 3, 3, 4, 13 ], "texture": "#grill" },
				"north": { "uv": [ 12, 15, 13, 16 ], "texture": "#grill" },
				"south": { "uv": [ 3, 15, 4, 16 ], "texture": "#grill" },
				"west": { "uv": [ 3, 15, 13, 16 ], "texture": "#grill" },
				"east": { "uv": [ 3, 15, 13, 16 ], "texture": "#grill" }
			}
		},
		{
			"__comment": "Box1",
			"from": [ 26, 10.5, 16 ],
			"to": [ 29, 13.5, 16.5 ],
			"faces": {
				"down": { "uv": [ 4, 3, 12, 4 ], "texture": "#grill" },
				"up": { "uv": [ 4, 12, 12, 13 ], "texture": "#grill" },
				"north": { "uv": [ 4, 15, 12, 16 ], "texture": "#grill" },
				"south": { "uv": [ 4, 15, 12, 16 ], "texture": "#grill" },
				"west": { "uv": [ 12, 15, 13, 16 ], "texture": "#grill" },
				"east": { "uv": [ 3, 15, 4, 16 ], "texture": "#grill" }
			}
		},
		{
			"__comment": "burner7",
			"from": [ -8, 15.9999, 11.6875 ],
			"to": [ -4, 16.9999, 12.6875 ],
			"rotation": { "origin": [ -4, 15.9999, 12.6875 ], "axis": "y", "angle": -45 },
			"faces": {
				"down": { "uv": [ 9.878679, 5.848034, 13.87868, 6.848034 ], "texture": "#grill" },
				"up": { "uv": [ 9.878679, 9.151966, 13.87868, 10.15197 ], "texture": "#grill" },
				"north": { "uv": [ 2.121321, 0, 6.121321, 0.0001001358 ], "texture": "#grill" },
				"south": { "uv": [ 9.878679, 0, 13.87868, 0.0001001358 ], "texture": "#grill" },
				"west": { "uv": [ 9.151966, 0, 10.15197, 0.0001001358 ], "texture": "#grill" },
				"east": { "uv": [ 5.848034, 0, 6.848034, 0.0001001358 ], "texture": "#grill" }
			}
		},
		{
			"__comment": "burner6",
			"from": [ -12.6875, 15.9999, 12 ],
			"to": [ -8.6875, 16.9999, 13 ],
			"rotation": { "origin": [ -12.6875, 15.9999, 12 ], "axis": "y", "angle": 45 },
			"faces": {
				"down": { "uv": [ 3.3125, 3, 7.3125, 4 ], "texture": "#grill" },
				"up": { "uv": [ 3.3125, 12, 7.3125, 13 ], "texture": "#grill" },
				"north": { "uv": [ 8.6875, 0, 12.6875, 0.0001001358 ], "texture": "#grill" },
				"south": { "uv": [ 3.3125, 0, 7.3125, 0.0001001358 ], "texture": "#grill" },
				"west": { "uv": [ 12, 0, 13, 0.0001001358 ], "texture": "#grill" },
				"east": { "uv": [ 3, 0, 4, 0.0001001358 ], "texture": "#grill" }
			}
		},
		{
			"__comment": "burner1",
			"from": [ -7.3125, 15.9999, 3 ],
			"to": [ -3.3125, 16.9999, 4 ],
			"rotation": { "origin": [ -3.3125, 15.9999, 4 ], "axis": "y", "angle": 45 },
			"faces": {
				"down": { "uv": [ 9.151966, 8.878679, 13.15197, 9.878679 ], "texture": "#grill" },
				"up": { "uv": [ 9.151966, 6.121321, 13.15197, 7.121321 ], "texture": "#grill" },
				"north": { "uv": [ 2.848034, 0, 6.848034, 0.0001001358 ], "texture": "#grill" },
				"south": { "uv": [ 9.151966, 0, 13.15197, 0.0001001358 ], "texture": "#grill" },
				"west": { "uv": [ 6.121321, 0, 7.121321, 0.0001001358 ], "texture": "#grill" },
				"east": { "uv": [ 8.878679, 0, 9.878679, 0.0001001358 ], "texture": "#grill" }
			}
		},
		{
			"__comment": "burner2",
			"from": [ -12, 15.9999, 3.3125 ],
			"to": [ -8, 16.9999, 4.3125 ],
			"rotation": { "origin": [ -12, 15.9999, 3.3125 ], "axis": "y", "angle": -45 },
			"faces": {
				"down": { "uv": [ 4, 11.6875, 8, 12.6875 ], "texture": "#grill" },
				"up": { "uv": [ 4, 3.3125, 8, 4.3125 ], "texture": "#grill" },
				"north": { "uv": [ 8, 0, 12, 0.0001001358 ], "texture": "#grill" },
				"south": { "uv": [ 4, 0, 8, 0.0001001358 ], "texture": "#grill" },
				"west": { "uv": [ 3.3125, 0, 4.3125, 0.0001001358 ], "texture": "#grill" },
				"east": { "uv": [ 11.6875, 0, 12.6875, 0.0001001358 ], "texture": "#grill" }
			}
		},
		{
			"__comment": "burner3",
			"from": [ -8.5, 15.9999, 4 ],
			"to": [ -7.5, 16.9999, 6 ],
			"faces": {
				"down": { "uv": [ 7.5, 10, 8.5, 12 ], "texture": "#grill" },
				"up": { "uv": [ 7.5, 4, 8.5, 6 ], "texture": "#grill" },
				"north": { "uv": [ 7.5, 0, 8.5, 0.0001001358 ], "texture": "#grill" },
				"south": { "uv": [ 7.5, 0, 8.5, 0.0001001358 ], "texture": "#grill" },
				"west": { "uv": [ 4, 0, 6, 0.0001001358 ], "texture": "#grill" },
				"east": { "uv": [ 10, 0, 12, 0.0001001358 ], "texture": "#grill" }
			}
		},
		{
			"__comment": "burner4",
			"from": [ -8.5, 15.9999, 10 ],
			"to": [ -7.5, 16.9999, 12 ],
			"faces": {
				"down": { "uv": [ 7.5, 4, 8.5, 6 ], "texture": "#grill" },
				"up": { "uv": [ 7.5, 10, 8.5, 12 ], "texture": "#grill" },
				"north": { "uv": [ 7.5, 0, 8.5, 0.0001001358 ], "texture": "#grill" },
				"south": { "uv": [ 7.5, 0, 8.5, 0.0001001358 ], "texture": "#grill" },
				"west": { "uv": [ 10, 0, 12, 0.0001001358 ], "texture": "#grill" },
				"east": { "uv": [ 4, 0, 6, 0.0001001358 ], "texture": "#grill" }
			}
		},
		{
			"__comment": "burner5",
			"from": [ -12, 15.9999, 7.5 ],
			"to": [ -10, 16.9999, 8.5 ],
			"faces": {
				"down": { "uv": [ 4, 7.5, 6, 8.5 ], "texture": "#grill" },
				"up": { "uv": [ 4, 7.5, 6, 8.5 ], "texture": "#grill" },
				"north": { "uv": [ 10, 0, 12, 0.0001001358 ], "texture": "#grill" },
				"south": { "uv": [ 4, 0, 6, 0.0001001358 ], "texture": "#grill" },
				"west": { "uv": [ 7.5, 0, 8.5, 0.0001001358 ], "texture": "#grill" },
				"east": { "uv": [ 7.5, 0, 8.5, 0.0001001358 ], "texture": "#grill" }
			}
		},
		{
			"__comment": "burner",
			"from": [ -6, 15.9999, 7.5 ],
			"to": [ -4, 16.9999, 8.5 ],
			"faces": {
				"down": { "uv": [ 10, 7.5, 12, 8.5 ], "texture": "#grill" },
				"up": { "uv": [ 10, 7.5, 12, 8.5 ], "texture": "#grill" },
				"north": { "uv": [ 4, 0, 6, 0.0001001358 ], "texture": "#grill" },
				"south": { "uv": [ 10, 0, 12, 0.0001001358 ], "texture": "#grill" },
				"west": { "uv": [ 7.5, 0, 8.5, 0.0001001358 ], "texture": "#grill" },
				"east": { "uv": [ 7.5, 0, 8.5, 0.0001001358 ], "texture": "#grill" }
			}
		},
		{
			"__comment": "burner7",
			"from": [ 8, 15.9999, 11.6875 ],
			"to": [ 12, 16.9999, 12.6875 ],
			"rotation": { "origin": [ 12, 15.9999, 12.6875 ], "axis": "y", "angle": -45 },
			"faces": {
				"down": { "uv": [ 9.878679, 5.848034, 13.87868, 6.848034 ], "texture": "#grill" },
				"up": { "uv": [ 9.878679, 9.151966, 13.87868, 10.15197 ], "texture": "#grill" },
				"north": { "uv": [ 2.121321, 0, 6.121321, 0.0001001358 ], "texture": "#grill" },
				"south": { "uv": [ 9.878679, 0, 13.87868, 0.0001001358 ], "texture": "#grill" },
				"west": { "uv": [ 9.151966, 0, 10.15197, 0.0001001358 ], "texture": "#grill" },
				"east": { "uv": [ 5.848034, 0, 6.848034, 0.0001001358 ], "texture": "#grill" }
			}
		},
		{
			"__comment": "burner6",
			"from": [ 3.3125, 15.9999, 12 ],
			"to": [ 7.3125, 16.9999, 13 ],
			"rotation": { "origin": [ 3.3125, 15.9999, 12 ], "axis": "y", "angle": 45 },
			"faces": {
				"down": { "uv": [ 3.3125, 3, 7.3125, 4 ], "texture": "#grill" },
				"up": { "uv": [ 3.3125, 12, 7.3125, 13 ], "texture": "#grill" },
				"north": { "uv": [ 8.6875, 0, 12.6875, 0.0001001358 ], "texture": "#grill" },
				"south": { "uv": [ 3.3125, 0, 7.3125, 0.0001001358 ], "texture": "#grill" },
				"west": { "uv": [ 12, 0, 13, 0.0001001358 ], "texture": "#grill" },
				"east": { "uv": [ 3, 0, 4, 0.0001001358 ], "texture": "#grill" }
			}
		},
		{
			"__comment": "burner1",
			"from": [ 8.6875, 15.9999, 3 ],
			"to": [ 12.6875, 16.9999, 4 ],
			"rotation": { "origin": [ 12.6875, 15.9999, 4 ], "axis": "y", "angle": 45 },
			"faces": {
				"down": { "uv": [ 9.151966, 8.878679, 13.15197, 9.878679 ], "texture": "#grill" },
				"up": { "uv": [ 9.151966, 6.121321, 13.15197, 7.121321 ], "texture": "#grill" },
				"north": { "uv": [ 2.848034, 0, 6.848034, 0.0001001358 ], "texture": "#grill" },
				"south": { "uv": [ 9.151966, 0, 13.15197, 0.0001001358 ], "texture": "#grill" },
				"west": { "uv": [ 6.121321, 0, 7.121321, 0.0001001358 ], "texture": "#grill" },
				"east": { "uv": [ 8.878679, 0, 9.878679, 0.0001001358 ], "texture": "#grill" }
			}
		},
		{
			"__comment": "burner2",
			"from": [ 4, 15.9999, 3.3125 ],
			"to": [ 8, 16.9999, 4.3125 ],
			"rotation": { "origin": [ 4, 15.9999, 3.3125 ], "axis": "y", "angle": -45 },
			"faces": {
				"down": { "uv": [ 4, 11.6875, 8, 12.6875 ], "texture": "#grill" },
				"up": { "uv": [ 4, 3.3125, 8, 4.3125 ], "texture": "#grill" },
				"north": { "uv": [ 8, 0, 12, 0.0001001358 ], "texture": "#grill" },
				"south": { "uv": [ 4, 0, 8, 0.0001001358 ], "texture": "#grill" },
				"west": { "uv": [ 3.3125, 0, 4.3125, 0.0001001358 ], "texture": "#grill" },
				"east": { "uv": [ 11.6875, 0, 12.6875, 0.0001001358 ], "texture": "#grill" }
			}
		},
		{
			"__comment": "burner4",
			"from": [ 7.5, 15.9999, 10 ],
			"to": [ 8.5, 16.9999, 12 ],
			"faces": {
				"down": { "uv": [ 7.5, 4, 8.5, 6 ], "texture": "#grill" },
				"up": { "uv": [ 7.5, 10, 8.5, 12 ], "texture": "#grill" },
				"north": { "uv": [ 7.5, 0, 8.5, 0.0001001358 ], "texture": "#grill" },
				"south": { "uv": [ 7.5, 0, 8.5, 0.0001001358 ], "texture": "#grill" },
				"west": { "uv": [ 10, 0, 12, 0.0001001358 ], "texture": "#grill" },
				"east": { "uv": [ 4, 0, 6, 0.0001001358 ], "texture": "#grill" }
			}
		},
		{
			"__comment": "burner5",
			"from": [ 4, 15.9999, 7.5 ],
			"to": [ 6, 16.9999, 8.5 ],
			"faces": {
				"down": { "uv": [ 4, 7.5, 6, 8.5 ], "texture": "#grill" },
				"up": { "uv": [ 4, 7.5, 6, 8.5 ], "texture": "#grill" },
				"north": { "uv": [ 10, 0, 12, 0.0001001358 ], "texture": "#grill" },
				"south": { "uv": [ 4, 0, 6, 0.0001001358 ], "texture": "#grill" },
				"west": { "uv": [ 7.5, 0, 8.5, 0.0001001358 ], "texture": "#grill" },
				"east": { "uv": [ 7.5, 0, 8.5, 0.0001001358 ], "texture": "#grill" }
			}
		},
		{
			"__comment": "burner",
			"from": [ 10, 15.9999, 7.5 ],
			"to": [ 12, 16.9999, 8.5 ],
			"faces": {
				"down": { "uv": [ 10, 7.5, 12, 8.5 ], "texture": "#grill" },
				"up": { "uv": [ 10, 7.5, 12, 8.5 ], "texture": "#grill" },
				"north": { "uv": [ 4, 0, 6, 0.0001001358 ], "texture": "#grill" },
				"south": { "uv": [ 10, 0, 12, 0.0001001358 ], "texture": "#grill" },
				"west": { "uv": [ 7.5, 0, 8.5, 0.0001001358 ], "texture": "#grill" },
				"east": { "uv": [ 7.5, 0, 8.5, 0.0001001358 ], "texture": "#grill" }
			}
		},
		{
			"__comment": "burner7",
			"from": [ 24, 15.9999, 11.6875 ],
			"to": [ 28, 16.9999, 12.6875 ],
			"rotation": { "origin": [ 28, 15.9999, 12.6875 ], "axis": "y", "angle": -45 },
			"faces": {
				"down": { "uv": [ 9.878679, 5.848034, 13.87868, 6.848034 ], "texture": "#grill" },
				"up": { "uv": [ 9.878679, 9.151966, 13.87868, 10.15197 ], "texture": "#grill" },
				"north": { "uv": [ 2.121321, 0, 6.121321, 0.0001001358 ], "texture": "#grill" },
				"south": { "uv": [ 9.878679, 0, 13.87868, 0.0001001358 ], "texture": "#grill" },
				"west": { "uv": [ 9.151966, 0, 10.15197, 0.0001001358 ], "texture": "#grill" },
				"east": { "uv": [ 5.848034, 0, 6.848034, 0.0001001358 ], "texture": "#grill" }
			}
		},
		{
			"__comment": "burner6",
			"from": [ 19.3125, 15.9999, 12 ],
			"to": [ 23.3125, 16.9999, 13 ],
			"rotation": { "origin": [ 19.3125, 15.9999, 12 ], "axis": "y", "angle": 45 },
			"faces": {
				"down": { "uv": [ 3.3125, 3, 7.3125, 4 ], "texture": "#grill" },
				"up": { "uv": [ 3.3125, 12, 7.3125, 13 ], "texture": "#grill" },
				"north": { "uv": [ 8.6875, 0, 12.6875, 0.0001001358 ], "texture": "#grill" },
				"south": { "uv": [ 3.3125, 0, 7.3125, 0.0001001358 ], "texture": "#grill" },
				"west": { "uv": [ 12, 0, 13, 0.0001001358 ], "texture": "#grill" },
				"east": { "uv": [ 3, 0, 4, 0.0001001358 ], "texture": "#grill" }
			}
		},
		{
			"__comment": "burner1",
			"from": [ 24.6875, 15.9999, 3 ],
			"to": [ 28.6875, 16.9999, 4 ],
			"rotation": { "origin": [ 28.6875, 15.9999, 4 ], "axis": "y", "angle": 45 },
			"faces": {
				"down": { "uv": [ 9.151966, 8.878679, 13.15197, 9.878679 ], "texture": "#grill" },
				"up": { "uv": [ 9.151966, 6.121321, 13.15197, 7.121321 ], "texture": "#grill" },
				"north": { "uv": [ 2.848034, 0, 6.848034, 0.0001001358 ], "texture": "#grill" },
				"south": { "uv": [ 9.151966, 0, 13.15197, 0.0001001358 ], "texture": "#grill" },
				"west": { "uv": [ 6.121321, 0, 7.121321, 0.0001001358 ], "texture": "#grill" },
				"east": { "uv": [ 8.878679, 0, 9.878679, 0.0001001358 ], "texture": "#grill" }
			}
		},
		{
			"__comment": "burner2",
			"from": [ 20, 15.9999, 3.3125 ],
			"to": [ 24, 16.9999, 4.3125 ],
			"rotation": { "origin": [ 20, 15.9999, 3.3125 ], "axis": "y", "angle": -45 },
			"faces": {
				"down": { "uv": [ 4, 11.6875, 8, 12.6875 ], "texture": "#grill" },
				"up": { "uv": [ 4, 3.3125, 8, 4.3125 ], "texture": "#grill" },
				"north": { "uv": [ 8, 0, 12, 0.0001001358 ], "texture": "#grill" },
				"south": { "uv": [ 4, 0, 8, 0.0001001358 ], "texture": "#grill" },
				"west": { "uv": [ 3.3125, 0, 4.3125, 0.0001001358 ], "texture": "#grill" },
				"east": { "uv": [ 11.6875, 0, 12.6875, 0.0001001358 ], "texture": "#grill" }
			}
		},
		{
			"__comment": "burner3",
			"from": [ 23.5, 15.9999, 4 ],
			"to": [ 24.5, 16.9999, 6 ],
			"faces": {
				"down": { "uv": [ 7.5, 10, 8.5, 12 ], "texture": "#grill" },
				"up": { "uv": [ 7.5, 4, 8.5, 6 ], "texture": "#grill" },
				"north": { "uv": [ 7.5, 0, 8.5, 0.0001001358 ], "texture": "#grill" },
				"south": { "uv": [ 7.5, 0, 8.5, 0.0001001358 ], "texture": "#grill" },
				"west": { "uv": [ 4, 0, 6, 0.0001001358 ], "texture": "#grill" },
				"east": { "uv": [ 10, 0, 12, 0.0001001358 ], "texture": "#grill" }
			}
		},
		{
			"__comment": "burner4",
			"from": [ 23.5, 15.9999, 10 ],
			"to": [ 24.5, 16.9999, 12 ],
			"faces": {
				"down": { "uv": [ 7.5, 4, 8.5, 6 ], "texture": "#grill" },
				"up": { "uv": [ 7.5, 10, 8.5, 12 ], "texture": "#grill" },
				"north": { "uv": [ 7.5, 0, 8.5, 0.0001001358 ], "texture": "#grill" },
				"south": { "uv": [ 7.5, 0, 8.5, 0.0001001358 ], "texture": "#grill" },
				"west": { "uv": [ 10, 0, 12, 0.0001001358 ], "texture": "#grill" },
				"east": { "uv": [ 4, 0, 6, 0.0001001358 ], "texture": "#grill" }
			}
		},
		{
			"__comment": "burner5",
			"from": [ 20, 15.9999, 7.5 ],
			"to": [ 22, 16.9999, 8.5 ],
			"faces": {
				"down": { "uv": [ 4, 7.5, 6, 8.5 ], "texture": "#grill" },
				"up": { "uv": [ 4, 7.5, 6, 8.5 ], "texture": "#grill" },
				"north": { "uv": [ 10, 0, 12, 0.0001001358 ], "texture": "#grill" },
				"south": { "uv": [ 4, 0, 6, 0.0001001358 ], "texture": "#grill" },
				"west": { "uv": [ 7.5, 0, 8.5, 0.0001001358 ], "texture": "#grill" },
				"east": { "uv": [ 7.5, 0, 8.5, 0.0001001358 ], "texture": "#grill" }
			}
		},
		{
			"__comment": "burner",
			"from": [ 26, 15.9999, 7.5 ],
			"to": [ 28, 16.9999, 8.5 ],
			"faces": {
				"down": { "uv": [ 10, 7.5, 12, 8.5 ], "texture": "#grill" },
				"up": { "uv": [ 10, 7.5, 12, 8.5 ], "texture": "#grill" },
				"north": { "uv": [ 4, 0, 6, 0.0001001358 ], "texture": "#grill" },
				"south": { "uv": [ 10, 0, 12, 0.0001001358 ], "texture": "#grill" },
				"west": { "uv": [ 7.5, 0, 8.5, 0.0001001358 ], "texture": "#grill" },
				"east": { "uv": [ 7.5, 0, 8.5, 0.0001001358 ], "texture": "#grill" }
			}
		},
		{
			"__comment": "burner",
			"from": [ 26, 15.9999, -8.5 ],
			"to": [ 28, 16.9999, -7.5 ],
			"faces": {
				"down": { "uv": [ 10, 7.5, 12, 8.5 ], "texture": "#grill" },
				"up": { "uv": [ 10, 7.5, 12, 8.5 ], "texture": "#grill" },
				"north": { "uv": [ 4, 0, 6, 0.0001001358 ], "texture": "#grill" },
				"south": { "uv": [ 10, 0, 12, 0.0001001358 ], "texture": "#grill" },
				"west": { "uv": [ 7.5, 0, 8.5, 0.0001001358 ], "texture": "#grill" },
				"east": { "uv": [ 7.5, 0, 8.5, 0.0001001358 ], "texture": "#grill" }
			}
		},
		{
			"__comment": "burner7",
			"from": [ -8, 15.9999, -4.3125 ],
			"to": [ -4, 16.9999, -3.3125 ],
			"rotation": { "origin": [ -4, 15.9999, -3.3125 ], "axis": "y", "angle": -45 },
			"faces": {
				"down": { "uv": [ 9.878679, 5.848034, 13.87868, 6.848034 ], "texture": "#grill" },
				"up": { "uv": [ 9.878679, 9.151966, 13.87868, 10.15197 ], "texture": "#grill" },
				"north": { "uv": [ 2.121321, 0, 6.121321, 0.0001001358 ], "texture": "#grill" },
				"south": { "uv": [ 9.878679, 0, 13.87868, 0.0001001358 ], "texture": "#grill" },
				"west": { "uv": [ 9.151966, 0, 10.15197, 0.0001001358 ], "texture": "#grill" },
				"east": { "uv": [ 5.848034, 0, 6.848034, 0.0001001358 ], "texture": "#grill" }
			}
		},
		{
			"__comment": "burner6",
			"from": [ -12.6875, 15.9999, -4 ],
			"to": [ -8.6875, 16.9999, -3 ],
			"rotation": { "origin": [ -12.6875, 15.9999, -4 ], "axis": "y", "angle": 45 },
			"faces": {
				"down": { "uv": [ 3.3125, 3, 7.3125, 4 ], "texture": "#grill" },
				"up": { "uv": [ 3.3125, 12, 7.3125, 13 ], "texture": "#grill" },
				"north": { "uv": [ 8.6875, 0, 12.6875, 0.0001001358 ], "texture": "#grill" },
				"south": { "uv": [ 3.3125, 0, 7.3125, 0.0001001358 ], "texture": "#grill" },
				"west": { "uv": [ 12, 0, 13, 0.0001001358 ], "texture": "#grill" },
				"east": { "uv": [ 3, 0, 4, 0.0001001358 ], "texture": "#grill" }
			}
		},
		{
			"__comment": "burner1",
			"from": [ -7.3125, 15.9999, -13 ],
			"to": [ -3.3125, 16.9999, -12 ],
			"rotation": { "origin": [ -3.3125, 15.9999, -12 ], "axis": "y", "angle": 45 },
			"faces": {
				"down": { "uv": [ 9.151966, 8.878679, 13.15197, 9.878679 ], "texture": "#grill" },
				"up": { "uv": [ 9.151966, 6.121321, 13.15197, 7.121321 ], "texture": "#grill" },
				"north": { "uv": [ 2.848034, 0, 6.848034, 0.0001001358 ], "texture": "#grill" },
				"south": { "uv": [ 9.151966, 0, 13.15197, 0.0001001358 ], "texture": "#grill" },
				"west": { "uv": [ 6.121321, 0, 7.121321, 0.0001001358 ], "texture": "#grill" },
				"east": { "uv": [ 8.878679, 0, 9.878679, 0.0001001358 ], "texture": "#grill" }
			}
		},
		{
			"__comment": "burner2",
			"from": [ -12, 15.9999, -12.6875 ],
			"to": [ -8, 16.9999, -11.6875 ],
			"rotation": { "origin": [ -12, 15.9999, -12.6875 ], "axis": "y", "angle": -45 },
			"faces": {
				"down": { "uv": [ 4, 11.6875, 8, 12.6875 ], "texture": "#grill" },
				"up": { "uv": [ 4, 3.3125, 8, 4.3125 ], "texture": "#grill" },
				"north": { "uv": [ 8, 0, 12, 0.0001001358 ], "texture": "#grill" },
				"south": { "uv": [ 4, 0, 8, 0.0001001358 ], "texture": "#grill" },
				"west": { "uv": [ 3.3125, 0, 4.3125, 0.0001001358 ], "texture": "#grill" },
				"east": { "uv": [ 11.6875, 0, 12.6875, 0.0001001358 ], "texture": "#grill" }
			}
		},
		{
			"__comment": "burner3",
			"from": [ -8.5, 15.9999, -12 ],
			"to": [ -7.5, 16.9999, -10 ],
			"faces": {
				"down": { "uv": [ 7.5, 10, 8.5, 12 ], "texture": "#grill" },
				"up": { "uv": [ 7.5, 4, 8.5, 6 ], "texture": "#grill" },
				"north": { "uv": [ 7.5, 0, 8.5, 0.0001001358 ], "texture": "#grill" },
				"south": { "uv": [ 7.5, 0, 8.5, 0.0001001358 ], "texture": "#grill" },
				"west": { "uv": [ 4, 0, 6, 0.0001001358 ], "texture": "#grill" },
				"east": { "uv": [ 10, 0, 12, 0.0001001358 ], "texture": "#grill" }
			}
		},
		{
			"__comment": "burner4",
			"from": [ -8.5, 15.9999, -6 ],
			"to": [ -7.5, 16.9999, -4 ],
			"faces": {
				"down": { "uv": [ 7.5, 4, 8.5, 6 ], "texture": "#grill" },
				"up": { "uv": [ 7.5, 10, 8.5, 12 ], "texture": "#grill" },
				"north": { "uv": [ 7.5, 0, 8.5, 0.0001001358 ], "texture": "#grill" },
				"south": { "uv": [ 7.5, 0, 8.5, 0.0001001358 ], "texture": "#grill" },
				"west": { "uv": [ 10, 0, 12, 0.0001001358 ], "texture": "#grill" },
				"east": { "uv": [ 4, 0, 6, 0.0001001358 ], "texture": "#grill" }
			}
		},
		{
			"__comment": "burner5",
			"from": [ -12, 15.9999, -8.5 ],
			"to": [ -10, 16.9999, -7.5 ],
			"faces": {
				"down": { "uv": [ 4, 7.5, 6, 8.5 ], "texture": "#grill" },
				"up": { "uv": [ 4, 7.5, 6, 8.5 ], "texture": "#grill" },
				"north": { "uv": [ 10, 0, 12, 0.0001001358 ], "texture": "#grill" },
				"south": { "uv": [ 4, 0, 6, 0.0001001358 ], "texture": "#grill" },
				"west": { "uv": [ 7.5, 0, 8.5, 0.0001001358 ], "texture": "#grill" },
				"east": { "uv": [ 7.5, 0, 8.5, 0.0001001358 ], "texture": "#grill" }
			}
		},
		{
			"__comment": "burner",
			"from": [ -6, 15.9999, -8.5 ],
			"to": [ -4, 16.9999, -7.5 ],
			"faces": {
				"down": { "uv": [ 10, 7.5, 12, 8.5 ], "texture": "#grill" },
				"up": { "uv": [ 10, 7.5, 12, 8.5 ], "texture": "#grill" },
				"north": { "uv": [ 4, 0, 6, 0.0001001358 ], "texture": "#grill" },
				"south": { "uv": [ 10, 0, 12, 0.0001001358 ], "texture": "#grill" },
				"west": { "uv": [ 7.5, 0, 8.5, 0.0001001358 ], "texture": "#grill" },
				"east": { "uv": [ 7.5, 0, 8.5, 0.0001001358 ], "texture": "#grill" }
			}
		},
		{
			"__comment": "burner7",
			"from": [ 8, 15.9999, -4.3125 ],
			"to": [ 12, 16.9999, -3.3125 ],
			"rotation": { "origin": [ 12, 15.9999, -3.3125 ], "axis": "y", "angle": -45 },
			"faces": {
				"down": { "uv": [ 9.878679, 5.848034, 13.87868, 6.848034 ], "texture": "#grill" },
				"up": { "uv": [ 9.878679, 9.151966, 13.87868, 10.15197 ], "texture": "#grill" },
				"north": { "uv": [ 2.121321, 0, 6.121321, 0.0001001358 ], "texture": "#grill" },
				"south": { "uv": [ 9.878679, 0, 13.87868, 0.0001001358 ], "texture": "#grill" },
				"west": { "uv": [ 9.151966, 0, 10.15197, 0.0001001358 ], "texture": "#grill" },
				"east": { "uv": [ 5.848034, 0, 6.848034, 0.0001001358 ], "texture": "#grill" }
			}
		},
		{
			"__comment": "burner6",
			"from": [ 3.3125, 15.9999, -4 ],
			"to": [ 7.3125, 16.9999, -3 ],
			"rotation": { "origin": [ 3.3125, 15.9999, -4 ], "axis": "y", "angle": 45 },
			"faces": {
				"down": { "uv": [ 3.3125, 3, 7.3125, 4 ], "texture": "#grill" },
				"up": { "uv": [ 3.3125, 12, 7.3125, 13 ], "texture": "#grill" },
				"north": { "uv": [ 8.6875, 0, 12.6875, 0.0001001358 ], "texture": "#grill" },
				"south": { "uv": [ 3.3125, 0, 7.3125, 0.0001001358 ], "texture": "#grill" },
				"west": { "uv": [ 12, 0, 13, 0.0001001358 ], "texture": "#grill" },
				"east": { "uv": [ 3, 0, 4, 0.0001001358 ], "texture": "#grill" }
			}
		},
		{
			"__comment": "burner1",
			"from": [ 8.6875, 15.9999, -13 ],
			"to": [ 12.6875, 16.9999, -12 ],
			"rotation": { "origin": [ 12.6875, 15.9999, -12 ], "axis": "y", "angle": 45 },
			"faces": {
				"down": { "uv": [ 9.151966, 8.878679, 13.15197, 9.878679 ], "texture": "#grill" },
				"up": { "uv": [ 9.151966, 6.121321, 13.15197, 7.121321 ], "texture": "#grill" },
				"north": { "uv": [ 2.848034, 0, 6.848034, 0.0001001358 ], "texture": "#grill" },
				"south": { "uv": [ 9.151966, 0, 13.15197, 0.0001001358 ], "texture": "#grill" },
				"west": { "uv": [ 6.121321, 0, 7.121321, 0.0001001358 ], "texture": "#grill" },
				"east": { "uv": [ 8.878679, 0, 9.878679, 0.0001001358 ], "texture": "#grill" }
			}
		},
		{
			"__comment": "burner2",
			"from": [ 4, 15.9999, -12.6875 ],
			"to": [ 8, 16.9999, -11.6875 ],
			"rotation": { "origin": [ 4, 15.9999, -12.6875 ], "axis": "y", "angle": -45 },
			"faces": {
				"down": { "uv": [ 4, 11.6875, 8, 12.6875 ], "texture": "#grill" },
				"up": { "uv": [ 4, 3.3125, 8, 4.3125 ], "texture": "#grill" },
				"north": { "uv": [ 8, 0, 12, 0.0001001358 ], "texture": "#grill" },
				"south": { "uv": [ 4, 0, 8, 0.0001001358 ], "texture": "#grill" },
				"west": { "uv": [ 3.3125, 0, 4.3125, 0.0001001358 ], "texture": "#grill" },
				"east": { "uv": [ 11.6875, 0, 12.6875, 0.0001001358 ], "texture": "#grill" }
			}
		},
		{
			"__comment": "burner3",
			"from": [ 7.5, 15.9999, -12 ],
			"to": [ 8.5, 16.9999, -10 ],
			"faces": {
				"down": { "uv": [ 7.5, 10, 8.5, 12 ], "texture": "#grill" },
				"up": { "uv": [ 7.5, 4, 8.5, 6 ], "texture": "#grill" },
				"north": { "uv": [ 7.5, 0, 8.5, 0.0001001358 ], "texture": "#grill" },
				"south": { "uv": [ 7.5, 0, 8.5, 0.0001001358 ], "texture": "#grill" },
				"west": { "uv": [ 4, 0, 6, 0.0001001358 ], "texture": "#grill" },
				"east": { "uv": [ 10, 0, 12, 0.0001001358 ], "texture": "#grill" }
			}
		},
		{
			"__comment": "burner4",
			"from": [ 7.5, 15.9999, -6 ],
			"to": [ 8.5, 16.9999, -4 ],
			"faces": {
				"down": { "uv": [ 7.5, 4, 8.5, 6 ], "texture": "#grill" },
				"up": { "uv": [ 7.5, 10, 8.5, 12 ], "texture": "#grill" },
				"north": { "uv": [ 7.5, 0, 8.5, 0.0001001358 ], "texture": "#grill" },
				"south": { "uv": [ 7.5, 0, 8.5, 0.0001001358 ], "texture": "#grill" },
				"west": { "uv": [ 10, 0, 12, 0.0001001358 ], "texture": "#grill" },
				"east": { "uv": [ 4, 0, 6, 0.0001001358 ], "texture": "#grill" }
			}
		},
		{
			"__comment": "burner5",
			"from": [ 4, 15.9999, -8.5 ],
			"to": [ 6, 16.9999, -7.5 ],
			"faces": {
				"down": { "uv": [ 4, 7.5, 6, 8.5 ], "texture": "#grill" },
				"up": { "uv": [ 4, 7.5, 6, 8.5 ], "texture": "#grill" },
				"north": { "uv": [ 10, 0, 12, 0.0001001358 ], "texture": "#grill" },
				"south": { "uv": [ 4, 0, 6, 0.0001001358 ], "texture": "#grill" },
				"west": { "uv": [ 7.5, 0, 8.5, 0.0001001358 ], "texture": "#grill" },
				"east": { "uv": [ 7.5, 0, 8.5, 0.0001001358 ], "texture": "#grill" }
			}
		},
		{
			"__comment": "burner",
			"from": [ 10, 15.9999, -8.5 ],
			"to": [ 12, 16.9999, -7.5 ],
			"faces": {
				"down": { "uv": [ 10, 7.5, 12, 8.5 ], "texture": "#grill" },
				"up": { "uv": [ 10, 7.5, 12, 8.5 ], "texture": "#grill" },
				"north": { "uv": [ 4, 0, 6, 0.0001001358 ], "texture": "#grill" },
				"south": { "uv": [ 10, 0, 12, 0.0001001358 ], "texture": "#grill" },
				"west": { "uv": [ 7.5, 0, 8.5, 0.0001001358 ], "texture": "#grill" },
				"east": { "uv": [ 7.5, 0, 8.5, 0.0001001358 ], "texture": "#grill" }
			}
		},
		{
			"__comment": "burner7",
			"from": [ 24, 15.9999, -4.3125 ],
			"to": [ 28, 16.9999, -3.3125 ],
			"rotation": { "origin": [ 28, 15.9999, -3.3125 ], "axis": "y", "angle": -45 },
			"faces": {
				"down": { "uv": [ 9.878679, 5.848034, 13.87868, 6.848034 ], "texture": "#grill" },
				"up": { "uv": [ 9.878679, 9.151966, 13.87868, 10.15197 ], "texture": "#grill" },
				"north": { "uv": [ 2.121321, 0, 6.121321, 0.0001001358 ], "texture": "#grill" },
				"south": { "uv": [ 9.878679, 0, 13.87868, 0.0001001358 ], "texture": "#grill" },
				"west": { "uv": [ 9.151966, 0, 10.15197, 0.0001001358 ], "texture": "#grill" },
				"east": { "uv": [ 5.848034, 0, 6.848034, 0.0001001358 ], "texture": "#grill" }
			}
		},
		{
			"__comment": "burner6",
			"from": [ 19.3125, 15.9999, -4 ],
			"to": [ 23.3125, 16.9999, -3 ],
			"rotation": { "origin": [ 19.3125, 15.9999, -4 ], "axis": "y", "angle": 45 },
			"faces": {
				"down": { "uv": [ 3.3125, 3, 7.3125, 4 ], "texture": "#grill" },
				"up": { "uv": [ 3.3125, 12, 7.3125, 13 ], "texture": "#grill" },
				"north": { "uv": [ 8.6875, 0, 12.6875, 0.0001001358 ], "texture": "#grill" },
				"south": { "uv": [ 3.3125, 0, 7.3125, 0.0001001358 ], "texture": "#grill" },
				"west": { "uv": [ 12, 0, 13, 0.0001001358 ], "texture": "#grill" },
				"east": { "uv": [ 3, 0, 4, 0.0001001358 ], "texture": "#grill" }
			}
		},
		{
			"__comment": "burner1",
			"from": [ 24.6875, 15.9999, -13 ],
			"to": [ 28.6875, 16.9999, -12 ],
			"rotation": { "origin": [ 28.6875, 15.9999, -12 ], "axis": "y", "angle": 45 },
			"faces": {
				"down": { "uv": [ 9.151966, 8.878679, 13.15197, 9.878679 ], "texture": "#grill" },
				"up": { "uv": [ 9.151966, 6.121321, 13.15197, 7.121321 ], "texture": "#grill" },
				"north": { "uv": [ 2.848034, 0, 6.848034, 0.0001001358 ], "texture": "#grill" },
				"south": { "uv": [ 9.151966, 0, 13.15197, 0.0001001358 ], "texture": "#grill" },
				"west": { "uv": [ 6.121321, 0, 7.121321, 0.0001001358 ], "texture": "#grill" },
				"east": { "uv": [ 8.878679, 0, 9.878679, 0.0001001358 ], "texture": "#grill" }
			}
		},
		{
			"__comment": "burner2",
			"from": [ 20, 15.9999, -12.6875 ],
			"to": [ 24, 16.9999, -11.6875 ],
			"rotation": { "origin": [ 20, 15.9999, -12.6875 ], "axis": "y", "angle": -45 },
			"faces": {
				"down": { "uv": [ 4, 11.6875, 8, 12.6875 ], "texture": "#grill" },
				"up": { "uv": [ 4, 3.3125, 8, 4.3125 ], "texture": "#grill" },
				"north": { "uv": [ 8, 0, 12, 0.0001001358 ], "texture": "#grill" },
				"south": { "uv": [ 4, 0, 8, 0.0001001358 ], "texture": "#grill" },
				"west": { "uv": [ 3.3125, 0, 4.3125, 0.0001001358 ], "texture": "#grill" },
				"east": { "uv": [ 11.6875, 0, 12.6875, 0.0001001358 ], "texture": "#grill" }
			}
		},
		{
			"__comment": "burner3",
			"from": [ 23.5, 15.9999, -12 ],
			"to": [ 24.5, 16.9999, -10 ],
			"faces": {
				"down": { "uv": [ 7.5, 10, 8.5, 12 ], "texture": "#grill" },
				"up": { "uv": [ 7.5, 4, 8.5, 6 ], "texture": "#grill" },
				"north": { "uv": [ 7.5, 0, 8.5, 0.0001001358 ], "texture": "#grill" },
				"south": { "uv": [ 7.5, 0, 8.5, 0.0001001358 ], "texture": "#grill" },
				"west": { "uv": [ 4, 0, 6, 0.0001001358 ], "texture": "#grill" },
				"east": { "uv": [ 10, 0, 12, 0.0001001358 ], "texture": "#grill" }
			}
		},
		{
			"__comment": "burner4",
			"from": [ 23.5, 15.9999, -6 ],
			"to": [ 24.5, 16.9999, -4 ],
			"faces": {
				"down": { "uv": [ 7.5, 4, 8.5, 6 ], "texture": "#grill" },
				"up": { "uv": [ 7.5, 10, 8.5, 12 ], "texture": "#grill" },
				"north": { "uv": [ 7.5, 0, 8.5, 0.0001001358 ], "texture": "#grill" },
				"south": { "uv": [ 7.5, 0, 8.5, 0.0001001358 ], "texture": "#grill" },
				"west": { "uv": [ 10, 0, 12, 0.0001001358 ], "texture": "#grill" },
				"east": { "uv": [ 4, 0, 6, 0.0001001358 ], "texture": "#grill" }
			}
		},
		{
			"__comment": "burner5",
			"from": [ 20, 15.9999, -8.5 ],
			"to": [ 22, 16.9999, -7.5 ],
			"faces": {
				"down": { "uv": [ 4, 7.5, 6, 8.5 ], "texture": "#grill" },
				"up": { "uv": [ 4, 7.5, 6, 8.5 ], "texture": "#grill" },
				"north": { "uv": [ 10, 0, 12, 0.0001001358 ], "texture": "#grill" },
				"south": { "uv": [ 4, 0, 6, 0.0001001358 ], "texture": "#grill" },
				"west": { "uv": [ 7.5, 0, 8.5, 0.0001001358 ], "texture": "#grill" },
				"east": { "uv": [ 7.5, 0, 8.5, 0.0001001358 ], "texture": "#grill" }
			}
		},
		{
			"__comment": "Box1",
			"from": [ 16, 8, 14 ],
			"to": [ 32, 14, 16 ],
			"faces": {
				"down": { "uv": [ 0, 0, 16, 2 ], "texture": "#metal" },
				"up": { "uv": [ 0, 14, 16, 16 ], "texture": "#metal" },
				"north": { "uv": [ 0, 2, 16, 8 ], "texture": "#metal" },
				"south": { "uv": [ 0, 2, 16, 8 ], "texture": "#metal" },
				"west": { "uv": [ 14, 2, 16, 8 ], "texture": "#metal" },
				"east": { "uv": [ 0, 2, 2, 8 ], "texture": "#metal" }
			}
		},
		{
			"__comment": "Box1",
			"from": [ -14, 14, 14 ],
			"to": [ 0, 16, 16 ],
			"faces": {
				"down": { "uv": [ 2, 0, 16, 2 ], "texture": "#metal" },
				"up": { "uv": [ 2, 14, 16, 16 ], "texture": "#metal" },
				"north": { "uv": [ 0, 0, 14, 2 ], "texture": "#metal" },
				"south": { "uv": [ 2, 0, 16, 2 ], "texture": "#metal" },
				"west": { "uv": [ 14, 0, 16, 2 ], "texture": "#metal" },
				"east": { "uv": [ 0, 0, 2, 2 ], "texture": "#metal" }
			}
		},
		{
			"__comment": "Box1",
			"from": [ -14, 14, 14 ],
			"to": [ 0, 16, 16 ],
			"faces": {
				"down": { "uv": [ 2, 0, 16, 2 ], "texture": "#metal" },
				"up": { "uv": [ 2, 14, 16, 16 ], "texture": "#metal" },
				"north": { "uv": [ 0, 0, 14, 2 ], "texture": "#metal" },
				"south": { "uv": [ 2, 0, 16, 2 ], "texture": "#metal" },
				"west": { "uv": [ 14, 0, 16, 2 ], "texture": "#metal" },
				"east": { "uv": [ 0, 0, 2, 2 ], "texture": "#metal" }
			}
		},
		{
			"__comment": "Box1",
			"from": [ -16, 8, 14 ],
			"to": [ 0, 14, 16 ],
			"faces": {
				"down": { "uv": [ 0, 0, 16, 2 ], "texture": "#metal" },
				"up": { "uv": [ 0, 14, 16, 16 ], "texture": "#metal" },
				"north": { "uv": [ 0, 2, 16, 8 ], "texture": "#metal" },
				"south": { "uv": [ 0, 2, 16, 8 ], "texture": "#metal" },
				"west": { "uv": [ 14, 2, 16, 8 ], "texture": "#metal" },
				"east": { "uv": [ 0, 2, 2, 8 ], "texture": "#metal" }
			}
		},
		{
			"__comment": "Box1",
			"from": [ 0, 8, 14 ],
			"to": [ 16, 14, 16 ],
			"faces": {
				"down": { "uv": [ 0, 0, 16, 2 ], "texture": "#metal" },
				"up": { "uv": [ 0, 14, 16, 16 ], "texture": "#metal" },
				"north": { "uv": [ 0, 2, 16, 8 ], "texture": "#metal" },
				"south": { "uv": [ 0, 2, 16, 8 ], "texture": "#metal" },
				"west": { "uv": [ 14, 2, 16, 8 ], "texture": "#metal" },
				"east": { "uv": [ 0, 2, 2, 8 ], "texture": "#metal" }
			}
		},
		{
			"__comment": "burner3",
			"from": [ 7.5, 15.9999, 4 ],
			"to": [ 8.5, 16.9999, 6 ],
			"faces": {
				"down": { "uv": [ 7.5, 10, 8.5, 12 ], "texture": "#grill" },
				"up": { "uv": [ 7.5, 4, 8.5, 6 ], "texture": "#grill" },
				"north": { "uv": [ 7.5, 0, 8.5, 0.0001001358 ], "texture": "#grill" },
				"south": { "uv": [ 7.5, 0, 8.5, 0.0001001358 ], "texture": "#grill" },
				"west": { "uv": [ 4, 0, 6, 0.0001001358 ], "texture": "#grill" },
				"east": { "uv": [ 10, 0, 12, 0.0001001358 ], "texture": "#grill" }
			}
		},
		{
			"__comment": "burner3",
			"from": [ 22.5, 15, -9.5 ],
			"to": [ 25.5, 15.5, -6.5 ],
			"faces": {
				"down": { "uv": [ 6.5, 6.5, 9.5, 9.5 ], "texture": "#grill" },
				"up": { "uv": [ 6.5, 6.5, 9.5, 9.5 ], "texture": "#grill" },
				"north": { "uv": [ 6.5, 0.5, 9.5, 1 ], "texture": "#grill" },
				"south": { "uv": [ 6.5, 0.5, 9.5, 1 ], "texture": "#grill" },
				"west": { "uv": [ 6.5, 0.5, 9.5, 1 ], "texture": "#grill" },
				"east": { "uv": [ 6.5, 0.5, 9.5, 1 ], "texture": "#grill" }
			}
		},
		{
			"__comment": "burner3",
			"from": [ 6.5, 15, 6.5 ],
			"to": [ 9.5, 15.5, 9.5 ],
			"faces": {
				"down": { "uv": [ 6.5, 6.5, 9.5, 9.5 ], "texture": "#grill" },
				"up": { "uv": [ 6.5, 6.5, 9.5, 9.5 ], "texture": "#grill" },
				"north": { "uv": [ 6.5, 0.5, 9.5, 1 ], "texture": "#grill" },
				"south": { "uv": [ 6.5, 0.5, 9.5, 1 ], "texture": "#grill" },
				"west": { "uv": [ 6.5, 0.5, 9.5, 1 ], "texture": "#grill" },
				"east": { "uv": [ 6.5, 0.5, 9.5, 1 ], "texture": "#grill" }
			}
		},
		{
			"__comment": "burner3",
			"from": [ 22.5, 15, 6.5 ],
			"to": [ 25.5, 15.5, 9.5 ],
			"faces": {
				"down": { "uv": [ 6.5, 6.5, 9.5, 9.5 ], "texture": "#grill" },
				"up": { "uv": [ 6.5, 6.5, 9.5, 9.5 ], "texture": "#grill" },
				"north": { "uv": [ 6.5, 0.5, 9.5, 1 ], "texture": "#grill" },
				"south": { "uv": [ 6.5, 0.5, 9.5, 1 ], "texture": "#grill" },
				"west": { "uv": [ 6.5, 0.5, 9.5, 1 ], "texture": "#grill" },
				"east": { "uv": [ 6.5, 0.5, 9.5, 1 ], "texture": "#grill" }
			}
		},
		{
			"__comment": "burner3",
			"from": [ -9.5, 15, 6.5 ],
			"to": [ -6.5, 15.5, 9.5 ],
			"faces": {
				"down": { "uv": [ 6.5, 6.5, 9.5, 9.5 ], "texture": "#grill" },
				"up": { "uv": [ 6.5, 6.5, 9.5, 9.5 ], "texture": "#grill" },
				"north": { "uv": [ 6.5, 0.5, 9.5, 1 ], "texture": "#grill" },
				"south": { "uv": [ 6.5, 0.5, 9.5, 1 ], "texture": "#grill" },
				"west": { "uv": [ 6.5, 0.5, 9.5, 1 ], "texture": "#grill" },
				"east": { "uv": [ 6.5, 0.5, 9.5, 1 ], "texture": "#grill" }
			}
		},
		{
			"__comment": "burner3",
			"from": [ -9.5, 15, -9.5 ],
			"to": [ -6.5, 15.5, -6.5 ],
			"faces": {
				"down": { "uv": [ 6.5, 6.5, 9.5, 9.5 ], "texture": "#grill" },
				"up": { "uv": [ 6.5, 6.5, 9.5, 9.5 ], "texture": "#grill" },
				"north": { "uv": [ 6.5, 0.5, 9.5, 1 ], "texture": "#grill" },
				"south": { "uv": [ 6.5, 0.5, 9.5, 1 ], "texture": "#grill" },
				"west": { "uv": [ 6.5, 0.5, 9.5, 1 ], "texture": "#grill" },
				"east": { "uv": [ 6.5, 0.5, 9.5, 1 ], "texture": "#grill" }
			}
		},
		{
			"__comment": "burner3",
			"from": [ 6.5, 15, -9.5 ],
			"to": [ 9.5, 15.5, -6.5 ],
			"faces": {
				"down": { "uv": [ 6.5, 6.5, 9.5, 9.5 ], "texture": "#grill" },
				"up": { "uv": [ 6.5, 6.5, 9.5, 9.5 ], "texture": "#grill" },
				"north": { "uv": [ 6.5, 0.5, 9.5, 1 ], "texture": "#grill" },
				"south": { "uv": [ 6.5, 0.5, 9.5, 1 ], "texture": "#grill" },
				"west": { "uv": [ 6.5, 0.5, 9.5, 1 ], "texture": "#grill" },
				"east": { "uv": [ 6.5, 0.5, 9.5, 1 ], "texture": "#grill" }
			}
		},
		{
			"__comment": "Box1",
			"from": [ -12, 16, 12 ],
			"to": [ -4, 17, 13 ],
			"faces": {
				"down": { "uv": [ 4, 3, 12, 4 ], "texture": "#grill" },
				"up": { "uv": [ 4, 12, 12, 13 ], "texture": "#grill" },
				"north": { "uv": [ 4, 15, 12, 16 ], "texture": "#grill" },
				"south": { "uv": [ 4, 15, 12, 16 ], "texture": "#grill" },
				"west": { "uv": [ 12, 15, 13, 16 ], "texture": "#grill" },
				"east": { "uv": [ 3, 15, 4, 16 ], "texture": "#grill" }
			}
		},
		{
			"__comment": "Box1",
			"from": [ -13, 10.5, 16 ],
			"to": [ -10, 13.5, 16.5 ],
			"faces": {
				"down": { "uv": [ 4, 3, 12, 4 ], "texture": "#grill" },
				"up": { "uv": [ 4, 12, 12, 13 ], "texture": "#grill" },
				"north": { "uv": [ 4, 15, 12, 16 ], "texture": "#grill" },
				"south": { "uv": [ 4, 15, 12, 16 ], "texture": "#grill" },
				"west": { "uv": [ 12, 15, 13, 16 ], "texture": "#grill" },
				"east": { "uv": [ 3, 15, 4, 16 ], "texture": "#grill" }
			}
		},
		{
			"__comment": "Box1",
			"from": [ -6, 10.5, 16 ],
			"to": [ -3, 13.5, 16.5 ],
			"faces": {
				"down": { "uv": [ 4, 3, 12, 4 ], "texture": "#grill" },
				"up": { "uv": [ 4, 12, 12, 13 ], "texture": "#grill" },
				"north": { "uv": [ 4, 15, 12, 16 ], "texture": "#grill" },
				"south": { "uv": [ 4, 15, 12, 16 ], "texture": "#grill" },
				"west": { "uv": [ 12, 15, 13, 16 ], "texture": "#grill" },
				"east": { "uv": [ 3, 15, 4, 16 ], "texture": "#grill" }
			}
		},
		{
			"__comment": "Box1",
			"from": [ 3, 10.5, 16 ],
			"to": [ 6, 13.5, 16.5 ],
			"faces": {
				"down": { "uv": [ 4, 3, 12, 4 ], "texture": "#grill" },
				"up": { "uv": [ 4, 12, 12, 13 ], "texture": "#grill" },
				"north": { "uv": [ 4, 15, 12, 16 ], "texture": "#grill" },
				"south": { "uv": [ 4, 15, 12, 16 ], "texture": "#grill" },
				"west": { "uv": [ 12, 15, 13, 16 ], "texture": "#grill" },
				"east": { "uv": [ 3, 15, 4, 16 ], "texture": "#grill" }
			}
		},
		{
			"__comment": "Box1",
			"from": [ 10, 10.5, 16 ],
			"to": [ 13, 13.5, 16.5 ],
			"faces": {
				"down": { "uv": [ 4, 3, 12, 4 ], "texture": "#grill" },
				"up": { "uv": [ 4, 12, 12, 13 ], "texture": "#grill" },
				"north": { "uv": [ 4, 15, 12, 16 ], "texture": "#grill" },
				"south": { "uv": [ 4, 15, 12, 16 ], "texture": "#grill" },
				"west": { "uv": [ 12, 15, 13, 16 ], "texture": "#grill" },
				"east": { "uv": [ 3, 15, 4, 16 ], "texture": "#grill" }
			}
		},
		{
			"__comment": "Box1",
			"from": [ 19, 10.5, 16 ],
			"to": [ 22, 13.5, 16.5 ],
			"faces": {
				"down": { "uv": [ 4, 3, 12, 4 ], "texture": "#grill" },
				"up": { "uv": [ 4, 12, 12, 13 ], "texture": "#grill" },
				"north": { "uv": [ 4, 15, 12, 16 ], "texture": "#grill" },
				"south": { "uv": [ 4, 15, 12, 16 ], "texture": "#grill" },
				"west": { "uv": [ 12, 15, 13, 16 ], "texture": "#grill" },
				"east": { "uv": [ 3, 15, 4, 16 ], "texture": "#grill" }
			}
		}
	],
	"display": {
		"head": {
			"translation":  [ 0, -54, 12.825 ],
			"scale":  [ 1.6, 1.6, 1.6 ]
		}
	}
}