{
	"__comment": "Designed by Ersatz with Cubik Studio - https://cubik.studio",
	"textures": {
		"sign_start": "decoration/signs/sign_start"
	},
	"elements": [ 	 
		{
			"__comment": "Box1",
			"from": [ -0.2, 6.625, 15 ],
			"to": [ 15.8, 9.424999, 17 ],
			"faces": {
				"down": { "uv": [ 0, 6.400001, 16, 6.8 ], "texture": "#sign_start" },
				"up": { "uv": [ 0, 4.4, 16, 4 ], "texture": "#sign_start" },
				"north": { "uv": [ 16, 4, 0, 6.8 ], "texture": "#sign_start" },
				"south": { "uv": [ 0, 4, 16, 6.8 ], "texture": "#sign_start" },
				"west": { "uv": [ 0, 4, 0.4, 6.8 ], "texture": "#sign_start" },
				"east": { "uv": [ 16, 6.8, 15.6, 4 ], "texture": "#sign_start", "rotation": 180 }
			}
		},
		{
			"__comment": "Box2",
			"from": [ 0.2, 5.825, 15 ],
			"to": [ 15.4, 10.225, 17 ],
			"faces": {
				"down": { "uv": [ 0.4, 7.200001, 15.6, 7.6 ], "texture": "#sign_start" },
				"up": { "uv": [ 0.4, 3.599999, 15.6, 3.2 ], "texture": "#sign_start" },
				"north": { "uv": [ 15.6, 3.2, 0.4, 7.6 ], "texture": "#sign_start" },
				"south": { "uv": [ 0.4, 3.2, 15.6, 7.6 ], "texture": "#sign_start" },
				"west": { "uv": [ 0.4, 3.2, 0.8, 7.6 ], "texture": "#sign_start" },
				"east": { "uv": [ 15.6, 7.6, 15.2, 3.2 ], "texture": "#sign_start", "rotation": 180 }
			}
		},
		{
			"__comment": "Box3",
			"from": [ 0.6, 5.425, 15 ],
			"to": [ 15, 10.625, 17 ],
			"faces": {
				"down": { "uv": [ 0.8, 7.6, 15.2, 8 ], "texture": "#sign_start" },
				"up": { "uv": [ 0.8, 3.2, 15.2, 2.8 ], "texture": "#sign_start" },
				"north": { "uv": [ 15.2, 2.8, 0.8, 8 ], "texture": "#sign_start" },
				"south": { "uv": [ 0.8, 2.8, 15.2, 8 ], "texture": "#sign_start" },
				"west": { "uv": [ 0.8, 2.8, 1.2, 8 ], "texture": "#sign_start" },
				"east": { "uv": [ 15.2, 8, 14.8, 2.8 ], "texture": "#sign_start", "rotation": 180 }
			}
		},
		{
			"__comment": "Box4",
			"from": [ 1, 5.025, 15 ],
			"to": [ 14.6, 11.025, 17 ],
			"faces": {
				"down": { "uv": [ 1.2, 8, 14.8, 8.4 ], "texture": "#sign_start" },
				"up": { "uv": [ 1.2, 2.799999, 14.8, 2.4 ], "texture": "#sign_start" },
				"north": { "uv": [ 14.8, 2.4, 1.2, 8.4 ], "texture": "#sign_start" },
				"south": { "uv": [ 1.2, 2.4, 14.8, 8.4 ], "texture": "#sign_start" },
				"west": { "uv": [ 1.2, 2.4, 1.6, 8.4 ], "texture": "#sign_start" },
				"east": { "uv": [ 14.8, 8.4, 14.4, 2.4 ], "texture": "#sign_start", "rotation": 180 }
			}
		},
		{
			"__comment": "Box5",
			"from": [ 1.4, 4.625, 15 ],
			"to": [ 14.2, 11.425, 17 ],
			"faces": {
				"down": { "uv": [ 1.6, 8.4, 14.4, 8.8 ], "texture": "#sign_start" },
				"up": { "uv": [ 1.6, 2.4, 14.4, 2 ], "texture": "#sign_start" },
				"north": { "uv": [ 14.4, 2, 1.6, 8.8 ], "texture": "#sign_start" },
				"south": { "uv": [ 1.6, 2, 14.4, 8.8 ], "texture": "#sign_start" },
				"west": { "uv": [ 1.6, 2, 2, 8.8 ], "texture": "#sign_start" },
				"east": { "uv": [ 14.4, 8.8, 14, 2 ], "texture": "#sign_start", "rotation": 180 }
			}
		},
		{
			"__comment": "Box6",
			"from": [ 1.8, 4.225, 15 ],
			"to": [ 13.8, 11.825, 17 ],
			"faces": {
				"down": { "uv": [ 2, 8.799999, 14, 9.2 ], "texture": "#sign_start" },
				"up": { "uv": [ 2, 2, 14, 1.6 ], "texture": "#sign_start" },
				"north": { "uv": [ 14, 1.6, 2, 9.2 ], "texture": "#sign_start" },
				"south": { "uv": [ 2, 1.6, 14, 9.2 ], "texture": "#sign_start" },
				"west": { "uv": [ 2, 1.6, 2.4, 9.2 ], "texture": "#sign_start" },
				"east": { "uv": [ 14, 9.2, 13.6, 1.6 ], "texture": "#sign_start", "rotation": 180 }
			}
		},
		{
			"__comment": "Box7",
			"from": [ 2.6, 3.825, 15 ],
			"to": [ 13, 12.225, 17 ],
			"faces": {
				"down": { "uv": [ 2.8, 9.2, 13.2, 9.6 ], "texture": "#sign_start" },
				"up": { "uv": [ 2.8, 1.599999, 13.2, 1.2 ], "texture": "#sign_start" },
				"north": { "uv": [ 13.2, 1.2, 2.8, 9.6 ], "texture": "#sign_start" },
				"south": { "uv": [ 2.8, 1.2, 13.2, 9.6 ], "texture": "#sign_start" },
				"west": { "uv": [ 2.8, 1.2, 3.2, 9.6 ], "texture": "#sign_start" },
				"east": { "uv": [ 13.2, 9.6, 12.8, 1.2 ], "texture": "#sign_start", "rotation": 180 }
			}
		},
		{
			"__comment": "Box8",
			"from": [ 3, 3.425, 15 ],
			"to": [ 12.6, 12.625, 17 ],
			"faces": {
				"down": { "uv": [ 3.2, 9.6, 12.8, 10 ], "texture": "#sign_start" },
				"up": { "uv": [ 3.2, 1.2, 12.8, 0.8000002 ], "texture": "#sign_start" },
				"north": { "uv": [ 12.8, 0.8000002, 3.2, 10 ], "texture": "#sign_start" },
				"south": { "uv": [ 3.2, 0.8000002, 12.8, 10 ], "texture": "#sign_start" },
				"west": { "uv": [ 3.2, 0.8000002, 3.6, 10 ], "texture": "#sign_start" },
				"east": { "uv": [ 12.8, 10, 12.4, 0.8000002 ], "texture": "#sign_start", "rotation": 180 }
			}
		},
		{
			"__comment": "Box9",
			"from": [ 4.2, 3.025, 15 ],
			"to": [ 11.4, 13.025, 17 ],
			"faces": {
				"down": { "uv": [ 4.4, 10, 11.6, 10.4 ], "texture": "#sign_start" },
				"up": { "uv": [ 4.4, 0.7999992, 11.6, 0.3999996 ], "texture": "#sign_start" },
				"north": { "uv": [ 11.6, 0.3999996, 4.4, 10.4 ], "texture": "#sign_start" },
				"south": { "uv": [ 4.4, 0.3999996, 11.6, 10.4 ], "texture": "#sign_start" },
				"west": { "uv": [ 4.4, 0.3999996, 4.8, 10.4 ], "texture": "#sign_start" },
				"east": { "uv": [ 11.6, 10.4, 11.2, 0.3999996 ], "texture": "#sign_start", "rotation": 180 }
			}
		},
		{
			"__comment": "Box10",
			"from": [ 5.8, 2.625, 15 ],
			"to": [ 9.799999, 13.425, 17 ],
			"faces": {
				"down": { "uv": [ 6, 10.4, 10, 10.8 ], "texture": "#sign_start" },
				"up": { "uv": [ 6, 0.3999996, 10, 0 ], "texture": "#sign_start" },
				"north": { "uv": [ 10, 0, 6, 10.8 ], "texture": "#sign_start" },
				"south": { "uv": [ 6, 0, 10, 10.8 ], "texture": "#sign_start" },
				"west": { "uv": [ 6, 0, 6.4, 10.8 ], "texture": "#sign_start" },
				"east": { "uv": [ 10, 10.8, 9.6, 0 ], "texture": "#sign_start", "rotation": 180 }
			}
		}
	],
	"display": {
		"head": {
			"translation":  [ 0.4, -4, -0.64 ],
			"scale":  [ 2.125, 2.125, 1.8 ]
		}
	}
}