{
	"__comment": "Designed by Ersatz with Cubik Studio - https://cubik.studio",
	"textures": {
		"sign_red": "decoration/signs/sign_red"
	},
	"elements": [ 	 
		{
			"__comment": "Box1",
			"from": [ 0.1579, 4.3421, 15 ],
			"to": [ 16.1579, 11.49999, 17 ],
			"faces": {
				"down": { "uv": [ 0, 0.8421049, 16, 1.263158 ], "texture": "#sign_red" },
				"up": { "uv": [ 0, 8, 16, 7.578947 ], "texture": "#sign_red" },
				"north": { "uv": [ 16, 0.8421049, 0, 8 ], "texture": "#sign_red" },
				"south": { "uv": [ 0, 0.8421049, 16, 8 ], "texture": "#sign_red" },
				"west": { "uv": [ 0, 8, 0.4210526, 0.8421049 ], "texture": "#sign_red", "rotation": 180 },
				"east": { "uv": [ 16, 0.8421049, 15.57895, 8 ], "texture": "#sign_red" }
			}
		},
		{
			"__comment": "Box2",
			"from": [ 0.5789, 3.9211, 15 ],
			"to": [ 15.7368, 11.9211, 17 ],
			"faces": {
				"down": { "uv": [ 0.4210526, 0.4210529, 15.57895, 0.8421059 ], "texture": "#sign_red" },
				"up": { "uv": [ 0.4210526, 8.421053, 15.57895, 8 ], "texture": "#sign_red" },
				"north": { "uv": [ 15.57895, 0.4210529, 0.4210526, 8.421053 ], "texture": "#sign_red" },
				"south": { "uv": [ 0.4210526, 0.4210529, 15.57895, 8.421053 ], "texture": "#sign_red" },
				"west": { "uv": [ 0.4210526, 8.421053, 0.8421053, 0.4210529 ], "texture": "#sign_red", "rotation": 180 },
				"east": { "uv": [ 15.57895, 0.4210529, 15.15789, 8.421053 ], "texture": "#sign_red" }
			}
		},
		{
			"__comment": "Box3",
			"from": [ 1, 3.5, 15 ],
			"to": [ 15.31579, 12.3421, 17 ],
			"faces": {
				"down": { "uv": [ 0.8421053, 0, 15.1579, 0.4210529 ], "texture": "#sign_red" },
				"up": { "uv": [ 0.8421053, 8.842106, 15.1579, 8.421053 ], "texture": "#sign_red" },
				"north": { "uv": [ 15.1579, 0, 0.8421053, 8.842106 ], "texture": "#sign_red" },
				"south": { "uv": [ 0.8421053, 0, 15.1579, 8.842106 ], "texture": "#sign_red" },
				"west": { "uv": [ 0.8421053, 8.842106, 1.263158, 0 ], "texture": "#sign_red", "rotation": 180 },
				"east": { "uv": [ 15.1579, 0, 14.73684, 8.842106 ], "texture": "#sign_red" }
			}
		}
	],
	"display": {
		"head": {
			"translation":  [ -0.27, -4, -0.65 ],
			"scale":  [ 1.8, 1.8, 1.8 ]
		}
	}
}