{
	"parent": "item/handheld",
	"textures": {
		"layer0": "items/diamond_hoe"
	},
	"overrides": [
		{ "id": 0, "predicate": {"damaged": 0, "damage": 0}, "model": "item/diamond_hoe"},
		
		{ "id": 1, "predicate": {"damaged": 0, "damage": 0.0006402048655569782}, "model": "decoration/present/present_red_yellow_n"},
		{ "id": 2, "predicate": {"damaged": 0, "damage": 0.0012804097311139564}, "model": "decoration/present/present_red_yellow_e"},
		{ "id": 3, "predicate": {"damaged": 0, "damage": 0.0019206145966709346}, "model": "decoration/present/present_red_yellow_s"},
		{ "id": 4, "predicate": {"damaged": 0, "damage": 0.002560819462227913}, "model": "decoration/present/present_red_yellow_w"},

		{ "id": 5, "predicate": {"damaged": 0, "damage": 0.003201024327784891}, "model": "decoration/present/present_orange_light_orange_n"},
		{ "id": 6, "predicate": {"damaged": 0, "damage": 0.0038412291933418692}, "model": "decoration/present/present_orange_light_orange_e"},
		{ "id": 7, "predicate": {"damaged": 0, "damage": 0.004481434058898847}, "model": "decoration/present/present_orange_light_orange_s"},
		{ "id": 8, "predicate": {"damaged": 0, "damage": 0.005121638924455826}, "model": "decoration/present/present_orange_light_orange_w"},

		{ "id": 9, "predicate": {"damaged": 0, "damage": 0.005761843790012804}, "model": "decoration/present/present_green_red_n"},
		{ "id": 10, "predicate": {"damaged": 0, "damage": 0.006402048655569782}, "model": "decoration/present/present_green_red_e"},
		{ "id": 11, "predicate": {"damaged": 0, "damage": 0.00704225352112676}, "model": "decoration/present/present_green_red_s"},
		{ "id": 12, "predicate": {"damaged": 0, "damage": 0.0076824583866837385}, "model": "decoration/present/present_green_red_w"},

		{ "id": 13, "predicate": {"damaged": 0, "damage": 0.008322663252240717}, "model": "decoration/present/present_blue_light_blue_n"},
		{ "id": 14, "predicate": {"damaged": 0, "damage": 0.008962868117797694}, "model": "decoration/present/present_blue_light_blue_e"},
		{ "id": 15, "predicate": {"damaged": 0, "damage": 0.009603072983354673}, "model": "decoration/present/present_blue_light_blue_s"},
		{ "id": 16, "predicate": {"damaged": 0, "damage": 0.010243277848911651}, "model": "decoration/present/present_blue_light_blue_w"},

		{ "id": 17, "predicate": {"damaged": 0, "damage": 0.01088348271446863}, "model": "decoration/present/present_purple_orange_n"},
		{ "id": 18, "predicate": {"damaged": 0, "damage": 0.011523687580025609}, "model": "decoration/present/present_purple_orange_e"},
		{ "id": 19, "predicate": {"damaged": 0, "damage": 0.012163892445582586}, "model": "decoration/present/present_purple_orange_s"},
		{ "id": 20, "predicate": {"damaged": 0, "damage": 0.012804097311139564}, "model": "decoration/present/present_purple_orange_w"},

		{ "id": 21, "predicate": {"damaged": 0, "damage": 0.013444302176696543}, "model": "decoration/present/present_violet_white_n"},
		{ "id": 22, "predicate": {"damaged": 0, "damage": 0.01408450704225352}, "model": "decoration/present/present_violet_white_e"},
		{ "id": 23, "predicate": {"damaged": 0, "damage": 0.014724711907810498}, "model": "decoration/present/present_violet_white_s"},
		{ "id": 24, "predicate": {"damaged": 0, "damage": 0.015364916773367477}, "model": "decoration/present/present_violet_white_w"},

		{ "id": 25, "predicate": {"damaged": 0, "damage": 0.016005121638924456}, "model": "decoration/kitchen/cabinet1"},
		{ "id": 26, "predicate": {"damaged": 0, "damage": 0.016645326504481434}, "model": "decoration/kitchen/cabinet2"},
		{ "id": 27, "predicate": {"damaged": 0, "damage": 0.017285531370038413}, "model": "decoration/kitchen/cabinet3"},
		{ "id": 28, "predicate": {"damaged": 0, "damage": 0.017925736235595388}, "model": "decoration/kitchen/stove"},
		{ "id": 29, "predicate": {"damaged": 0, "damage": 0.018565941101152367}, "model": "decoration/kitchen/hood"},
		{ "id": 30, "predicate": {"damaged": 0, "damage": 0.019206145966709345}, "model": "decoration/kitchen/sink"},

		{ "id": 31, "predicate": {"damaged": 0, "damage": 0.019846350832266324}, "model": "decoration/ornament/ornament_red_ns"},
		{ "id": 32, "predicate": {"damaged": 0, "damage": 0.020486555697823303}, "model": "decoration/ornament/ornament_red_ew"},
		{ "id": 33, "predicate": {"damaged": 0, "damage": 0.02112676056338028}, "model": "decoration/ornament/ornament_green_ns"},
		{ "id": 34, "predicate": {"damaged": 0, "damage": 0.02176696542893726}, "model": "decoration/ornament/ornament_green_ew"},
		{ "id": 35, "predicate": {"damaged": 0, "damage": 0.02240717029449424}, "model": "decoration/ornament/ornament_gold_ns"},
		{ "id": 36, "predicate": {"damaged": 0, "damage": 0.023047375160051217}, "model": "decoration/ornament/ornament_gold_ew"},
		{ "id": 37, "predicate": {"damaged": 0, "damage": 0.023687580025608192}, "model": "decoration/ornament/ornament_silver_ns"},
		{ "id": 38, "predicate": {"damaged": 0, "damage": 0.02432778489116517}, "model": "decoration/ornament/ornament_silver_ew"},

		{ "id": 39, "predicate": {"damaged": 0, "damage": 0.02496798975672215}, "model": "decoration/outdoor_lights/light_string_1m"},
		{ "id": 40, "predicate": {"damaged": 0, "damage": 0.02560819462227913}, "model": "decoration/outdoor_lights/light_string_3m"},
		
		{ "id": 41, "predicate": {"damaged": 0, "damage": 0.026248399487836107}, "model": "decoration/tree/tree"},
		{ "id": 42, "predicate": {"damaged": 0, "damage": 0.026888604353393086}, "model": "decoration/tree/tree_no_star"},
		
		{ "id": 43, "predicate": {"damaged": 0, "damage": 0.027528809218950064}, "model": "decoration/stockings/stockings"},

		{ "id": 44, "predicate": {"damaged": 0, "damage": 0.02816901408450704}, "model": "decoration/indoor_lights/light1"},
		{ "id": 45, "predicate": {"damaged": 0, "damage": 0.028809218950064018}, "model": "decoration/indoor_lights/light2"},
		
		{ "id": 45, "predicate": {"damaged": 0, "damage": 0.029449423815620997}, "model": "decoration/curtains/curtain"},
		
		{ "id": 46, "predicate": {"damaged": 0, "damage": 0.030089628681177975}, "model": "block/snow_head_red"},
		{ "id": 47, "predicate": {"damaged": 0, "damage": 0.030729833546734954}, "model": "block/snow_head_green"},

		{ "id": 48, "predicate": {"damaged": 0, "damage": 0.03137003841229193}, "model": "decoration/outdoor_lights/lamp_top"},

		{ "id": 49, "predicate": {"damaged": 0, "damage": 0.03201024327784891}, "model": "item/snowball_blink"},

		{ "id": 50, "predicate": {"damaged": 0, "damage": 0.03265044814340589}, "model": "decoration/signs/sign_red"},
		{ "id": 51, "predicate": {"damaged": 0, "damage": 0.03329065300896287}, "model": "decoration/signs/sign_green"},
		{ "id": 52, "predicate": {"damaged": 0, "damage": 0.03393085787451985}, "model": "decoration/signs/sign_start"},
		
		{ "id": 53, "predicate": {"damaged": 0, "damage": 0.034571062740076826}, "model": "decoration/outdoor_lights/light1"},
		
		{ "id": 54, "predicate": {"damaged": 0, "damage": 0.035211267605633804}, "model": "item/dye_brown"},
		{ "id": 55, "predicate": {"damaged": 0, "damage": 0.035851472471190776}, "model": "item/dye_blue"},
		{ "id": 56, "predicate": {"damaged": 0, "damage": 0.036491677336747755}, "model": "item/dye_purple"},
		{ "id": 57, "predicate": {"damaged": 0, "damage": 0.03713188220230473}, "model": "item/dye_cyan"},
		{ "id": 58, "predicate": {"damaged": 0, "damage": 0.03777208706786171}, "model": "item/dye_silver"},
		{ "id": 59, "predicate": {"damaged": 0, "damage": 0.03841229193341869}, "model": "item/dye_gray"},

		{ "id": 60, "predicate": {"damaged": 0, "damage": 0.03905249679897567}, "model": "decoration/logo/logo"},

		{ "id": 0, "predicate": {"damaged": 1, "damage": 0}, "model": "item/diamond_hoe"}
	]
}