{
	"__comment": "Designed by Ersatz with Cubik Studio - https://cubik.studio",
	"textures": {
		"metal": "shovel/metal",
		"wood": "shovel/wood"
	},
	"elements": [ 	 
		{
			"__comment": "Box1",
			"from": [ 7, 0, 7 ],
			"to": [ 9, 12, 9 ],
			"faces": {
				"down": { "uv": [ 7, 7, 9, 9 ], "texture": "#wood" },
				"up": { "uv": [ 7, 7, 9, 9 ], "texture": "#wood" },
				"north": { "uv": [ 7, 4, 9, 16 ], "texture": "#wood" },
				"south": { "uv": [ 7, 4, 9, 16 ], "texture": "#wood" },
				"west": { "uv": [ 7, 4, 9, 16 ], "texture": "#wood" },
				"east": { "uv": [ 7, 4, 9, 16 ], "texture": "#wood" }
			}
		},
		{
			"__comment": "Box1",
			"from": [ 5, 30.125, 7.125 ],
			"to": [ 11, 31.875, 8.875 ],
			"faces": {
				"down": { "uv": [ 5, 7.125, 11, 8.875 ], "texture": "#wood" },
				"up": { "uv": [ 5, 7.125, 11, 8.875 ], "texture": "#wood" },
				"north": { "uv": [ 5, 0.125, 11, 1.875 ], "texture": "#wood" },
				"south": { "uv": [ 5, 0.125, 11, 1.875 ], "texture": "#wood" },
				"west": { "uv": [ 7.125, 0.125, 8.875, 1.875 ], "texture": "#wood" },
				"east": { "uv": [ 7.125, 0.125, 8.875, 1.875 ], "texture": "#wood" }
			}
		},
		{
			"__comment": "Box1",
			"from": [ 7, 12, 7 ],
			"to": [ 9, 16, 9 ],
			"faces": {
				"down": { "uv": [ 7, 7, 9, 9 ], "texture": "#wood" },
				"up": { "uv": [ 7, 7, 9, 9 ], "texture": "#wood" },
				"north": { "uv": [ 7, 0, 9, 4 ], "texture": "#wood" },
				"south": { "uv": [ 7, 0, 9, 4 ], "texture": "#wood" },
				"west": { "uv": [ 7, 0, 9, 4 ], "texture": "#wood" },
				"east": { "uv": [ 7, 0, 9, 4 ], "texture": "#wood" }
			}
		},
		{
			"__comment": "Box1",
			"from": [ 0, -16, 6.5 ],
			"to": [ 16, -2, 7 ],
			"faces": {
				"down": { "uv": [ 0, 9, 16, 9.5 ], "texture": "#metal" },
				"up": { "uv": [ 0, 6.5, 16, 7 ], "texture": "#metal" },
				"north": { "uv": [ 0, 2, 16, 16 ], "texture": "#metal" },
				"south": { "uv": [ 0, 2, 16, 16 ], "texture": "#metal" },
				"west": { "uv": [ 6.5, 2, 7, 16 ], "texture": "#metal" },
				"east": { "uv": [ 9, 2, 9.5, 16 ], "texture": "#metal" }
			}
		},
		{
			"__comment": "Box1",
			"from": [ 3, 21, 6.999 ],
			"to": [ 5, 26.5, 8.998999 ],
			"rotation": { "origin": [ 3, 26.5, 6.999 ], "axis": "z", "angle": 45 },
			"faces": {
				"down": { "uv": [ 6.889091, 7.001001, 8.889091, 9.001002 ], "texture": "#metal" },
				"up": { "uv": [ 6.889091, 6.998999, 8.889091, 8.998998 ], "texture": "#metal" },
				"north": { "uv": [ 7.110909, 3.889091, 9.110909, 9.389091 ], "texture": "#metal" },
				"south": { "uv": [ 6.889091, 3.889091, 8.889091, 9.389091 ], "texture": "#metal" },
				"west": { "uv": [ 6.998998, 3.889091, 8.998998, 9.389091 ], "texture": "#metal" },
				"east": { "uv": [ 7.001002, 3.889091, 9.001002, 9.389091 ], "texture": "#metal" }
			}
		},
		{
			"__comment": "Box1",
			"from": [ 3, 26.5, 7 ],
			"to": [ 5, 32, 9 ],
			"faces": {
				"down": { "uv": [ 3, 7, 5, 9 ], "texture": "#metal" },
				"up": { "uv": [ 3, 7, 5, 9 ], "texture": "#metal" },
				"north": { "uv": [ 11, 0, 13, 5.5 ], "texture": "#metal" },
				"south": { "uv": [ 3, 0, 5, 5.5 ], "texture": "#metal" },
				"west": { "uv": [ 7, 0, 9, 5.5 ], "texture": "#metal" },
				"east": { "uv": [ 7, 0, 9, 5.5 ], "texture": "#metal" }
			}
		},
		{
			"__comment": "Box1",
			"from": [ 11, 21, 7.001 ],
			"to": [ 13, 26.5, 9.000999 ],
			"rotation": { "origin": [ 13, 26.5, 7.001 ], "axis": "z", "angle": -45 },
			"faces": {
				"down": { "uv": [ 7.696699, 6.999001, 9.696699, 8.999001 ], "texture": "#metal" },
				"up": { "uv": [ 7.696699, 7.000999, 9.696699, 9.000999 ], "texture": "#metal" },
				"north": { "uv": [ 6.303301, 2.474873, 8.303301, 7.974873 ], "texture": "#metal" },
				"south": { "uv": [ 7.696699, 2.474873, 9.696699, 7.974873 ], "texture": "#metal" },
				"west": { "uv": [ 7.000999, 2.474873, 9.000999, 7.974873 ], "texture": "#metal" },
				"east": { "uv": [ 6.999001, 2.474873, 8.999001, 7.974873 ], "texture": "#metal" }
			}
		},
		{
			"__comment": "Box1",
			"from": [ 11, 26.5, 7 ],
			"to": [ 13, 32, 9 ],
			"faces": {
				"down": { "uv": [ 11, 7, 13, 9 ], "texture": "#metal" },
				"up": { "uv": [ 11, 7, 13, 9 ], "texture": "#metal" },
				"north": { "uv": [ 3, 0, 5, 5.5 ], "texture": "#metal" },
				"south": { "uv": [ 11, 0, 13, 5.5 ], "texture": "#metal" },
				"west": { "uv": [ 7, 0, 9, 5.5 ], "texture": "#metal" },
				"east": { "uv": [ 7, 0, 9, 5.5 ], "texture": "#metal" }
			}
		},
		{
			"__comment": "Box1",
			"from": [ 7, 16, 7 ],
			"to": [ 9, 21.5, 9 ],
			"faces": {
				"down": { "uv": [ 7, 7, 9, 9 ], "texture": "#wood" },
				"up": { "uv": [ 7, 7, 9, 9 ], "texture": "#wood" },
				"north": { "uv": [ 7, 10.5, 9, 16 ], "texture": "#wood" },
				"south": { "uv": [ 7, 10.5, 9, 16 ], "texture": "#wood" },
				"west": { "uv": [ 7, 10.5, 9, 16 ], "texture": "#wood" },
				"east": { "uv": [ 7, 10.5, 9, 16 ], "texture": "#wood" }
			}
		},
		{
			"__comment": "Box1",
			"from": [ 6.875, 21.5, 6.875 ],
			"to": [ 9.125, 24, 9.125 ],
			"faces": {
				"down": { "uv": [ 6.875, 6.875, 9.125, 9.125 ], "texture": "#metal" },
				"up": { "uv": [ 6.875, 6.875, 9.125, 9.125 ], "texture": "#metal" },
				"north": { "uv": [ 6.875, 8, 9.125, 10.5 ], "texture": "#metal" },
				"south": { "uv": [ 6.875, 8, 9.125, 10.5 ], "texture": "#metal" },
				"west": { "uv": [ 6.875, 8, 9.125, 10.5 ], "texture": "#metal" },
				"east": { "uv": [ 6.875, 8, 9.125, 10.5 ], "texture": "#metal" }
			}
		},
		{
			"__comment": "Box1",
			"from": [ 6.75, -2, 6.75 ],
			"to": [ 9.25, 0, 9.25 ],
			"faces": {
				"down": { "uv": [ 6.75, 6.75, 9.25, 9.25 ], "texture": "#metal" },
				"up": { "uv": [ 6.75, 6.75, 9.25, 9.25 ], "texture": "#metal" },
				"north": { "uv": [ 6.75, 0, 9.25, 2 ], "texture": "#metal" },
				"south": { "uv": [ 6.75, 0, 9.25, 2 ], "texture": "#metal" },
				"west": { "uv": [ 6.75, 0, 9.25, 2 ], "texture": "#metal" },
				"east": { "uv": [ 6.75, 0, 9.25, 2 ], "texture": "#metal" }
			}
		},
		{
			"__comment": "Box1",
			"from": [ 15.5, -13.5, 7 ],
			"to": [ 16, -2.5, 9.5 ],
			"faces": {
				"down": { "uv": [ 15.5, 6.5, 16, 9 ], "texture": "#metal" },
				"up": { "uv": [ 15.5, 7, 16, 9.5 ], "texture": "#metal" },
				"north": { "uv": [ 0, 2.5, 0.5, 13.5 ], "texture": "#metal" },
				"south": { "uv": [ 15.5, 2.5, 16, 13.5 ], "texture": "#metal" },
				"west": { "uv": [ 7, 2.5, 9.5, 13.5 ], "texture": "#metal" },
				"east": { "uv": [ 6.5, 2.5, 9, 13.5 ], "texture": "#metal" }
			}
		},
		{
			"__comment": "Box1",
			"from": [ 0, -2.5, 6.5 ],
			"to": [ 16, -2, 9.5 ],
			"faces": {
				"down": { "uv": [ 0, 6.5, 16, 9.5 ], "texture": "#metal" },
				"up": { "uv": [ 0, 6.5, 16, 9.5 ], "texture": "#metal" },
				"north": { "uv": [ 0, 2, 16, 2.5 ], "texture": "#metal" },
				"south": { "uv": [ 0, 2, 16, 2.5 ], "texture": "#metal" },
				"west": { "uv": [ 6.5, 2, 9.5, 2.5 ], "texture": "#metal" },
				"east": { "uv": [ 6.5, 2, 9.5, 2.5 ], "texture": "#metal" }
			}
		},
		{
			"__comment": "Box1",
			"from": [ 15.501, -16, 6.5 ],
			"to": [ 16.001, -12.46, 7 ],
			"rotation": { "origin": [ 15.501, -16, 7 ], "axis": "x", "angle": 45 },
			"faces": {
				"down": { "uv": [ 15.501, 8.853554, 16, 9.353554 ], "texture": "#metal" },
				"up": { "uv": [ 15.501, 6.646446, 16, 7.146446 ], "texture": "#metal" },
				"north": { "uv": [ 0, 12.10645, 0.4989996, 15.64645 ], "texture": "#metal" },
				"south": { "uv": [ 15.501, 12.10645, 16, 15.64645 ], "texture": "#metal" },
				"west": { "uv": [ 6.646447, 12.10645, 7.146447, 15.64645 ], "texture": "#metal" },
				"east": { "uv": [ 8.853554, 12.10645, 9.353554, 15.64645 ], "texture": "#metal" }
			}
		},
		{
			"__comment": "Box1",
			"from": [ 15.5, -14, 8.5 ],
			"to": [ 16, -13.5, 9 ],
			"faces": {
				"down": { "uv": [ 15.5, 7, 16, 7.5 ], "texture": "#metal" },
				"up": { "uv": [ 15.5, 8.5, 16, 9 ], "texture": "#metal" },
				"north": { "uv": [ 0, 13.5, 0.5, 14 ], "texture": "#metal" },
				"south": { "uv": [ 15.5, 13.5, 16, 14 ], "texture": "#metal" },
				"west": { "uv": [ 8.5, 13.5, 9, 14 ], "texture": "#metal" },
				"east": { "uv": [ 7, 13.5, 7.5, 14 ], "texture": "#metal" }
			}
		},
		{
			"__comment": "Box1",
			"from": [ -0.0009999999, -16, 6.5 ],
			"to": [ 0.499, -12.46, 7 ],
			"rotation": { "origin": [ -0.001, -16, 7 ], "axis": "x", "angle": 45 },
			"faces": {
				"down": { "uv": [ 0, 8.853554, 0.499, 9.353554 ], "texture": "#metal" },
				"up": { "uv": [ 0, 6.646446, 0.499, 7.146446 ], "texture": "#metal" },
				"north": { "uv": [ 15.501, 12.10645, 16, 15.64645 ], "texture": "#metal" },
				"south": { "uv": [ 0, 12.10645, 0.499, 15.64645 ], "texture": "#metal" },
				"west": { "uv": [ 6.646447, 12.10645, 7.146447, 15.64645 ], "texture": "#metal" },
				"east": { "uv": [ 8.853554, 12.10645, 9.353554, 15.64645 ], "texture": "#metal" }
			}
		},
		{
			"__comment": "Box1",
			"from": [ 0, -13.5, 7 ],
			"to": [ 0.5, -2.5, 9.5 ],
			"faces": {
				"down": { "uv": [ 0, 6.5, 0.5, 9 ], "texture": "#metal" },
				"up": { "uv": [ 0, 7, 0.5, 9.5 ], "texture": "#metal" },
				"north": { "uv": [ 15.5, 2.5, 16, 13.5 ], "texture": "#metal" },
				"south": { "uv": [ 0, 2.5, 0.5, 13.5 ], "texture": "#metal" },
				"west": { "uv": [ 7, 2.5, 9.5, 13.5 ], "texture": "#metal" },
				"east": { "uv": [ 6.5, 2.5, 9, 13.5 ], "texture": "#metal" }
			}
		},
		{
			"__comment": "Box1",
			"from": [ 15.5, -15.5, 7 ],
			"to": [ 16, -13.5, 7.5 ],
			"faces": {
				"down": { "uv": [ 15.5, 8.5, 16, 9 ], "texture": "#metal" },
				"up": { "uv": [ 15.5, 7, 16, 7.5 ], "texture": "#metal" },
				"north": { "uv": [ 0, 13.5, 0.5, 15.5 ], "texture": "#metal" },
				"south": { "uv": [ 15.5, 13.5, 16, 15.5 ], "texture": "#metal" },
				"west": { "uv": [ 7, 13.5, 7.5, 15.5 ], "texture": "#metal" },
				"east": { "uv": [ 8.5, 13.5, 9, 15.5 ], "texture": "#metal" }
			}
		},
		{
			"__comment": "Box1",
			"from": [ 15.5, -15, 7.5 ],
			"to": [ 16, -13.5, 8 ],
			"faces": {
				"down": { "uv": [ 15.5, 8, 16, 8.5 ], "texture": "#metal" },
				"up": { "uv": [ 15.5, 7.5, 16, 8 ], "texture": "#metal" },
				"north": { "uv": [ 0, 13.5, 0.5, 15 ], "texture": "#metal" },
				"south": { "uv": [ 15.5, 13.5, 16, 15 ], "texture": "#metal" },
				"west": { "uv": [ 7.5, 13.5, 8, 15 ], "texture": "#metal" },
				"east": { "uv": [ 8, 13.5, 8.5, 15 ], "texture": "#metal" }
			}
		},
		{
			"__comment": "Box1",
			"from": [ 15.5, -14.5, 8 ],
			"to": [ 16, -13.5, 8.5 ],
			"faces": {
				"down": { "uv": [ 15.5, 7.5, 16, 8 ], "texture": "#metal" },
				"up": { "uv": [ 15.5, 8, 16, 8.5 ], "texture": "#metal" },
				"north": { "uv": [ 0, 13.5, 0.5, 14.5 ], "texture": "#metal" },
				"south": { "uv": [ 15.5, 13.5, 16, 14.5 ], "texture": "#metal" },
				"west": { "uv": [ 8, 13.5, 8.5, 14.5 ], "texture": "#metal" },
				"east": { "uv": [ 7.5, 13.5, 8, 14.5 ], "texture": "#metal" }
			}
		},
		{
			"__comment": "Box1",
			"from": [ 0, -14, 8.5 ],
			"to": [ 0.5, -13.5, 9 ],
			"faces": {
				"down": { "uv": [ 0, 7, 0.5, 7.5 ], "texture": "#metal" },
				"up": { "uv": [ 0, 8.5, 0.5, 9 ], "texture": "#metal" },
				"north": { "uv": [ 15.5, 13.5, 16, 14 ], "texture": "#metal" },
				"south": { "uv": [ 0, 13.5, 0.5, 14 ], "texture": "#metal" },
				"west": { "uv": [ 8.5, 13.5, 9, 14 ], "texture": "#metal" },
				"east": { "uv": [ 7, 13.5, 7.5, 14 ], "texture": "#metal" }
			}
		},
		{
			"__comment": "Box1",
			"from": [ 0, -14.5, 8 ],
			"to": [ 0.5, -13.5, 8.5 ],
			"faces": {
				"down": { "uv": [ 0, 7.5, 0.5, 8 ], "texture": "#metal" },
				"up": { "uv": [ 0, 8, 0.5, 8.5 ], "texture": "#metal" },
				"north": { "uv": [ 15.5, 13.5, 16, 14.5 ], "texture": "#metal" },
				"south": { "uv": [ 0, 13.5, 0.5, 14.5 ], "texture": "#metal" },
				"west": { "uv": [ 8, 13.5, 8.5, 14.5 ], "texture": "#metal" },
				"east": { "uv": [ 7.5, 13.5, 8, 14.5 ], "texture": "#metal" }
			}
		},
		{
			"__comment": "Box1",
			"from": [ 0, -15, 7.5 ],
			"to": [ 0.5, -13.5, 8 ],
			"faces": {
				"down": { "uv": [ 0, 8, 0.5, 8.5 ], "texture": "#metal" },
				"up": { "uv": [ 0, 7.5, 0.5, 8 ], "texture": "#metal" },
				"north": { "uv": [ 15.5, 13.5, 16, 15 ], "texture": "#metal" },
				"south": { "uv": [ 0, 13.5, 0.5, 15 ], "texture": "#metal" },
				"west": { "uv": [ 7.5, 13.5, 8, 15 ], "texture": "#metal" },
				"east": { "uv": [ 8, 13.5, 8.5, 15 ], "texture": "#metal" }
			}
		},
		{
			"__comment": "Box1",
			"from": [ 0, -15.5, 7 ],
			"to": [ 0.5, -13.5, 7.5 ],
			"faces": {
				"down": { "uv": [ 0, 8.5, 0.5, 9 ], "texture": "#metal" },
				"up": { "uv": [ 0, 7, 0.5, 7.5 ], "texture": "#metal" },
				"north": { "uv": [ 15.5, 13.5, 16, 15.5 ], "texture": "#metal" },
				"south": { "uv": [ 0, 13.5, 0.5, 15.5 ], "texture": "#metal" },
				"west": { "uv": [ 7, 13.5, 7.5, 15.5 ], "texture": "#metal" },
				"east": { "uv": [ 8.5, 13.5, 9, 15.5 ], "texture": "#metal" }
			}
		}
	],
	"display": {
		"thirdperson_righthand": {
			"rotation":  [ 180, -90, 0 ],
			"translation":  [ 0, 0, 1 ],
			"scale":  [ 0.5, 0.5, 0.5 ]
		},
		"thirdperson_lefthand": {
			"rotation":  [ 180, -90, 0 ],
			"translation":  [ 0, 0, 1 ],
			"scale":  [ 0.5, 0.5, 0.5 ]
		},
		"firstperson_righthand": {
			"rotation":  [ 135, -90, 0 ],
			"translation":  [ 2.5, 1, 0.5 ],
			"scale":  [ 0.5, 0.5, 0.5 ]
		},
		"firstperson_lefthand": {
			"rotation":  [ 135, -90, 0 ],
			"translation":  [ 2.5, 1, 0.5 ],
			"scale":  [ 0.5, 0.5, 0.5 ]
		},
		"gui": {
			"rotation":  [ -30, -14, 135 ],
			"translation":  [ -0.25, -0.125, 0 ],
			"scale":  [ 0.35, 0.35, 0.35 ]
		},
		"head": {
			"scale":  [ 0.0001, 0.0001, 0.0001 ]
		},
		"ground": {
			"rotation":  [ 0, 0, 116 ],
			"translation":  [ 0, 3.5, 0 ],
			"scale":  [ 0.3, 0.3, 0.3 ]
		},
		"fixed": {
			"scale":  [ 0.0001, 0.0001, 0.0001 ]
		}
	}
}