{
    "parent": "item/generated",
    "textures": {
        "layer0": "items/large_range"
    },
    "display": {
        "ground": {
            "scale": [ 0, 0, 0 ]
        },
        "head": {
            "scale": [ 0, 0, 0 ]
        },
        "thirdperson_righthand": {
            "scale": [ 0, 0, 0 ]
        },
        "thirdperson_lefthand": {
            "scale": [ 0, 0, 0 ]
        },
        "firstperson_righthand": {
            "scale": [ 0, 0, 0 ]
        },
        "firstperson_lefthand": {
            "scale": [ 0, 0, 0 ]
        },
        "fixed": {
            "scale": [ 0, 0, 0 ]
        }
    }
}
