{
	"credit": "Made with Blockbench, a free, modern block model editor by JannisX11",
	"textures": {
		"0": "items/cute2",
		"1": "items/cute3",
		"2": "blocks/planks_spruce",
		"particle": "items/cute1"
	},
	"elements": [
		{
			"name": "cube",
			"from": [3.75, 23.5, 3.5],
			"to": [13.25, 31.5, 13],
			"faces": {
				"north": {"uv": [10.5, 1, 15, 4], "texture": "#0"},
				"east": {"uv": [10.5, 1, 15, 4], "texture": "#0"},
				"south": {"uv": [10.5, 1, 15, 4], "texture": "#0"},
				"west": {"uv": [10.5, 1, 15, 4], "texture": "#0"},
				"up": {"uv": [10.5, 5.5, 15, 10], "texture": "#0"},
				"down": {"uv": [10.5, 5.5, 15, 10], "texture": "#0"}
			},
			"rotation": {
				"origin": [9.25, 23.5, 6.5],
				"axis": "x",
				"angle": 22.5
			},
			"type": "cube"
		},
		{
			"name": "cube",
			"from": [2, 21, 1],
			"to": [15, 23, 14],
			"faces": {
				"north": {"uv": [9.5, 4, 16, 5], "texture": "#0"},
				"east": {"uv": [9.5, 4, 16, 5], "texture": "#0"},
				"south": {"uv": [9.5, 4, 16, 5], "texture": "#0"},
				"west": {"uv": [9.5, 4, 16, 5], "texture": "#0"},
				"up": {"uv": [9.5, 5, 16, 11], "texture": "#0"},
				"down": {"uv": [9.5, 4.5, 16, 11], "texture": "#0"}
			},
			"rotation": {
				"origin": [8, 21, 8],
				"axis": "x",
				"angle": 22.5
			},
			"type": "cube"
		},
		{
			"name": "cube",
			"from": [4, 15, 3],
			"to": [13, 24, 12],
			"faces": {
				"north": {"uv": [0, 0, 4.5, 4.5], "texture": "#0"},
				"east": {"uv": [4.5, 0, 9, 4.5], "texture": "#0"},
				"south": {"uv": [4, 0, 9, 4.5], "texture": "#0"},
				"west": {"uv": [4.5, 0, 9, 4.5], "texture": "#0"},
				"up": {"uv": [0.5, 6, 5, 10.5], "texture": "#0"},
				"down": {"uv": [0.5, 6, 5, 10.5], "texture": "#0"}
			},
			"type": "cube"
		},
		{
			"name": "cube",
			"from": [7.75, 18, 0],
			"to": [9.5, 19.5, 3],
			"faces": {
				"north": {"uv": [0, 11, 2.5, 12], "texture": "#0"},
				"east": {"uv": [0, 11, 2.5, 12], "texture": "#0"},
				"south": {"uv": [0, 11, 2.5, 12], "texture": "#0"},
				"west": {"uv": [0, 11, 2.5, 12], "texture": "#0"},
				"up": {"uv": [0, 11, 2.5, 12], "texture": "#0"},
				"down": {"uv": [0, 12, 2.5, 13], "texture": "#0"}
			},
			"type": "cube"
		},
		{
			"name": "cube",
			"from": [3, 13, 2],
			"to": [14, 16, 13],
			"faces": {
				"north": {"uv": [0, 4.5, 5.5, 6], "texture": "#0"},
				"east": {"uv": [0, 4.5, 5.5, 6], "texture": "#0"},
				"south": {"uv": [0, 4.5, 5.5, 6], "texture": "#0"},
				"west": {"uv": [0, 4.5, 5.5, 6], "texture": "#0"},
				"up": {"uv": [0, 5.5, 5.5, 11], "texture": "#0"},
				"down": {"uv": [0, 5.5, 5.5, 11], "texture": "#0"}
			},
			"type": "cube"
		},
		{
			"name": "cube",
			"from": [3, -0.75, 7.5],
			"to": [14, 9.25, 17.5],
			"faces": {
				"north": {
					"uv": [8.75, 4, 11.75, 7],
					"texture": "#1"
				},
				"east": {
					"uv": [8.75, 4, 11.75, 7],
					"texture": "#1"
				},
				"south": {
					"uv": [8.75, 4, 11.75, 7],
					"texture": "#1"
				},
				"west": {
					"uv": [8.75, 4, 11.75, 7],
					"texture": "#1"
				},
				"up": {
					"uv": [8.75, 4, 11.75, 7],
					"rotation": 270,
					"texture": "#1"
				},
				"down": {
					"uv": [8.75, 4, 11.75, 7],
					"rotation": 90,
					"texture": "#1"
				}
			},
			"rotation": {
				"origin": [9, 2.25, 13.5],
				"axis": "x",
				"angle": -22.5
			},
			"type": "cube"
		},
		{
			"name": "cube",
			"from": [4, 8.25, 5],
			"to": [13, 15.25, 13],
			"faces": {
				"north": {
					"uv": [4.75, 5.75, 7.25, 8],
					"texture": "#1"
				},
				"east": {
					"uv": [11.25, 5.5, 13.75, 7.75],
					"texture": "#1"
				},
				"south": {
					"uv": [10.25, 4.5, 12.75, 6.75],
					"texture": "#1"
				},
				"west": {
					"uv": [10, 3.75, 12.5, 6],
					"texture": "#1"
				},
				"up": {
					"uv": [0, 5, 2.5, 7.25],
					"rotation": 270,
					"texture": "#1"
				},
				"down": {
					"uv": [0.75, 0.5, 3.25, 2.75],
					"rotation": 90,
					"texture": "#1"
				}
			},
			"rotation": {
				"origin": [9, 11.25, 10],
				"axis": "x",
				"angle": -22.5
			},
			"type": "cube"
		},
		{
			"name": "cube",
			"from": [-4, 11.25, -3],
			"to": [9, 13.25, -1],
			"faces": {
				"north": {"uv": [0, 0, 2, 2], "texture": "#2"},
				"east": {"uv": [0, 0, 2, 2], "texture": "#2"},
				"south": {"uv": [0, 0, 2, 2], "texture": "#2"},
				"west": {"uv": [0, 0, 2, 2], "texture": "#2"},
				"up": {"uv": [0, 0, 2, 2], "texture": "#2"},
				"down": {"uv": [0, 0, 2, 2], "texture": "#2"}
			},
			"rotation": {
				"origin": [-7, 8.25, -1],
				"axis": "y",
				"angle": -45
			},
			"type": "cube"
		},
		{
			"name": "cube",
			"from": [13, 10, 6],
			"to": [26, 12, 8],
			"faces": {
				"north": {"uv": [0, 0, 13, 2], "texture": "#2"},
				"east": {"uv": [0, 0, 13, 2], "texture": "#2"},
				"south": {"uv": [0, 0, 13, 2], "texture": "#2"},
				"west": {"uv": [0, 0, 13, 2], "texture": "#2"},
				"up": {"uv": [0, 0, 13, 2], "texture": "#2"},
				"down": {"uv": [0, 0, 13, 2], "texture": "#2"}
			},
			"rotation": {
				"origin": [10, 7, 8],
				"axis": "z",
				"angle": 22.5
			},
			"type": "cube"
		},
		{
			"name": "cube",
			"from": [5.75, 11, 5.25],
			"to": [7.75, 15, 6.25],
			"faces": {
				"north": {
					"uv": [6.25, 13, 6.75, 14],
					"texture": "#1"
				},
				"east": {
					"uv": [6.25, 13, 6.75, 14],
					"texture": "#1"
				},
				"south": {
					"uv": [6.25, 13, 6.75, 14],
					"texture": "#1"
				},
				"west": {
					"uv": [6.25, 13, 6.75, 14],
					"texture": "#1"
				},
				"up": {"uv": [6.25, 13, 6.75, 14], "texture": "#1"},
				"down": {
					"uv": [6.25, 13, 6.75, 14],
					"texture": "#1"
				}
			},
			"rotation": {
				"origin": [8, 9, 9.25],
				"axis": "x",
				"angle": -22.5
			},
			"type": "cube"
		}
	],
	"display": {
		"head": {
			"rotation": [-20, -140, -15],
			"translation": [0, -20, 0],
			"scale": [2.4, 2.4, 2.4]
		}
	}
}