{
	"credit": "Made with Blockbench, a free, modern block model editor by JannisX11",
	"ambientocclusion": false,
	"textures": {
		"0": "items/cute1",
		"particle": "items/cute1"
  },
    "display": {
        "head": {
            "rotation": [ 0, 0, 0],
            "translation": [ -1, 7, 1 ],
            "scale": [ 1.66, 1.66, 1.66 ]
        },
		"gui": {
            "rotation": [ 0, 0, 0],
            "translation": [ 0, 0, 0 ],
            "scale": [ 0, 0, 0 ]
		}
    },
	"elements": [
		{
			"name": "cube",
			"from": [3.75, 8.5, 3.5],
			"to": [13.25, 16.5, 13],
			"faces": {
				"north": {"uv": [10.5, 1, 15, 4], "texture": "#0"},
				"east": {"uv": [10.5, 1, 15, 4], "texture": "#0"},
				"south": {"uv": [10.5, 1, 15, 4], "texture": "#0"},
				"west": {"uv": [10.5, 1, 15, 4], "texture": "#0"},
				"up": {"uv": [10.5, 5.5, 15, 10], "texture": "#0"},
				"down": {"uv": [10.5, 5.5, 15, 10], "texture": "#0"}
			},
			"rotation": {
				"origin": [9.25, 8.5, 6.5],
				"axis": "x",
				"angle": 22.5
			},
			"type": "cube"
		},
		{
			"name": "cube",
			"from": [2, 6, 1],
			"to": [15, 8, 14],
			"faces": {
				"north": {"uv": [9.5, 4, 16, 5], "texture": "#0"},
				"east": {"uv": [9.5, 4, 16, 5], "texture": "#0"},
				"south": {"uv": [9.5, 4, 16, 5], "texture": "#0"},
				"west": {"uv": [9.5, 4, 16, 5], "texture": "#0"},
				"up": {"uv": [9.5, 5, 16, 11], "texture": "#0"},
				"down": {"uv": [9.5, 4.5, 16, 11], "texture": "#0"}
			},
			"rotation": {
				"origin": [8, 6, 8],
				"axis": "x",
				"angle": 22.5
			},
			"type": "cube"
		},
		{
			"name": "cube",
			"from": [4, 0, 3],
			"to": [13, 9, 12],
			"faces": {
				"north": {"uv": [0, 0, 4.5, 4.5], "texture": "#0"},
				"east": {"uv": [4.5, 0, 9, 4.5], "texture": "#0"},
				"south": {"uv": [4, 0, 9, 4.5], "texture": "#0"},
				"west": {"uv": [4.5, 0, 9, 4.5], "texture": "#0"},
				"up": {"uv": [0.5, 6, 5, 10.5], "texture": "#0"},
				"down": {"uv": [0.5, 6, 5, 10.5], "texture": "#0"}
			},
			"type": "cube"
		},
		{
			"name": "cube",
			"from": [7.75, 3, 0],
			"to": [9.5, 4.5, 3],
			"faces": {
				"north": {"uv": [0, 11, 2.5, 12], "texture": "#0"},
				"east": {"uv": [0, 11, 2.5, 12], "texture": "#0"},
				"south": {"uv": [0, 11, 2.5, 12], "texture": "#0"},
				"west": {"uv": [0, 11, 2.5, 12], "texture": "#0"},
				"up": {"uv": [0, 11, 2.5, 12], "texture": "#0"},
				"down": {"uv": [0, 12, 2.5, 13], "texture": "#0"}
			},
			"type": "cube"
		},
		{
			"name": "cube",
			"from": [3, -2, 2],
			"to": [14, 1, 13],
			"faces": {
				"north": {"uv": [0, 4.5, 5.5, 6], "texture": "#0"},
				"east": {"uv": [0, 4.5, 5.5, 6], "texture": "#0"},
				"south": {"uv": [0, 4.5, 5.5, 6], "texture": "#0"},
				"west": {"uv": [0, 4.5, 5.5, 6], "texture": "#0"},
				"up": {"uv": [0, 5.5, 5.5, 11], "texture": "#0"},
				"down": {"uv": [0, 5.5, 5.5, 11], "texture": "#0"}
			},
			"type": "cube"
		}
	]
}