{
	"credit": "Made with Blockbench, a free, modern block model editor by JannisX11",
	"textures": {
		"0": "items/cute1",
		"1": "items/cute3",
		"2": "blocks/planks_spruce",
		"particle": "items/cute1"
	},
	"elements": [
		{
			"name": "cube",
			"from": [2.75, 23.5, 3.5],
			"to": [12.25, 31.5, 13],
			"faces": {
				"north": {"uv": [15, 1, 10.5, 4], "texture": "#0"},
				"east": {"uv": [15, 1, 10.5, 4], "texture": "#0"},
				"south": {"uv": [15, 1, 10.5, 4], "texture": "#0"},
				"west": {"uv": [15, 1, 10.5, 4], "texture": "#0"},
				"up": {"uv": [15, 5.5, 10.5, 10], "texture": "#0"},
				"down": {"uv": [15, 5.5, 10.5, 10], "texture": "#0"}
			},
			"rotation": {
				"origin": [6.75, 23.5, 6.5],
				"axis": "x",
				"angle": 22.5
			},
			"type": "cube"
		},
		{
			"name": "cube",
			"from": [1, 21, 1],
			"to": [14, 23, 14],
			"faces": {
				"north": {"uv": [16, 4, 9.5, 5], "texture": "#0"},
				"east": {"uv": [16, 4, 9.5, 5], "texture": "#0"},
				"south": {"uv": [16, 4, 9.5, 5], "texture": "#0"},
				"west": {"uv": [16, 4, 9.5, 5], "texture": "#0"},
				"up": {"uv": [16, 5, 9.5, 11], "texture": "#0"},
				"down": {"uv": [16, 4.5, 9.5, 11], "texture": "#0"}
			},
			"rotation": {
				"origin": [8, 21, 8],
				"axis": "x",
				"angle": 22.5
			},
			"type": "cube"
		},
		{
			"name": "cube",
			"from": [3, 15, 3],
			"to": [12, 24, 12],
			"faces": {
				"north": {"uv": [4.5, 0, 0, 4.5], "texture": "#0"},
				"east": {"uv": [9, 0, 4.5, 4.5], "texture": "#0"},
				"south": {"uv": [9, 0, 4, 4.5], "texture": "#0"},
				"west": {"uv": [9, 0, 4.5, 4.5], "texture": "#0"},
				"up": {"uv": [5, 6, 0.5, 10.5], "texture": "#0"},
				"down": {"uv": [5, 6, 0.5, 10.5], "texture": "#0"}
			},
			"type": "cube"
		},
		{
			"name": "cube",
			"from": [6.5, 18, 0],
			"to": [8.25, 19.5, 3],
			"faces": {
				"north": {"uv": [2.5, 11, 0, 12], "texture": "#0"},
				"east": {"uv": [2.5, 11, 0, 12], "texture": "#0"},
				"south": {"uv": [2.5, 11, 0, 12], "texture": "#0"},
				"west": {"uv": [2.5, 11, 0, 12], "texture": "#0"},
				"up": {"uv": [2.5, 11, 0, 12], "texture": "#0"},
				"down": {"uv": [2.5, 12, 0, 13], "texture": "#0"}
			},
			"type": "cube"
		},
		{
			"name": "cube",
			"from": [2, 13, 2],
			"to": [13, 16, 13],
			"faces": {
				"north": {"uv": [5.5, 4.5, 0, 6], "texture": "#0"},
				"east": {"uv": [5.5, 4.5, 0, 6], "texture": "#0"},
				"south": {"uv": [5.5, 4.5, 0, 6], "texture": "#0"},
				"west": {"uv": [5.5, 4.5, 0, 6], "texture": "#0"},
				"up": {"uv": [5.5, 5.5, 0, 11], "texture": "#0"},
				"down": {"uv": [5.5, 5.5, 0, 11], "texture": "#0"}
			},
			"type": "cube"
		},
		{
			"name": "cube",
			"from": [2, -0.75, 7.5],
			"to": [13, 9.25, 17.5],
			"faces": {
				"north": {
					"uv": [11.75, 4, 8.75, 7],
					"texture": "#1"
				},
				"east": {
					"uv": [11.75, 4, 8.75, 7],
					"texture": "#1"
				},
				"south": {
					"uv": [11.75, 4, 8.75, 7],
					"texture": "#1"
				},
				"west": {
					"uv": [11.75, 4, 8.75, 7],
					"texture": "#1"
				},
				"up": {
					"uv": [11.75, 4, 8.75, 7],
					"rotation": 270,
					"texture": "#1"
				},
				"down": {
					"uv": [11.75, 4, 8.75, 7],
					"rotation": 90,
					"texture": "#1"
				}
			},
			"rotation": {
				"origin": [7, 2.25, 13.5],
				"axis": "x",
				"angle": -22.5
			},
			"type": "cube"
		},
		{
			"name": "cube",
			"from": [3, 8.25, 5],
			"to": [12, 15.25, 13],
			"faces": {
				"north": {
					"uv": [7.25, 5.75, 4.75, 8],
					"texture": "#1"
				},
				"east": {
					"uv": [12.5, 3.75, 10, 6],
					"texture": "#1"
				},
				"south": {
					"uv": [12.75, 4.5, 10.25, 6.75],
					"texture": "#1"
				},
				"west": {
					"uv": [13.75, 5.5, 11.25, 7.75],
					"texture": "#1"
				},
				"up": {
					"uv": [2.5, 5, 0, 7.25],
					"rotation": 270,
					"texture": "#1"
				},
				"down": {
					"uv": [3.25, 0.5, 0.75, 2.75],
					"rotation": 90,
					"texture": "#1"
				}
			},
			"rotation": {
				"origin": [7, 11.25, 10],
				"axis": "x",
				"angle": -22.5
			},
			"type": "cube"
		},
		{
			"name": "cube",
			"from": [7, 11.25, -3],
			"to": [20, 13.25, -1],
			"faces": {
				"north": {"uv": [2, 0, 0, 2], "texture": "#2"},
				"east": {"uv": [2, 0, 0, 2], "texture": "#2"},
				"south": {"uv": [2, 0, 0, 2], "texture": "#2"},
				"west": {"uv": [2, 0, 0, 2], "texture": "#2"},
				"up": {"uv": [2, 0, 0, 2], "texture": "#2"},
				"down": {"uv": [2, 0, 0, 2], "texture": "#2"}
			},
			"rotation": {
				"origin": [23, 8.25, -1],
				"axis": "y",
				"angle": 45
			},
			"type": "cube"
		},
		{
			"name": "cube",
			"from": [-10, 10, 6],
			"to": [3, 12, 8],
			"faces": {
				"north": {"uv": [13, 0, 0, 2], "texture": "#2"},
				"east": {"uv": [13, 0, 0, 2], "texture": "#2"},
				"south": {"uv": [13, 0, 0, 2], "texture": "#2"},
				"west": {"uv": [13, 0, 0, 2], "texture": "#2"},
				"up": {"uv": [13, 0, 0, 2], "texture": "#2"},
				"down": {"uv": [13, 0, 0, 2], "texture": "#2"}
			},
			"rotation": {
				"origin": [6, 7, 8],
				"axis": "z",
				"angle": -22.5
			},
			"type": "cube"
		},
		{
			"name": "cube",
			"from": [8.25, 11, 5.25],
			"to": [10.25, 15, 6.25],
			"faces": {
				"north": {
					"uv": [6.75, 5, 6.25, 6.25],
					"texture": "#1"
				},
				"east": {
					"uv": [6.75, 5, 6.25, 6.25],
					"texture": "#1"
				},
				"south": {
					"uv": [6.75, 5, 6.25, 6.25],
					"texture": "#1"
				},
				"west": {
					"uv": [6.75, 5, 6.25, 6.25],
					"texture": "#1"
				},
				"up": {
					"uv": [6.75, 5, 6.25, 6.25],
					"texture": "#1"
				},
				"down": {
					"uv": [6.75, 5, 6.25, 6.25],
					"texture": "#1"
				}
			},
			"rotation": {
				"origin": [8, 9, 9.25],
				"axis": "x",
				"angle": -22.5
			},
			"type": "cube"
		}
	],
	"display": {
		"head": {
			"rotation": [20, -50, 15],
			"translation": [0, -20, 0],
			"scale": [2.4, 2.4, 2.4]
		}
	}
}