{
	"credit": "Made with Blockbench, a free, modern block model editor by JannisX11",
	"textures": {
		"0": "items/shop",
		"particle": "items/shop"
  },
    "display": {
        "gui": {
            "rotation": [ 0, 180, 22.5],
            "translation": [ -52, -54, 0 ],
            "scale": [ 2.082, 2.082, 2.082 ]
		},
		"ground": {
            "scale": [ 0, 0, 0 ]
        }
    },
	"elements": [
		{
			"name": "cube",
			"from": [-16, -16, 0],
			"to": [32, 32, 1],
			"faces": {
				"north": {"uv": [8, 12, 12, 16], "texture": "#0"},
				"east": {"uv": [8, 12, 12, 16], "texture": "#0"},
				"south": {"uv": [8, 12, 12, 16], "texture": "#0"},
				"west": {"uv": [8, 12, 12, 16], "texture": "#0"},
				"up": {"uv": [8, 12, 12, 16], "texture": "#0"},
				"down": {"uv": [8, 12, 12, 16], "texture": "#0"}
			},
			"rotation": {
				"origin": [-112.65, 32, 0.5],
				"axis": "z",
				"angle": -22.5
			},
			"type": "cube"
		},
		{
			"name": "cube",
			"from": [-16, -16, 0],
			"to": [32, 32, 1],
			"faces": {
				"north": {"uv": [0, 12, 4, 16], "texture": "#0"},
				"east": {"uv": [0, 12, 4, 16], "texture": "#0"},
				"south": {"uv": [0, 12, 4, 16], "texture": "#0"},
				"west": {"uv": [0, 12, 4, 16], "texture": "#0"},
				"up": {"uv": [0, 12, 4, 16], "texture": "#0"},
				"down": {"uv": [0, 12, 4, 16], "texture": "#0"}
			},
			"rotation": {
				"origin": [-160.65, -209.3, 0.5],
				"axis": "z",
				"angle": -22.5
			},
			"type": "cube"
		},
		{
			"name": "cube",
			"from": [-16, -16, 0],
			"to": [32, 32, 1],
			"faces": {
				"north": {"uv": [4, 12, 8, 16], "texture": "#0"},
				"east": {"uv": [4, 12, 8, 16], "texture": "#0"},
				"south": {"uv": [4, 12, 8, 16], "texture": "#0"},
				"west": {"uv": [4, 12, 8, 16], "texture": "#0"},
				"up": {"uv": [4, 12, 8, 16], "texture": "#0"},
				"down": {"uv": [4, 12, 8, 16], "texture": "#0"}
			},
			"rotation": {
				"origin": [-136.65, -88.65, 0.5],
				"axis": "z",
				"angle": -22.5
			},
			"type": "cube"
		},
		{
			"name": "cube",
			"from": [-16, -16, 0],
			"to": [32, 32, 1],
			"faces": {
				"north": {"uv": [0, 0, 4, 4], "texture": "#0"},
				"east": {"uv": [0, 0, 4, 4], "texture": "#0"},
				"south": {"uv": [0, 0, 4, 4], "texture": "#0"},
				"west": {"uv": [0, 0, 4, 4], "texture": "#0"},
				"up": {"uv": [0, 0, 4, 4], "texture": "#0"},
				"down": {"uv": [0, 0, 4, 4], "texture": "#0"}
			},
			"rotation": {
				"origin": [201.3, -281.29999999999995, 0.5],
				"axis": "z",
				"angle": -22.5
			},
			"type": "cube"
		},
		{
			"name": "cube",
			"from": [-16, -16, 0],
			"to": [32, 32, 1],
			"faces": {
				"north": {"uv": [4, 0, 8, 4], "texture": "#0"},
				"east": {"uv": [4, 0, 8, 4], "texture": "#0"},
				"south": {"uv": [4, 0, 8, 4], "texture": "#0"},
				"west": {"uv": [4, 0, 8, 4], "texture": "#0"},
				"up": {"uv": [4, 0, 8, 4], "texture": "#0"},
				"down": {"uv": [4, 0, 8, 4], "texture": "#0"}
			},
			"rotation": {
				"origin": [225.3, -160.65, 0.5],
				"axis": "z",
				"angle": -22.5
			},
			"type": "cube"
		},
		{
			"name": "cube",
			"from": [-16, -16, 0],
			"to": [32, 32, 1],
			"faces": {
				"north": {"uv": [4, 4, 8, 8], "texture": "#0"},
				"east": {"uv": [4, 4, 8, 8], "texture": "#0"},
				"south": {"uv": [4, 4, 8, 8], "texture": "#0"},
				"west": {"uv": [4, 4, 8, 8], "texture": "#0"},
				"up": {"uv": [4, 4, 8, 8], "texture": "#0"},
				"down": {"uv": [4, 4, 8, 8], "texture": "#0"}
			},
			"rotation": {
				"origin": [104.65, -136.65, 0.5],
				"axis": "z",
				"angle": -22.5
			},
			"type": "cube"
		},
		{
			"name": "cube",
			"from": [-16, -16, 0],
			"to": [32, 32, 1],
			"faces": {
				"north": {"uv": [12, 12, 16, 16], "texture": "#0"},
				"east": {"uv": [12, 12, 16, 16], "texture": "#0"},
				"south": {"uv": [12, 12, 16, 16], "texture": "#0"},
				"west": {"uv": [12, 12, 16, 16], "texture": "#0"},
				"up": {"uv": [12, 12, 16, 16], "texture": "#0"},
				"down": {"uv": [12, 12, 16, 16], "texture": "#0"}
			},
			"rotation": {
				"origin": [-88.65, 152.65, 0.5],
				"axis": "z",
				"angle": -22.5
			},
			"type": "cube"
		},
		{
			"name": "cube",
			"from": [-16, -16, 0],
			"to": [32, 32, 1],
			"faces": {
				"north": {"uv": [12, 0, 16, 4], "texture": "#0"},
				"east": {"uv": [12, 0, 16, 4], "texture": "#0"},
				"south": {"uv": [12, 0, 16, 4], "texture": "#0"},
				"west": {"uv": [12, 0, 16, 4], "texture": "#0"},
				"up": {"uv": [12, 0, 16, 4], "texture": "#0"},
				"down": {"uv": [12, 0, 16, 4], "texture": "#0"}
			},
			"rotation": {
				"origin": [273.29999999999995, 80.65, 0.5],
				"axis": "z",
				"angle": -22.5
			},
			"type": "cube"
		},
		{
			"name": "cube",
			"from": [-16, -16, 0],
			"to": [32, 32, 1],
			"faces": {
				"north": {"uv": [12, 4, 16, 8], "texture": "#0"},
				"east": {"uv": [12, 4, 16, 8], "texture": "#0"},
				"south": {"uv": [12, 4, 16, 8], "texture": "#0"},
				"west": {"uv": [12, 4, 16, 8], "texture": "#0"},
				"up": {"uv": [12, 4, 16, 8], "texture": "#0"},
				"down": {"uv": [12, 4, 16, 8], "texture": "#0"}
			},
			"rotation": {
				"origin": [152.65, 104.65, 0.5],
				"axis": "z",
				"angle": -22.5
			},
			"type": "cube"
		},
		{
			"name": "cube",
			"from": [-16, -16, 0],
			"to": [32, 32, 1],
			"faces": {
				"north": {"uv": [8, 0, 12, 4], "texture": "#0"},
				"east": {"uv": [8, 0, 12, 4], "texture": "#0"},
				"south": {"uv": [8, 0, 12, 4], "texture": "#0"},
				"west": {"uv": [8, 0, 12, 4], "texture": "#0"},
				"up": {"uv": [8, 0, 12, 4], "texture": "#0"},
				"down": {"uv": [8, 0, 12, 4], "texture": "#0"}
			},
			"rotation": {
				"origin": [249.3, -40, 0.5],
				"axis": "z",
				"angle": -22.5
			},
			"type": "cube"
		},
		{
			"name": "cube",
			"from": [-16, -16, 0],
			"to": [32, 32, 1],
			"faces": {
				"north": {"uv": [8, 4, 12, 8], "texture": "#0"},
				"east": {"uv": [8, 4, 12, 8], "texture": "#0"},
				"south": {"uv": [8, 4, 12, 8], "texture": "#0"},
				"west": {"uv": [8, 4, 12, 8], "texture": "#0"},
				"up": {"uv": [8, 4, 12, 8], "texture": "#0"},
				"down": {"uv": [8, 4, 12, 8], "texture": "#0"}
			},
			"rotation": {
				"origin": [128.65, -16, 0.5],
				"axis": "z",
				"angle": -22.5
			},
			"type": "cube"
		},
		{
			"name": "cube",
			"from": [-16, -16, 0],
			"to": [32, 32, 1],
			"faces": {
				"north": {"uv": [0, 4, 4, 8], "texture": "#0"},
				"east": {"uv": [0, 4, 4, 8], "texture": "#0"},
				"south": {"uv": [0, 4, 4, 8], "texture": "#0"},
				"west": {"uv": [0, 4, 4, 8], "texture": "#0"},
				"up": {"uv": [0, 4, 4, 8], "texture": "#0"},
				"down": {"uv": [0, 4, 4, 8], "texture": "#0"}
			},
			"rotation": {
				"origin": [
					80.65000000000003,
					-257.29999999999995,
					0.5
				],
				"axis": "z",
				"angle": -22.5
			},
			"type": "cube"
		},
		{
			"name": "cube",
			"from": [-16, -16, 0],
			"to": [32, 32, 1],
			"faces": {
				"north": {"uv": [0, 8, 4, 12], "texture": "#0"},
				"east": {"uv": [0, 8, 4, 12], "texture": "#0"},
				"south": {"uv": [0, 8, 4, 12], "texture": "#0"},
				"west": {"uv": [0, 8, 4, 12], "texture": "#0"},
				"up": {"uv": [0, 8, 4, 12], "texture": "#0"},
				"down": {"uv": [0, 8, 4, 12], "texture": "#0"}
			},
			"rotation": {
				"origin": [-40, -233.3, 0.5],
				"axis": "z",
				"angle": -22.5
			},
			"type": "cube"
		},
		{
			"name": "cube",
			"from": [-16, -16, 0],
			"to": [32, 32, 1],
			"faces": {
				"north": {"uv": [4, 8, 8, 12], "texture": "#0"},
				"east": {"uv": [4, 8, 8, 12], "texture": "#0"},
				"south": {"uv": [4, 8, 8, 12], "texture": "#0"},
				"west": {"uv": [4, 8, 8, 12], "texture": "#0"},
				"up": {"uv": [4, 8, 8, 12], "texture": "#0"},
				"down": {"uv": [4, 8, 8, 12], "texture": "#0"}
			},
			"rotation": {
				"origin": [-16, -112.65, 0.5],
				"axis": "z",
				"angle": -22.5
			},
			"type": "cube"
		},
		{
			"name": "cube",
			"from": [-16, -16, 0],
			"to": [32, 32, 1],
			"faces": {
				"north": {"uv": [12, 8, 16, 12], "texture": "#0"},
				"east": {"uv": [12, 8, 16, 12], "texture": "#0"},
				"south": {"uv": [12, 8, 16, 12], "texture": "#0"},
				"west": {"uv": [12, 8, 16, 12], "texture": "#0"},
				"up": {"uv": [12, 8, 16, 12], "texture": "#0"},
				"down": {"uv": [12, 8, 16, 12], "texture": "#0"}
			},
			"rotation": {
				"origin": [32, 128.65, 0.5],
				"axis": "z",
				"angle": -22.5
			},
			"type": "cube"
		},
		{
			"name": "cube",
			"from": [-16, -16, 0],
			"to": [32, 32, 1],
			"faces": {
				"north": {"uv": [8, 8, 12, 12], "texture": "#0"},
				"east": {"uv": [8, 8, 12, 12], "texture": "#0"},
				"south": {"uv": [8, 8, 12, 12], "texture": "#0"},
				"west": {"uv": [8, 8, 12, 12], "texture": "#0"},
				"up": {"uv": [8, 8, 12, 12], "texture": "#0"},
				"down": {"uv": [8, 8, 12, 12], "texture": "#0"}
			},
			"rotation": {
				"origin": [8, 8, 0.5],
				"axis": "z",
				"angle": -22.5
			},
			"type": "cube"
		}
	]
}