{
    "parent": "item/generated",
    "textures": {
        "layer0": "blocks/glass_red"
    },
    "display": {
        "ground": {
            "scale": [ 0, 0, 0 ]
        },
        "head": {
            "scale": [ 0, 0, 0 ]
        },
        "thirdperson_righthand": {
            "scale": [ 0, 0, 0 ]
        },
        "thirdperson_lefthand": {
            "scale": [ 0, 0, 0 ]
        },
        "firstperson_righthand": {
            "rotation": [ 0, -90, 25 ],
            "translation": [ 1.13, 3.2, 1.13],
            "scale": [ 0.68, 0.68, 0.68 ]
        },
        "firstperson_lefthand": {
            "scale": [ 0, 0, 0 ]
        },
        "fixed": {
            "scale": [ 0, 0, 0 ]
        }
    }
}
