{
	"__comment": "Designed by Ersatz with Cubik Studio - https://cubik.studio",
	"textures": {
		"particle": "blocks/snow",
		"texture": "blocks/snow"
	},
	"elements": [ 	 
		{
			"__comment": "Box1",
			"from": [ 6, 5, 10 ],
			"to": [ 10, 6, 11 ],
			"faces": {
				"down": { "uv": [ 6, 5, 10, 6 ], "texture": "#texture" },
				"up": { "uv": [ 6, 10, 10, 11 ], "texture": "#texture" },
				"north": { "uv": [ 6, 10, 10, 11 ], "texture": "#texture" },
				"south": { "uv": [ 6, 10, 10, 11 ], "texture": "#texture" },
				"west": { "uv": [ 10, 10, 11, 11 ], "texture": "#texture" },
				"east": { "uv": [ 5, 10, 6, 11 ], "texture": "#texture" }
			}
		},
		{
			"__comment": "Box1",
			"from": [ 7, 4, 6 ],
			"to": [ 9, 5, 10 ],
			"faces": {
				"down": { "uv": [ 7, 6, 9, 10 ], "texture": "#texture" },
				"up": { "uv": [ 7, 6, 9, 10 ], "texture": "#texture" },
				"north": { "uv": [ 7, 11, 9, 12 ], "texture": "#texture" },
				"south": { "uv": [ 7, 11, 9, 12 ], "texture": "#texture" },
				"west": { "uv": [ 6, 11, 10, 12 ], "texture": "#texture" },
				"east": { "uv": [ 6, 11, 10, 12 ], "texture": "#texture" }
			}
		},
		{
			"__comment": "Box1",
			"from": [ 9, 4, 7 ],
			"to": [ 10, 5, 9 ],
			"faces": {
				"down": { "uv": [ 9, 7, 10, 9 ], "texture": "#texture" },
				"up": { "uv": [ 9, 7, 10, 9 ], "texture": "#texture" },
				"north": { "uv": [ 6, 11, 7, 12 ], "texture": "#texture" },
				"south": { "uv": [ 9, 11, 10, 12 ], "texture": "#texture" },
				"west": { "uv": [ 7, 11, 9, 12 ], "texture": "#texture" },
				"east": { "uv": [ 7, 11, 9, 12 ], "texture": "#texture" }
			}
		},
		{
			"__comment": "Box1",
			"from": [ 6, 4, 7 ],
			"to": [ 7, 5, 9 ],
			"faces": {
				"down": { "uv": [ 6, 7, 7, 9 ], "texture": "#texture" },
				"up": { "uv": [ 6, 7, 7, 9 ], "texture": "#texture" },
				"north": { "uv": [ 9, 11, 10, 12 ], "texture": "#texture" },
				"south": { "uv": [ 6, 11, 7, 12 ], "texture": "#texture" },
				"west": { "uv": [ 7, 11, 9, 12 ], "texture": "#texture" },
				"east": { "uv": [ 7, 11, 9, 12 ], "texture": "#texture" }
			}
		},
		{
			"__comment": "Box1",
			"from": [ 5, 5, 6 ],
			"to": [ 11, 6, 10 ],
			"faces": {
				"down": { "uv": [ 5, 6, 11, 10 ], "texture": "#texture" },
				"up": { "uv": [ 5, 6, 11, 10 ], "texture": "#texture" },
				"north": { "uv": [ 5, 10, 11, 11 ], "texture": "#texture" },
				"south": { "uv": [ 5, 10, 11, 11 ], "texture": "#texture" },
				"west": { "uv": [ 6, 10, 10, 11 ], "texture": "#texture" },
				"east": { "uv": [ 6, 10, 10, 11 ], "texture": "#texture" }
			}
		},
		{
			"__comment": "Box1",
			"from": [ 4, 6, 7 ],
			"to": [ 5, 7, 9 ],
			"faces": {
				"down": { "uv": [ 4, 7, 5, 9 ], "texture": "#texture" },
				"up": { "uv": [ 4, 7, 5, 9 ], "texture": "#texture" },
				"north": { "uv": [ 11, 9, 12, 10 ], "texture": "#texture" },
				"south": { "uv": [ 4, 9, 5, 10 ], "texture": "#texture" },
				"west": { "uv": [ 7, 9, 9, 10 ], "texture": "#texture" },
				"east": { "uv": [ 7, 9, 9, 10 ], "texture": "#texture" }
			}
		},
		{
			"__comment": "Box1",
			"from": [ 6, 5, 5 ],
			"to": [ 10, 6, 6 ],
			"faces": {
				"down": { "uv": [ 6, 10, 10, 11 ], "texture": "#texture" },
				"up": { "uv": [ 6, 5, 10, 6 ], "texture": "#texture" },
				"north": { "uv": [ 6, 10, 10, 11 ], "texture": "#texture" },
				"south": { "uv": [ 6, 10, 10, 11 ], "texture": "#texture" },
				"west": { "uv": [ 5, 10, 6, 11 ], "texture": "#texture" },
				"east": { "uv": [ 10, 10, 11, 11 ], "texture": "#texture" }
			}
		},
		{
			"__comment": "Box1",
			"from": [ 11, 7, 6 ],
			"to": [ 12, 8, 10.5 ],
			"faces": {
				"down": { "uv": [ 11, 5.5, 12, 10 ], "texture": "#texture" },
				"up": { "uv": [ 11, 6, 12, 10.5 ], "texture": "#texture" },
				"north": { "uv": [ 4, 8, 5, 9 ], "texture": "#texture" },
				"south": { "uv": [ 11, 8, 12, 9 ], "texture": "#texture" },
				"west": { "uv": [ 6, 8, 10.5, 9 ], "texture": "#texture" },
				"east": { "uv": [ 5.5, 8, 10, 9 ], "texture": "#texture" }
			}
		},
		{
			"__comment": "Box1",
			"from": [ 5, 6, 5 ],
			"to": [ 7, 7, 11 ],
			"faces": {
				"down": { "uv": [ 5, 5, 7, 11 ], "texture": "#texture" },
				"up": { "uv": [ 5, 5, 7, 11 ], "texture": "#texture" },
				"north": { "uv": [ 9, 9, 11, 10 ], "texture": "#texture" },
				"south": { "uv": [ 5, 9, 7, 10 ], "texture": "#texture" },
				"west": { "uv": [ 5, 9, 11, 10 ], "texture": "#texture" },
				"east": { "uv": [ 5, 9, 11, 10 ], "texture": "#texture" }
			}
		},
		{
			"__comment": "Box1",
			"from": [ 9, 6, 5 ],
			"to": [ 11, 7, 11 ],
			"faces": {
				"down": { "uv": [ 9, 5, 11, 11 ], "texture": "#texture" },
				"up": { "uv": [ 9, 5, 11, 11 ], "texture": "#texture" },
				"north": { "uv": [ 5, 9, 7, 10 ], "texture": "#texture" },
				"south": { "uv": [ 9, 9, 11, 10 ], "texture": "#texture" },
				"west": { "uv": [ 5, 9, 11, 10 ], "texture": "#texture" },
				"east": { "uv": [ 5, 9, 11, 10 ], "texture": "#texture" }
			}
		},
		{
			"__comment": "Box1",
			"from": [ 11, 6, 7 ],
			"to": [ 12, 7, 9 ],
			"faces": {
				"down": { "uv": [ 11, 7, 12, 9 ], "texture": "#texture" },
				"up": { "uv": [ 11, 7, 12, 9 ], "texture": "#texture" },
				"north": { "uv": [ 4, 9, 5, 10 ], "texture": "#texture" },
				"south": { "uv": [ 11, 9, 12, 10 ], "texture": "#texture" },
				"west": { "uv": [ 7, 9, 9, 10 ], "texture": "#texture" },
				"east": { "uv": [ 7, 9, 9, 10 ], "texture": "#texture" }
			}
		},
		{
			"__comment": "Box1",
			"from": [ 7, 6, 4 ],
			"to": [ 9, 7, 12 ],
			"faces": {
				"down": { "uv": [ 7, 4, 9, 12 ], "texture": "#texture" },
				"up": { "uv": [ 7, 4, 9, 12 ], "texture": "#texture" },
				"north": { "uv": [ 7, 9, 9, 10 ], "texture": "#texture" },
				"south": { "uv": [ 7, 9, 9, 10 ], "texture": "#texture" },
				"west": { "uv": [ 4, 9, 12, 10 ], "texture": "#texture" },
				"east": { "uv": [ 4, 9, 12, 10 ], "texture": "#texture" }
			}
		},
		{
			"__comment": "Box1",
			"from": [ 6, 7, 4 ],
			"to": [ 10, 8, 12 ],
			"faces": {
				"down": { "uv": [ 6, 4, 10, 12 ], "texture": "#texture" },
				"up": { "uv": [ 6, 4, 10, 12 ], "texture": "#texture" },
				"north": { "uv": [ 6, 8, 10, 9 ], "texture": "#texture" },
				"south": { "uv": [ 6, 8, 10, 9 ], "texture": "#texture" },
				"west": { "uv": [ 4, 8, 12, 9 ], "texture": "#texture" },
				"east": { "uv": [ 4, 8, 12, 9 ], "texture": "#texture" }
			}
		},
		{
			"__comment": "Box1",
			"from": [ 10, 7, 5 ],
			"to": [ 11, 8, 11 ],
			"faces": {
				"down": { "uv": [ 10, 5, 11, 11 ], "texture": "#texture" },
				"up": { "uv": [ 10, 5, 11, 11 ], "texture": "#texture" },
				"north": { "uv": [ 5, 8, 6, 9 ], "texture": "#texture" },
				"south": { "uv": [ 10, 8, 11, 9 ], "texture": "#texture" },
				"west": { "uv": [ 5, 8, 11, 9 ], "texture": "#texture" },
				"east": { "uv": [ 5, 8, 11, 9 ], "texture": "#texture" }
			}
		},
		{
			"__comment": "Box1",
			"from": [ 5, 7, 5 ],
			"to": [ 6, 8, 11 ],
			"faces": {
				"down": { "uv": [ 5, 5, 6, 11 ], "texture": "#texture" },
				"up": { "uv": [ 5, 5, 6, 11 ], "texture": "#texture" },
				"north": { "uv": [ 10, 8, 11, 9 ], "texture": "#texture" },
				"south": { "uv": [ 5, 8, 6, 9 ], "texture": "#texture" },
				"west": { "uv": [ 5, 8, 11, 9 ], "texture": "#texture" },
				"east": { "uv": [ 5, 8, 11, 9 ], "texture": "#texture" }
			}
		},
		{
			"__comment": "Box1",
			"from": [ 4, 7, 6 ],
			"to": [ 5, 8, 10.5 ],
			"faces": {
				"down": { "uv": [ 4, 5.5, 5, 10 ], "texture": "#texture" },
				"up": { "uv": [ 4, 6, 5, 10.5 ], "texture": "#texture" },
				"north": { "uv": [ 11, 8, 12, 9 ], "texture": "#texture" },
				"south": { "uv": [ 4, 8, 5, 9 ], "texture": "#texture" },
				"west": { "uv": [ 6, 8, 10.5, 9 ], "texture": "#texture" },
				"east": { "uv": [ 5.5, 8, 10, 9 ], "texture": "#texture" }
			}
		},
		{
			"__comment": "Box1",
			"from": [ 6, 10, 10 ],
			"to": [ 10, 11, 11 ],
			"faces": {
				"down": { "uv": [ 6, 5, 10, 6 ], "texture": "#texture" },
				"up": { "uv": [ 6, 10, 10, 11 ], "texture": "#texture" },
				"north": { "uv": [ 6, 5, 10, 6 ], "texture": "#texture" },
				"south": { "uv": [ 6, 5, 10, 6 ], "texture": "#texture" },
				"west": { "uv": [ 10, 5, 11, 6 ], "texture": "#texture" },
				"east": { "uv": [ 5, 5, 6, 6 ], "texture": "#texture" }
			}
		},
		{
			"__comment": "Box1",
			"from": [ 7, 11, 6 ],
			"to": [ 9, 12, 10 ],
			"faces": {
				"down": { "uv": [ 7, 6, 9, 10 ], "texture": "#texture" },
				"up": { "uv": [ 7, 6, 9, 10 ], "texture": "#texture" },
				"north": { "uv": [ 7, 4, 9, 5 ], "texture": "#texture" },
				"south": { "uv": [ 7, 4, 9, 5 ], "texture": "#texture" },
				"west": { "uv": [ 6, 4, 10, 5 ], "texture": "#texture" },
				"east": { "uv": [ 6, 4, 10, 5 ], "texture": "#texture" }
			}
		},
		{
			"__comment": "Box1",
			"from": [ 6, 11, 7 ],
			"to": [ 7, 12, 9 ],
			"faces": {
				"down": { "uv": [ 6, 7, 7, 9 ], "texture": "#texture" },
				"up": { "uv": [ 6, 7, 7, 9 ], "texture": "#texture" },
				"north": { "uv": [ 9, 4, 10, 5 ], "texture": "#texture" },
				"south": { "uv": [ 6, 4, 7, 5 ], "texture": "#texture" },
				"west": { "uv": [ 7, 4, 9, 5 ], "texture": "#texture" },
				"east": { "uv": [ 7, 4, 9, 5 ], "texture": "#texture" }
			}
		},
		{
			"__comment": "Box1",
			"from": [ 9, 11, 7 ],
			"to": [ 10, 12, 9 ],
			"faces": {
				"down": { "uv": [ 9, 7, 10, 9 ], "texture": "#texture" },
				"up": { "uv": [ 9, 7, 10, 9 ], "texture": "#texture" },
				"north": { "uv": [ 6, 4, 7, 5 ], "texture": "#texture" },
				"south": { "uv": [ 9, 4, 10, 5 ], "texture": "#texture" },
				"west": { "uv": [ 7, 4, 9, 5 ], "texture": "#texture" },
				"east": { "uv": [ 7, 4, 9, 5 ], "texture": "#texture" }
			}
		},
		{
			"__comment": "Box1",
			"from": [ 5, 10, 6 ],
			"to": [ 11, 11, 10 ],
			"faces": {
				"down": { "uv": [ 5, 6, 11, 10 ], "texture": "#texture" },
				"up": { "uv": [ 5, 6, 11, 10 ], "texture": "#texture" },
				"north": { "uv": [ 5, 5, 11, 6 ], "texture": "#texture" },
				"south": { "uv": [ 5, 5, 11, 6 ], "texture": "#texture" },
				"west": { "uv": [ 6, 5, 10, 6 ], "texture": "#texture" },
				"east": { "uv": [ 6, 5, 10, 6 ], "texture": "#texture" }
			}
		},
		{
			"__comment": "Box1",
			"from": [ 11, 9, 7 ],
			"to": [ 12, 10, 9 ],
			"faces": {
				"down": { "uv": [ 11, 7, 12, 9 ], "texture": "#texture" },
				"up": { "uv": [ 11, 7, 12, 9 ], "texture": "#texture" },
				"north": { "uv": [ 4, 6, 5, 7 ], "texture": "#texture" },
				"south": { "uv": [ 11, 6, 12, 7 ], "texture": "#texture" },
				"west": { "uv": [ 7, 6, 9, 7 ], "texture": "#texture" },
				"east": { "uv": [ 7, 6, 9, 7 ], "texture": "#texture" }
			}
		},
		{
			"__comment": "Box1",
			"from": [ 6, 10, 5 ],
			"to": [ 10, 11, 6 ],
			"faces": {
				"down": { "uv": [ 6, 10, 10, 11 ], "texture": "#texture" },
				"up": { "uv": [ 6, 5, 10, 6 ], "texture": "#texture" },
				"north": { "uv": [ 6, 5, 10, 6 ], "texture": "#texture" },
				"south": { "uv": [ 6, 5, 10, 6 ], "texture": "#texture" },
				"west": { "uv": [ 5, 5, 6, 6 ], "texture": "#texture" },
				"east": { "uv": [ 10, 5, 11, 6 ], "texture": "#texture" }
			}
		},
		{
			"__comment": "Box1",
			"from": [ 4, 8, 6 ],
			"to": [ 5, 9, 10.5 ],
			"faces": {
				"down": { "uv": [ 4, 5.5, 5, 10 ], "texture": "#texture" },
				"up": { "uv": [ 4, 6, 5, 10.5 ], "texture": "#texture" },
				"north": { "uv": [ 11, 7, 12, 8 ], "texture": "#texture" },
				"south": { "uv": [ 4, 7, 5, 8 ], "texture": "#texture" },
				"west": { "uv": [ 6, 7, 10.5, 8 ], "texture": "#texture" },
				"east": { "uv": [ 5.5, 7, 10, 8 ], "texture": "#texture" }
			}
		},
		{
			"__comment": "Box1",
			"from": [ 9, 9, 5 ],
			"to": [ 11, 10, 11 ],
			"faces": {
				"down": { "uv": [ 9, 5, 11, 11 ], "texture": "#texture" },
				"up": { "uv": [ 9, 5, 11, 11 ], "texture": "#texture" },
				"north": { "uv": [ 5, 6, 7, 7 ], "texture": "#texture" },
				"south": { "uv": [ 9, 6, 11, 7 ], "texture": "#texture" },
				"west": { "uv": [ 5, 6, 11, 7 ], "texture": "#texture" },
				"east": { "uv": [ 5, 6, 11, 7 ], "texture": "#texture" }
			}
		},
		{
			"__comment": "Box1",
			"from": [ 5, 9, 5 ],
			"to": [ 7, 10, 11 ],
			"faces": {
				"down": { "uv": [ 5, 5, 7, 11 ], "texture": "#texture" },
				"up": { "uv": [ 5, 5, 7, 11 ], "texture": "#texture" },
				"north": { "uv": [ 9, 6, 11, 7 ], "texture": "#texture" },
				"south": { "uv": [ 5, 6, 7, 7 ], "texture": "#texture" },
				"west": { "uv": [ 5, 6, 11, 7 ], "texture": "#texture" },
				"east": { "uv": [ 5, 6, 11, 7 ], "texture": "#texture" }
			}
		},
		{
			"__comment": "Box1",
			"from": [ 4, 9, 7 ],
			"to": [ 5, 10, 9 ],
			"faces": {
				"down": { "uv": [ 4, 7, 5, 9 ], "texture": "#texture" },
				"up": { "uv": [ 4, 7, 5, 9 ], "texture": "#texture" },
				"north": { "uv": [ 11, 6, 12, 7 ], "texture": "#texture" },
				"south": { "uv": [ 4, 6, 5, 7 ], "texture": "#texture" },
				"west": { "uv": [ 7, 6, 9, 7 ], "texture": "#texture" },
				"east": { "uv": [ 7, 6, 9, 7 ], "texture": "#texture" }
			}
		},
		{
			"__comment": "Box1",
			"from": [ 7, 9, 4 ],
			"to": [ 9, 10, 12 ],
			"faces": {
				"down": { "uv": [ 7, 4, 9, 12 ], "texture": "#texture" },
				"up": { "uv": [ 7, 4, 9, 12 ], "texture": "#texture" },
				"north": { "uv": [ 7, 6, 9, 7 ], "texture": "#texture" },
				"south": { "uv": [ 7, 6, 9, 7 ], "texture": "#texture" },
				"west": { "uv": [ 4, 6, 12, 7 ], "texture": "#texture" },
				"east": { "uv": [ 4, 6, 12, 7 ], "texture": "#texture" }
			}
		},
		{
			"__comment": "Box1",
			"from": [ 6, 8, 4 ],
			"to": [ 10, 9, 12 ],
			"faces": {
				"down": { "uv": [ 6, 4, 10, 12 ], "texture": "#texture" },
				"up": { "uv": [ 6, 4, 10, 12 ], "texture": "#texture" },
				"north": { "uv": [ 6, 7, 10, 8 ], "texture": "#texture" },
				"south": { "uv": [ 6, 7, 10, 8 ], "texture": "#texture" },
				"west": { "uv": [ 4, 7, 12, 8 ], "texture": "#texture" },
				"east": { "uv": [ 4, 7, 12, 8 ], "texture": "#texture" }
			}
		},
		{
			"__comment": "Box1",
			"from": [ 5, 8, 5 ],
			"to": [ 6, 9, 11 ],
			"faces": {
				"down": { "uv": [ 5, 5, 6, 11 ], "texture": "#texture" },
				"up": { "uv": [ 5, 5, 6, 11 ], "texture": "#texture" },
				"north": { "uv": [ 10, 7, 11, 8 ], "texture": "#texture" },
				"south": { "uv": [ 5, 7, 6, 8 ], "texture": "#texture" },
				"west": { "uv": [ 5, 7, 11, 8 ], "texture": "#texture" },
				"east": { "uv": [ 5, 7, 11, 8 ], "texture": "#texture" }
			}
		},
		{
			"__comment": "Box1",
			"from": [ 10, 8, 5 ],
			"to": [ 11, 9, 11 ],
			"faces": {
				"down": { "uv": [ 10, 5, 11, 11 ], "texture": "#texture" },
				"up": { "uv": [ 10, 5, 11, 11 ], "texture": "#texture" },
				"north": { "uv": [ 5, 7, 6, 8 ], "texture": "#texture" },
				"south": { "uv": [ 10, 7, 11, 8 ], "texture": "#texture" },
				"west": { "uv": [ 5, 7, 11, 8 ], "texture": "#texture" },
				"east": { "uv": [ 5, 7, 11, 8 ], "texture": "#texture" }
			}
		},
		{
			"__comment": "Box1",
			"from": [ 11, 8, 6 ],
			"to": [ 12, 9, 10.5 ],
			"faces": {
				"down": { "uv": [ 11, 5.5, 12, 10 ], "texture": "#texture" },
				"up": { "uv": [ 11, 6, 12, 10.5 ], "texture": "#texture" },
				"north": { "uv": [ 4, 7, 5, 8 ], "texture": "#texture" },
				"south": { "uv": [ 11, 7, 12, 8 ], "texture": "#texture" },
				"west": { "uv": [ 6, 7, 10.5, 8 ], "texture": "#texture" },
				"east": { "uv": [ 5.5, 7, 10, 8 ], "texture": "#texture" }
			}
		}
	],
	"display": {
		"thirdperson_righthand": {
			"translation":  [ 0, 0.75, -0.75 ],
			"scale":  [ 0.5, 0.5, 0.5 ]
		},
		"thirdperson_lefthand": {
			"translation":  [ 0, 0.75, -0.75 ],
			"scale":  [ 0.5, 0.5, 0.5 ]
		},
		"firstperson_righthand": {
			"translation":  [ 0.9, 2.25, 0 ],
			"scale":  [ 0.5, 0.5, 0.5 ]
		},
		"firstperson_lefthand": {
			"translation":  [ 0.9, 2.25, 0 ],
			"scale":  [ 0.5, 0.5, 0.5 ]
		},
		"gui": {
			"rotation":  [ 20, 45, 0 ],
			"scale":  [ 1.25, 1.25, 1.25 ]
		},
		"ground": {
			"translation":  [ 0, 1, 0 ],
			"scale":  [ 0.5, 0.5, 0.5 ]
		}
	}
}