{
    "textures": {
        "main": "items/snowball_blink"
    }, 
    "elements": [
        {
            "__comment": "Box1", 
            "from": [ 6, 5, 10 ], 
            "to":   [ 10, 6, 11 ], 
            "faces": {
                "down":  { "uv": [ 3, 2.5, 5, 3 ], "texture": "#main" }, 
                "up":    { "uv": [ 3, 5, 5, 5.5 ], "texture": "#main" }, 
                "north": { "uv": [ 3, 5, 5, 5.5 ], "texture": "#main" }, 
                "south": { "uv": [ 3, 5, 5, 5.5 ], "texture": "#main" }, 
                "west":  { "uv": [ 5, 5, 5.5, 5.5 ], "texture": "#main" }, 
                "east":  { "uv": [ 2.5, 5, 3, 5.5 ], "texture": "#main" }
            }
        }, 
        {
            "__comment": "Box1", 
            "from": [ 7, 4, 6 ], 
            "to":   [ 9, 5, 10 ], 
            "faces": {
                "down":  { "uv": [ 3.5, 3, 4.5, 5 ], "texture": "#main" }, 
                "up":    { "uv": [ 3.5, 3, 4.5, 5 ], "texture": "#main" }, 
                "north": { "uv": [ 3.5, 5.5, 4.5, 6 ], "texture": "#main" }, 
                "south": { "uv": [ 3.5, 5.5, 4.5, 6 ], "texture": "#main" }, 
                "west":  { "uv": [ 3, 5.5, 5, 6 ], "texture": "#main" }, 
                "east":  { "uv": [ 3, 5.5, 5, 6 ], "texture": "#main" }
            }
        }, 
        {
            "__comment": "Box1", 
            "from": [ 9, 4, 7 ], 
            "to":   [ 10, 5, 9 ], 
            "faces": {
                "down":  { "uv": [ 4.5, 3.5, 5, 4.5 ], "texture": "#main" }, 
                "up":    { "uv": [ 4.5, 3.5, 5, 4.5 ], "texture": "#main" }, 
                "north": { "uv": [ 3, 5.5, 3.5, 6 ], "texture": "#main" }, 
                "south": { "uv": [ 4.5, 5.5, 5, 6 ], "texture": "#main" }, 
                "west":  { "uv": [ 3.5, 5.5, 4.5, 6 ], "texture": "#main" }, 
                "east":  { "uv": [ 3.5, 5.5, 4.5, 6 ], "texture": "#main" }
            }
        }, 
        {
            "__comment": "Box1", 
            "from": [ 6, 4, 7 ], 
            "to":   [ 7, 5, 9 ], 
            "faces": {
                "down":  { "uv": [ 3, 3.5, 3.5, 4.5 ], "texture": "#main" }, 
                "up":    { "uv": [ 3, 3.5, 3.5, 4.5 ], "texture": "#main" }, 
                "north": { "uv": [ 4.5, 5.5, 5, 6 ], "texture": "#main" }, 
                "south": { "uv": [ 3, 5.5, 3.5, 6 ], "texture": "#main" }, 
                "west":  { "uv": [ 3.5, 5.5, 4.5, 6 ], "texture": "#main" }, 
                "east":  { "uv": [ 3.5, 5.5, 4.5, 6 ], "texture": "#main" }
            }
        }, 
        {
            "__comment": "Box1", 
            "from": [ 5, 5, 6 ], 
            "to":   [ 11, 6, 10 ], 
            "faces": {
                "down":  { "uv": [ 2.5, 3, 5.5, 5 ], "texture": "#main" }, 
                "up":    { "uv": [ 2.5, 3, 5.5, 5 ], "texture": "#main" }, 
                "north": { "uv": [ 2.5, 5, 5.5, 5.5 ], "texture": "#main" }, 
                "south": { "uv": [ 2.5, 5, 5.5, 5.5 ], "texture": "#main" }, 
                "west":  { "uv": [ 3, 5, 5, 5.5 ], "texture": "#main" }, 
                "east":  { "uv": [ 3, 5, 5, 5.5 ], "texture": "#main" }
            }
        }, 
        {
            "__comment": "Box1", 
            "from": [ 4, 6, 7 ], 
            "to":   [ 5, 7, 9 ], 
            "faces": {
                "down":  { "uv": [ 2, 3.5, 2.5, 4.5 ], "texture": "#main" }, 
                "up":    { "uv": [ 2, 3.5, 2.5, 4.5 ], "texture": "#main" }, 
                "north": { "uv": [ 5.5, 4.5, 6, 5 ], "texture": "#main" }, 
                "south": { "uv": [ 2, 4.5, 2.5, 5 ], "texture": "#main" }, 
                "west":  { "uv": [ 3.5, 4.5, 4.5, 5 ], "texture": "#main" }, 
                "east":  { "uv": [ 3.5, 4.5, 4.5, 5 ], "texture": "#main" }
            }
        }, 
        {
            "__comment": "Box1", 
            "from": [ 6, 5, 5 ], 
            "to":   [ 10, 6, 6 ], 
            "faces": {
                "down":  { "uv": [ 3, 5, 5, 5.5 ], "texture": "#main" }, 
                "up":    { "uv": [ 3, 2.5, 5, 3 ], "texture": "#main" }, 
                "north": { "uv": [ 3, 5, 5, 5.5 ], "texture": "#main" }, 
                "south": { "uv": [ 3, 5, 5, 5.5 ], "texture": "#main" }, 
                "west":  { "uv": [ 2.5, 5, 3, 5.5 ], "texture": "#main" }, 
                "east":  { "uv": [ 5, 5, 5.5, 5.5 ], "texture": "#main" }
            }
        }, 
        {
            "__comment": "Box1", 
            "from": [ 11, 7, 6 ], 
            "to":   [ 12, 8, 10.5 ], 
            "faces": {
                "down":  { "uv": [ 5.5, 2.75, 6, 5 ], "texture": "#main" }, 
                "up":    { "uv": [ 5.5, 3, 6, 5.25 ], "texture": "#main" }, 
                "north": { "uv": [ 2, 4, 2.5, 4.5 ], "texture": "#main" }, 
                "south": { "uv": [ 5.5, 4, 6, 4.5 ], "texture": "#main" }, 
                "west":  { "uv": [ 3, 4, 5.25, 4.5 ], "texture": "#main" }, 
                "east":  { "uv": [ 2.75, 4, 5, 4.5 ], "texture": "#main" }
            }
        }, 
        {
            "__comment": "Box1", 
            "from": [ 5, 6, 5 ], 
            "to":   [ 7, 7, 11 ], 
            "faces": {
                "down":  { "uv": [ 2.5, 2.5, 3.5, 5.5 ], "texture": "#main" }, 
                "up":    { "uv": [ 2.5, 2.5, 3.5, 5.5 ], "texture": "#main" }, 
                "north": { "uv": [ 4.5, 4.5, 5.5, 5 ], "texture": "#main" }, 
                "south": { "uv": [ 2.5, 4.5, 3.5, 5 ], "texture": "#main" }, 
                "west":  { "uv": [ 2.5, 4.5, 5.5, 5 ], "texture": "#main" }, 
                "east":  { "uv": [ 2.5, 4.5, 5.5, 5 ], "texture": "#main" }
            }
        }, 
        {
            "__comment": "Box1", 
            "from": [ 9, 6, 5 ], 
            "to":   [ 11, 7, 11 ], 
            "faces": {
                "down":  { "uv": [ 4.5, 2.5, 5.5, 5.5 ], "texture": "#main" }, 
                "up":    { "uv": [ 4.5, 2.5, 5.5, 5.5 ], "texture": "#main" }, 
                "north": { "uv": [ 2.5, 4.5, 3.5, 5 ], "texture": "#main" }, 
                "south": { "uv": [ 4.5, 4.5, 5.5, 5 ], "texture": "#main" }, 
                "west":  { "uv": [ 2.5, 4.5, 5.5, 5 ], "texture": "#main" }, 
                "east":  { "uv": [ 2.5, 4.5, 5.5, 5 ], "texture": "#main" }
            }
        }, 
        {
            "__comment": "Box1", 
            "from": [ 11, 6, 7 ], 
            "to":   [ 12, 7, 9 ], 
            "faces": {
                "down":  { "uv": [ 5.5, 3.5, 6, 4.5 ], "texture": "#main" }, 
                "up":    { "uv": [ 5.5, 3.5, 6, 4.5 ], "texture": "#main" }, 
                "north": { "uv": [ 2, 4.5, 2.5, 5 ], "texture": "#main" }, 
                "south": { "uv": [ 5.5, 4.5, 6, 5 ], "texture": "#main" }, 
                "west":  { "uv": [ 3.5, 4.5, 4.5, 5 ], "texture": "#main" }, 
                "east":  { "uv": [ 3.5, 4.5, 4.5, 5 ], "texture": "#main" }
            }
        }, 
        {
            "__comment": "Box1", 
            "from": [ 7, 6, 4 ], 
            "to":   [ 9, 7, 12 ], 
            "faces": {
                "down":  { "uv": [ 3.5, 2, 4.5, 6 ], "texture": "#main" }, 
                "up":    { "uv": [ 3.5, 2, 4.5, 6 ], "texture": "#main" }, 
                "north": { "uv": [ 3.5, 4.5, 4.5, 5 ], "texture": "#main" }, 
                "south": { "uv": [ 3.5, 4.5, 4.5, 5 ], "texture": "#main" }, 
                "west":  { "uv": [ 2, 4.5, 6, 5 ], "texture": "#main" }, 
                "east":  { "uv": [ 2, 4.5, 6, 5 ], "texture": "#main" }
            }
        }, 
        {
            "__comment": "Box1", 
            "from": [ 6, 7, 4 ], 
            "to":   [ 10, 8, 12 ], 
            "faces": {
                "down":  { "uv": [ 3, 2, 5, 6 ], "texture": "#main" }, 
                "up":    { "uv": [ 3, 2, 5, 6 ], "texture": "#main" }, 
                "north": { "uv": [ 3, 4, 5, 4.5 ], "texture": "#main" }, 
                "south": { "uv": [ 3, 4, 5, 4.5 ], "texture": "#main" }, 
                "west":  { "uv": [ 2, 4, 6, 4.5 ], "texture": "#main" }, 
                "east":  { "uv": [ 2, 4, 6, 4.5 ], "texture": "#main" }
            }
        }, 
        {
            "__comment": "Box1", 
            "from": [ 10, 7, 5 ], 
            "to":   [ 11, 8, 11 ], 
            "faces": {
                "down":  { "uv": [ 5, 2.5, 5.5, 5.5 ], "texture": "#main" }, 
                "up":    { "uv": [ 5, 2.5, 5.5, 5.5 ], "texture": "#main" }, 
                "north": { "uv": [ 2.5, 4, 3, 4.5 ], "texture": "#main" }, 
                "south": { "uv": [ 5, 4, 5.5, 4.5 ], "texture": "#main" }, 
                "west":  { "uv": [ 2.5, 4, 5.5, 4.5 ], "texture": "#main" }, 
                "east":  { "uv": [ 2.5, 4, 5.5, 4.5 ], "texture": "#main" }
            }
        }, 
        {
            "__comment": "Box1", 
            "from": [ 5, 7, 5 ], 
            "to":   [ 6, 8, 11 ], 
            "faces": {
                "down":  { "uv": [ 2.5, 2.5, 3, 5.5 ], "texture": "#main" }, 
                "up":    { "uv": [ 2.5, 2.5, 3, 5.5 ], "texture": "#main" }, 
                "north": { "uv": [ 5, 4, 5.5, 4.5 ], "texture": "#main" }, 
                "south": { "uv": [ 2.5, 4, 3, 4.5 ], "texture": "#main" }, 
                "west":  { "uv": [ 2.5, 4, 5.5, 4.5 ], "texture": "#main" }, 
                "east":  { "uv": [ 2.5, 4, 5.5, 4.5 ], "texture": "#main" }
            }
        }, 
        {
            "__comment": "Box1", 
            "from": [ 4, 7, 6 ], 
            "to":   [ 5, 8, 10.5 ], 
            "faces": {
                "down":  { "uv": [ 2, 2.75, 2.5, 5 ], "texture": "#main" }, 
                "up":    { "uv": [ 2, 3, 2.5, 5.25 ], "texture": "#main" }, 
                "north": { "uv": [ 5.5, 4, 6, 4.5 ], "texture": "#main" }, 
                "south": { "uv": [ 2, 4, 2.5, 4.5 ], "texture": "#main" }, 
                "west":  { "uv": [ 3, 4, 5.25, 4.5 ], "texture": "#main" }, 
                "east":  { "uv": [ 2.75, 4, 5, 4.5 ], "texture": "#main" }
            }
        }, 
        {
            "__comment": "Box1", 
            "from": [ 6, 10, 10 ], 
            "to":   [ 10, 11, 11 ], 
            "faces": {
                "down":  { "uv": [ 3, 2.5, 5, 3 ], "texture": "#main" }, 
                "up":    { "uv": [ 3, 5, 5, 5.5 ], "texture": "#main" }, 
                "north": { "uv": [ 3, 2.5, 5, 3 ], "texture": "#main" }, 
                "south": { "uv": [ 3, 2.5, 5, 3 ], "texture": "#main" }, 
                "west":  { "uv": [ 5, 2.5, 5.5, 3 ], "texture": "#main" }, 
                "east":  { "uv": [ 2.5, 2.5, 3, 3 ], "texture": "#main" }
            }
        }, 
        {
            "__comment": "Box1", 
            "from": [ 7, 11, 6 ], 
            "to":   [ 9, 12, 10 ], 
            "faces": {
                "down":  { "uv": [ 3.5, 3, 4.5, 5 ], "texture": "#main" }, 
                "up":    { "uv": [ 3.5, 3, 4.5, 5 ], "texture": "#main" }, 
                "north": { "uv": [ 3.5, 2, 4.5, 2.5 ], "texture": "#main" }, 
                "south": { "uv": [ 3.5, 2, 4.5, 2.5 ], "texture": "#main" }, 
                "west":  { "uv": [ 3, 2, 5, 2.5 ], "texture": "#main" }, 
                "east":  { "uv": [ 3, 2, 5, 2.5 ], "texture": "#main" }
            }
        }, 
        {
            "__comment": "Box1", 
            "from": [ 6, 11, 7 ], 
            "to":   [ 7, 12, 9 ], 
            "faces": {
                "down":  { "uv": [ 3, 3.5, 3.5, 4.5 ], "texture": "#main" }, 
                "up":    { "uv": [ 3, 3.5, 3.5, 4.5 ], "texture": "#main" }, 
                "north": { "uv": [ 4.5, 2, 5, 2.5 ], "texture": "#main" }, 
                "south": { "uv": [ 3, 2, 3.5, 2.5 ], "texture": "#main" }, 
                "west":  { "uv": [ 3.5, 2, 4.5, 2.5 ], "texture": "#main" }, 
                "east":  { "uv": [ 3.5, 2, 4.5, 2.5 ], "texture": "#main" }
            }
        }, 
        {
            "__comment": "Box1", 
            "from": [ 9, 11, 7 ], 
            "to":   [ 10, 12, 9 ], 
            "faces": {
                "down":  { "uv": [ 4.5, 3.5, 5, 4.5 ], "texture": "#main" }, 
                "up":    { "uv": [ 4.5, 3.5, 5, 4.5 ], "texture": "#main" }, 
                "north": { "uv": [ 3, 2, 3.5, 2.5 ], "texture": "#main" }, 
                "south": { "uv": [ 4.5, 2, 5, 2.5 ], "texture": "#main" }, 
                "west":  { "uv": [ 3.5, 2, 4.5, 2.5 ], "texture": "#main" }, 
                "east":  { "uv": [ 3.5, 2, 4.5, 2.5 ], "texture": "#main" }
            }
        }, 
        {
            "__comment": "Box1", 
            "from": [ 5, 10, 6 ], 
            "to":   [ 11, 11, 10 ], 
            "faces": {
                "down":  { "uv": [ 2.5, 3, 5.5, 5 ], "texture": "#main" }, 
                "up":    { "uv": [ 2.5, 3, 5.5, 5 ], "texture": "#main" }, 
                "north": { "uv": [ 2.5, 2.5, 5.5, 3 ], "texture": "#main" }, 
                "south": { "uv": [ 2.5, 2.5, 5.5, 3 ], "texture": "#main" }, 
                "west":  { "uv": [ 3, 2.5, 5, 3 ], "texture": "#main" }, 
                "east":  { "uv": [ 3, 2.5, 5, 3 ], "texture": "#main" }
            }
        }, 
        {
            "__comment": "Box1", 
            "from": [ 11, 9, 7 ], 
            "to":   [ 12, 10, 9 ], 
            "faces": {
                "down":  { "uv": [ 5.5, 3.5, 6, 4.5 ], "texture": "#main" }, 
                "up":    { "uv": [ 5.5, 3.5, 6, 4.5 ], "texture": "#main" }, 
                "north": { "uv": [ 2, 3, 2.5, 3.5 ], "texture": "#main" }, 
                "south": { "uv": [ 5.5, 3, 6, 3.5 ], "texture": "#main" }, 
                "west":  { "uv": [ 3.5, 3, 4.5, 3.5 ], "texture": "#main" }, 
                "east":  { "uv": [ 3.5, 3, 4.5, 3.5 ], "texture": "#main" }
            }
        }, 
        {
            "__comment": "Box1", 
            "from": [ 6, 10, 5 ], 
            "to":   [ 10, 11, 6 ], 
            "faces": {
                "down":  { "uv": [ 3, 5, 5, 5.5 ], "texture": "#main" }, 
                "up":    { "uv": [ 3, 2.5, 5, 3 ], "texture": "#main" }, 
                "north": { "uv": [ 3, 2.5, 5, 3 ], "texture": "#main" }, 
                "south": { "uv": [ 3, 2.5, 5, 3 ], "texture": "#main" }, 
                "west":  { "uv": [ 2.5, 2.5, 3, 3 ], "texture": "#main" }, 
                "east":  { "uv": [ 5, 2.5, 5.5, 3 ], "texture": "#main" }
            }
        }, 
        {
            "__comment": "Box1", 
            "from": [ 4, 8, 6 ], 
            "to":   [ 5, 9, 10.5 ], 
            "faces": {
                "down":  { "uv": [ 2, 2.75, 2.5, 5 ], "texture": "#main" }, 
                "up":    { "uv": [ 2, 3, 2.5, 5.25 ], "texture": "#main" }, 
                "north": { "uv": [ 5.5, 3.5, 6, 4 ], "texture": "#main" }, 
                "south": { "uv": [ 2, 3.5, 2.5, 4 ], "texture": "#main" }, 
                "west":  { "uv": [ 3, 3.5, 5.25, 4 ], "texture": "#main" }, 
                "east":  { "uv": [ 2.75, 3.5, 5, 4 ], "texture": "#main" }
            }
        }, 
        {
            "__comment": "Box1", 
            "from": [ 9, 9, 5 ], 
            "to":   [ 11, 10, 11 ], 
            "faces": {
                "down":  { "uv": [ 4.5, 2.5, 5.5, 5.5 ], "texture": "#main" }, 
                "up":    { "uv": [ 4.5, 2.5, 5.5, 5.5 ], "texture": "#main" }, 
                "north": { "uv": [ 2.5, 3, 3.5, 3.5 ], "texture": "#main" }, 
                "south": { "uv": [ 4.5, 3, 5.5, 3.5 ], "texture": "#main" }, 
                "west":  { "uv": [ 2.5, 3, 5.5, 3.5 ], "texture": "#main" }, 
                "east":  { "uv": [ 2.5, 3, 5.5, 3.5 ], "texture": "#main" }
            }
        }, 
        {
            "__comment": "Box1", 
            "from": [ 5, 9, 5 ], 
            "to":   [ 7, 10, 11 ], 
            "faces": {
                "down":  { "uv": [ 2.5, 2.5, 3.5, 5.5 ], "texture": "#main" }, 
                "up":    { "uv": [ 2.5, 2.5, 3.5, 5.5 ], "texture": "#main" }, 
                "north": { "uv": [ 4.5, 3, 5.5, 3.5 ], "texture": "#main" }, 
                "south": { "uv": [ 2.5, 3, 3.5, 3.5 ], "texture": "#main" }, 
                "west":  { "uv": [ 2.5, 3, 5.5, 3.5 ], "texture": "#main" }, 
                "east":  { "uv": [ 2.5, 3, 5.5, 3.5 ], "texture": "#main" }
            }
        }, 
        {
            "__comment": "Box1", 
            "from": [ 4, 9, 7 ], 
            "to":   [ 5, 10, 9 ], 
            "faces": {
                "down":  { "uv": [ 2, 3.5, 2.5, 4.5 ], "texture": "#main" }, 
                "up":    { "uv": [ 2, 3.5, 2.5, 4.5 ], "texture": "#main" }, 
                "north": { "uv": [ 5.5, 3, 6, 3.5 ], "texture": "#main" }, 
                "south": { "uv": [ 2, 3, 2.5, 3.5 ], "texture": "#main" }, 
                "west":  { "uv": [ 3.5, 3, 4.5, 3.5 ], "texture": "#main" }, 
                "east":  { "uv": [ 3.5, 3, 4.5, 3.5 ], "texture": "#main" }
            }
        }, 
        {
            "__comment": "Box1", 
            "from": [ 7, 9, 4 ], 
            "to":   [ 9, 10, 12 ], 
            "faces": {
                "down":  { "uv": [ 3.5, 2, 4.5, 6 ], "texture": "#main" }, 
                "up":    { "uv": [ 3.5, 2, 4.5, 6 ], "texture": "#main" }, 
                "north": { "uv": [ 3.5, 3, 4.5, 3.5 ], "texture": "#main" }, 
                "south": { "uv": [ 3.5, 3, 4.5, 3.5 ], "texture": "#main" }, 
                "west":  { "uv": [ 2, 3, 6, 3.5 ], "texture": "#main" }, 
                "east":  { "uv": [ 2, 3, 6, 3.5 ], "texture": "#main" }
            }
        }, 
        {
            "__comment": "Box1", 
            "from": [ 6, 8, 4 ], 
            "to":   [ 10, 9, 12 ], 
            "faces": {
                "down":  { "uv": [ 3, 2, 5, 6 ], "texture": "#main" }, 
                "up":    { "uv": [ 3, 2, 5, 6 ], "texture": "#main" }, 
                "north": { "uv": [ 3, 3.5, 5, 4 ], "texture": "#main" }, 
                "south": { "uv": [ 3, 3.5, 5, 4 ], "texture": "#main" }, 
                "west":  { "uv": [ 2, 3.5, 6, 4 ], "texture": "#main" }, 
                "east":  { "uv": [ 2, 3.5, 6, 4 ], "texture": "#main" }
            }
        }, 
        {
            "__comment": "Box1", 
            "from": [ 5, 8, 5 ], 
            "to":   [ 6, 9, 11 ], 
            "faces": {
                "down":  { "uv": [ 2.5, 2.5, 3, 5.5 ], "texture": "#main" }, 
                "up":    { "uv": [ 2.5, 2.5, 3, 5.5 ], "texture": "#main" }, 
                "north": { "uv": [ 5, 3.5, 5.5, 4 ], "texture": "#main" }, 
                "south": { "uv": [ 2.5, 3.5, 3, 4 ], "texture": "#main" }, 
                "west":  { "uv": [ 2.5, 3.5, 5.5, 4 ], "texture": "#main" }, 
                "east":  { "uv": [ 2.5, 3.5, 5.5, 4 ], "texture": "#main" }
            }
        }, 
        {
            "__comment": "Box1", 
            "from": [ 10, 8, 5 ], 
            "to":   [ 11, 9, 11 ], 
            "faces": {
                "down":  { "uv": [ 5, 2.5, 5.5, 5.5 ], "texture": "#main" }, 
                "up":    { "uv": [ 5, 2.5, 5.5, 5.5 ], "texture": "#main" }, 
                "north": { "uv": [ 2.5, 3.5, 3, 4 ], "texture": "#main" }, 
                "south": { "uv": [ 5, 3.5, 5.5, 4 ], "texture": "#main" }, 
                "west":  { "uv": [ 2.5, 3.5, 5.5, 4 ], "texture": "#main" }, 
                "east":  { "uv": [ 2.5, 3.5, 5.5, 4 ], "texture": "#main" }
            }
        }, 
        {
            "__comment": "Box1", 
            "from": [ 11, 8, 6 ], 
            "to":   [ 12, 9, 10.5 ], 
            "faces": {
                "down":  { "uv": [ 5.5, 2.75, 6, 5 ], "texture": "#main" }, 
                "up":    { "uv": [ 5.5, 3, 6, 5.25 ], "texture": "#main" }, 
                "north": { "uv": [ 2, 3.5, 2.5, 4 ], "texture": "#main" }, 
                "south": { "uv": [ 5.5, 3.5, 6, 4 ], "texture": "#main" }, 
                "west":  { "uv": [ 3, 3.5, 5.25, 4 ], "texture": "#main" }, 
                "east":  { "uv": [ 2.75, 3.5, 5, 4 ], "texture": "#main" }
            }
        }, 
        {
            "__comment": "Box0", 
            "from": [ 0, 0, 0 ], 
            "to":   [ 0, 0, 0 ], 
            "faces": {
                "down":  { "uv": [ 8, 0, 8, 0 ], "texture": "#main" }, 
                "up":    { "uv": [ 8, 0, 8, 0 ], "texture": "#main" }, 
                "north": { "uv": [ 8, 0, 8, 0 ], "texture": "#main" }, 
                "south": { "uv": [ 8, 0, 8, 0 ], "texture": "#main" }, 
                "west":  { "uv": [ 8, 0, 8, 0 ], "texture": "#main" }, 
                "east":  { "uv": [ 8, 0, 8, 0 ], "texture": "#main" }
            }
        }
    ], 
    "display": {
        "thirdperson_righthand": {
            "translation": [ 0, 0.75, -0.75 ], 
            "scale": [ 0.5, 0.5, 0.5 ]
        }, 
        "thirdperson_lefthand": {
            "translation": [ 0, 0.75, -0.75 ], 
            "scale": [ 0.5, 0.5, 0.5 ]
        }, 
        "firstperson_righthand": {
            "translation": [ 0.9, 2.25, 0 ], 
            "scale": [ 0.5, 0.5, 0.5 ]
        }, 
        "firstperson_lefthand": {
            "translation": [ 0.9, 2.25, 0 ], 
            "scale": [ 0.5, 0.5, 0.5 ]
        }, 
        "gui": {
            "rotation": [ 20, 45, 0 ], 
            "scale": [ 1.25, 1.25, 1.25 ]
        }, 
        "ground": {
            "translation": [ 0, 1, 0 ], 
            "scale": [ 0.5, 0.5, 0.5 ]
        }
    }
}