{
	"__comment": "Designed by Ersatz with Cubik Studio - https://cubik.studio",
	"textures": {
		"particle": "blocks/planks_big_oak",
		"wood": "blocks/planks_big_oak",
		"red": "decoration/bookcase/red",
		"green": "decoration/bookcase/green",
		"cyan": "decoration/bookcase/cyan"
	},
	"elements": [ 	 
		{
			"__comment": "Box1",
			"from": [ 0, 15, 0 ],
			"to": [ 16, 16, 16 ],
			"faces": {
				"down": { "uv": [ 0, 0, 16, 16 ], "texture": "#wood" },
				"up": { "uv": [ 0, 0, 16, 16 ], "texture": "#wood" },
				"north": { "uv": [ 9.536743E-07, 0, 16, 1 ], "texture": "#wood" },
				"south": { "uv": [ 0, 0, 16, 1 ], "texture": "#wood" },
				"west": { "uv": [ 0, 0, 16, 1 ], "texture": "#wood" },
				"east": { "uv": [ 0, 0, 16, 1 ], "texture": "#wood" }
			}
		},
		{
			"__comment": "Box1",
			"from": [ 9, 1, 1 ],
			"to": [ 16, 15, 15 ],
			"faces": {
				"down": { "uv": [ 8.999998, 1, 16, 15 ], "texture": "#wood" },
				"up": { "uv": [ 8.999998, 1, 16, 15 ], "texture": "#wood" },
				"north": { "uv": [ 1.907349E-06, 1, 7.000002, 15 ], "texture": "#wood" },
				"south": { "uv": [ 8.999998, 1, 16, 15 ], "texture": "#wood" },
				"west": { "uv": [ 1, 1, 15, 15 ], "texture": "#wood" },
				"east": { "uv": [ 1, 1, 15, 15 ], "texture": "#wood" }
			}
		},
		{
			"__comment": "Box1",
			"from": [ 0, 1, 15 ],
			"to": [ 16, 15, 16 ],
			"faces": {
				"down": { "uv": [ 9.536743E-07, 9.536743E-07, 16, 1.000001 ], "texture": "#wood" },
				"up": { "uv": [ 9.536743E-07, 15, 16, 16 ], "texture": "#wood" },
				"north": { "uv": [ 0, 1, 16, 15 ], "texture": "#wood" },
				"south": { "uv": [ 9.536743E-07, 1, 16, 15 ], "texture": "#wood" },
				"west": { "uv": [ 15, 1, 16, 15 ], "texture": "#wood" },
				"east": { "uv": [ 9.536743E-07, 1, 1.000001, 15 ], "texture": "#wood" }
			}
		},
		{
			"__comment": "Box1",
			"from": [ 0, 0, 0 ],
			"to": [ 16, 1, 16 ],
			"faces": {
				"down": { "uv": [ 0, 0, 16, 16 ], "texture": "#wood" },
				"up": { "uv": [ 0, 0, 16, 16 ], "texture": "#wood" },
				"north": { "uv": [ 9.536743E-07, 15, 16, 16 ], "texture": "#wood" },
				"south": { "uv": [ 0, 15, 16, 16 ], "texture": "#wood" },
				"west": { "uv": [ 0, 15, 16, 16 ], "texture": "#wood" },
				"east": { "uv": [ 0, 15, 16, 16 ], "texture": "#wood" }
			}
		},
		{
			"__comment": "Box1",
			"from": [ 0, 1, 0 ],
			"to": [ 16, 15, 1 ],
			"faces": {
				"down": { "uv": [ 0, 15, 16, 16 ], "texture": "#wood" },
				"up": { "uv": [ 0, 0, 16, 1 ], "texture": "#wood" },
				"north": { "uv": [ 0, 1, 16, 15 ], "texture": "#wood" },
				"south": { "uv": [ 0, 1, 16, 15 ], "texture": "#wood" },
				"west": { "uv": [ 0, 1, 1, 15 ], "texture": "#wood" },
				"east": { "uv": [ 15, 1, 16, 15 ], "texture": "#wood" }
			}
		},
		{
			"__comment": "Box11",
			"from": [ 2.5, 1, 12.5 ],
			"to": [ 9, 10, 15 ],
			"faces": {
				"down": { "uv": [ 2.5, 1, 9, 3.5 ], "texture": "#green" },
				"up": { "uv": [ 2.5, 12.5, 9, 15 ], "texture": "#green" },
				"north": { "uv": [ 7, 6, 13.5, 15 ], "texture": "#green" },
				"south": { "uv": [ 2.5, 6, 9, 15 ], "texture": "#green" },
				"west": { "uv": [ 12.5, 6, 15, 15 ], "texture": "#green" },
				"east": { "uv": [ 1, 6, 3.5, 15 ], "texture": "#green" }
			}
		},
		{
			"__comment": "Box11",
			"from": [ 1, 1, 1 ],
			"to": [ 9, 13, 4 ],
			"faces": {
				"down": { "uv": [ 1, 12, 9, 15 ], "texture": "#red" },
				"up": { "uv": [ 1, 1, 9, 4 ], "texture": "#red" },
				"north": { "uv": [ 7, 3, 15, 15 ], "texture": "#red" },
				"south": { "uv": [ 1, 3, 9, 15 ], "texture": "#red" },
				"west": { "uv": [ 1, 3, 4, 15 ], "texture": "#red" },
				"east": { "uv": [ 12, 3, 15, 15 ], "texture": "#red" }
			}
		},
		{
			"__comment": "Box11",
			"from": [ 2, 1, 4 ],
			"to": [ 9, 11.5, 7 ],
			"faces": {
				"down": { "uv": [ 2, 9, 9, 12 ], "texture": "#cyan" },
				"up": { "uv": [ 2, 4, 9, 7 ], "texture": "#cyan" },
				"north": { "uv": [ 7, 4.5, 14, 15 ], "texture": "#cyan" },
				"south": { "uv": [ 2, 4.5, 9, 15 ], "texture": "#cyan" },
				"west": { "uv": [ 4, 4.5, 7, 15 ], "texture": "#cyan" },
				"east": { "uv": [ 9, 4.5, 12, 15 ], "texture": "#cyan" }
			}
		},
		{
			"__comment": "Box11",
			"from": [ 1.5, 1, 7 ],
			"to": [ 9, 12, 10 ],
			"faces": {
				"down": { "uv": [ 1.5, 6, 9, 9 ], "texture": "#green" },
				"up": { "uv": [ 1.5, 7, 9, 10 ], "texture": "#green" },
				"north": { "uv": [ 7, 4, 14.5, 15 ], "texture": "#green" },
				"south": { "uv": [ 1.5, 4, 9, 15 ], "texture": "#green" },
				"west": { "uv": [ 7, 4, 10, 15 ], "texture": "#green" },
				"east": { "uv": [ 6, 4, 9, 15 ], "texture": "#green" }
			}
		},
		{
			"__comment": "Box11",
			"from": [ 2, 1, 10 ],
			"to": [ 9, 12, 12.5 ],
			"faces": {
				"down": { "uv": [ 2, 3.5, 9, 6 ], "texture": "#red" },
				"up": { "uv": [ 2, 10, 9, 12.5 ], "texture": "#red" },
				"north": { "uv": [ 7, 4, 14, 15 ], "texture": "#red" },
				"south": { "uv": [ 2, 4, 9, 15 ], "texture": "#red" },
				"west": { "uv": [ 10, 4, 12.5, 15 ], "texture": "#red" },
				"east": { "uv": [ 3.5, 4, 6, 15 ], "texture": "#red" }
			}
		}
	]
}