{
	"__comment": "Designed by Ersatz with Cubik Studio - https://cubik.studio",
	"textures": {
		"particle": "blocks/planks_big_oak",
		"wood": "blocks/planks_big_oak",
		"red": "decoration/bookcase/red",
		"green": "decoration/bookcase/green",
		"cyan": "decoration/bookcase/cyan"
	},
	"elements": [ 	 
		{
			"__comment": "Box1",
			"from": [ 0, 15, 0 ],
			"to": [ 16, 16, 16 ],
			"faces": {
				"down": { "uv": [ 0, 0, 16, 16 ], "texture": "#wood" },
				"up": { "uv": [ 0, 0, 16, 16 ], "texture": "#wood" },
				"north": { "uv": [ 0, 0, 16, 1 ], "texture": "#wood" },
				"south": { "uv": [ 0, 0, 16, 1 ], "texture": "#wood" },
				"west": { "uv": [ 0, 0, 16, 1 ], "texture": "#wood" },
				"east": { "uv": [ 0, 0, 16, 1 ], "texture": "#wood" }
			}
		},
		{
			"__comment": "Box1",
			"from": [ 9, 1, 1 ],
			"to": [ 16, 15, 15 ],
			"faces": {
				"down": { "uv": [ 9, 1, 16, 15 ], "texture": "#wood" },
				"up": { "uv": [ 9, 1, 16, 15 ], "texture": "#wood" },
				"north": { "uv": [ 0, 1, 7, 15 ], "texture": "#wood" },
				"south": { "uv": [ 9, 1, 16, 15 ], "texture": "#wood" },
				"west": { "uv": [ 1, 1, 15, 15 ], "texture": "#wood" },
				"east": { "uv": [ 1, 1, 15, 15 ], "texture": "#wood" }
			}
		},
		{
			"__comment": "Box1",
			"from": [ 0, 1, 15 ],
			"to": [ 16, 15, 16 ],
			"faces": {
				"down": { "uv": [ 0, 0, 16, 1 ], "texture": "#wood" },
				"up": { "uv": [ 0, 15, 16, 16 ], "texture": "#wood" },
				"north": { "uv": [ 0, 1, 16, 15 ], "texture": "#wood" },
				"south": { "uv": [ 0, 1, 16, 15 ], "texture": "#wood" },
				"west": { "uv": [ 15, 1, 16, 15 ], "texture": "#wood" },
				"east": { "uv": [ 0, 1, 1, 15 ], "texture": "#wood" }
			}
		},
		{
			"__comment": "Box1",
			"from": [ 0, 0, 0 ],
			"to": [ 16, 1, 16 ],
			"faces": {
				"down": { "uv": [ 0, 0, 16, 16 ], "texture": "#wood" },
				"up": { "uv": [ 0, 0, 16, 16 ], "texture": "#wood" },
				"north": { "uv": [ 0, 15, 16, 16 ], "texture": "#wood" },
				"south": { "uv": [ 0, 15, 16, 16 ], "texture": "#wood" },
				"west": { "uv": [ 0, 15, 16, 16 ], "texture": "#wood" },
				"east": { "uv": [ 0, 15, 16, 16 ], "texture": "#wood" }
			}
		},
		{
			"__comment": "Box1",
			"from": [ 0, 1, 0 ],
			"to": [ 16, 15, 1 ],
			"faces": {
				"down": { "uv": [ 0, 15, 16, 16 ], "texture": "#wood" },
				"up": { "uv": [ 0, 0, 16, 1 ], "texture": "#wood" },
				"north": { "uv": [ 0, 1, 16, 15 ], "texture": "#wood" },
				"south": { "uv": [ 0, 1, 16, 15 ], "texture": "#wood" },
				"west": { "uv": [ 0, 1, 1, 15 ], "texture": "#wood" },
				"east": { "uv": [ 15, 1, 16, 15 ], "texture": "#wood" }
			}
		},
		{
			"__comment": "Box11",
			"from": [ 3, 6.5, 14 ],
			"to": [ 9, 12, 15 ],
			"faces": {
				"down": { "uv": [ 3, 1, 9, 2 ], "texture": "#cyan" },
				"up": { "uv": [ 3, 14, 9, 15 ], "texture": "#cyan" },
				"north": { "uv": [ 7, 4, 13, 9.5 ], "texture": "#cyan" },
				"south": { "uv": [ 3, 4, 9, 9.5 ], "texture": "#cyan" },
				"west": { "uv": [ 14, 4, 15, 9.5 ], "texture": "#cyan" },
				"east": { "uv": [ 1, 4, 2, 9.5 ], "texture": "#cyan" }
			}
		},
		{
			"__comment": "Box11",
			"from": [ 2, 1, 1 ],
			"to": [ 9, 12, 3 ],
			"faces": {
				"down": { "uv": [ 2, 13, 9, 15 ], "texture": "#cyan" },
				"up": { "uv": [ 2, 1, 9, 3 ], "texture": "#cyan" },
				"north": { "uv": [ 7, 4, 14, 15 ], "texture": "#cyan" },
				"south": { "uv": [ 2, 4, 9, 15 ], "texture": "#cyan" },
				"west": { "uv": [ 1, 4, 3, 15 ], "texture": "#cyan" },
				"east": { "uv": [ 13, 4, 15, 15 ], "texture": "#cyan" }
			}
		},
		{
			"__comment": "Box11",
			"from": [ 2.5, 1, 3 ],
			"to": [ 9, 10.5, 6 ],
			"faces": {
				"down": { "uv": [ 2.5, 10, 9, 13 ], "texture": "#green" },
				"up": { "uv": [ 2.5, 3, 9, 6 ], "texture": "#green" },
				"north": { "uv": [ 7, 5.5, 13.5, 15 ], "texture": "#green" },
				"south": { "uv": [ 2.5, 5.5, 9, 15 ], "texture": "#green" },
				"west": { "uv": [ 3, 5.5, 6, 15 ], "texture": "#green" },
				"east": { "uv": [ 10, 5.5, 13, 15 ], "texture": "#green" }
			}
		},
		{
			"__comment": "Box11",
			"from": [ 1.5, 1, 6 ],
			"to": [ 9, 11, 7 ],
			"faces": {
				"down": { "uv": [ 1.5, 9, 9, 10 ], "texture": "#red" },
				"up": { "uv": [ 1.5, 6, 9, 7 ], "texture": "#red" },
				"north": { "uv": [ 7, 5, 14.5, 15 ], "texture": "#red" },
				"south": { "uv": [ 1.5, 5, 9, 15 ], "texture": "#red" },
				"west": { "uv": [ 6, 5, 7, 15 ], "texture": "#red" },
				"east": { "uv": [ 9, 5, 10, 15 ], "texture": "#red" }
			}
		},
		{
			"__comment": "Box11",
			"from": [ 3, 1, 7 ],
			"to": [ 9, 9.5, 8 ],
			"faces": {
				"down": { "uv": [ 3, 8, 9, 9 ], "texture": "#cyan" },
				"up": { "uv": [ 3, 7, 9, 8 ], "texture": "#cyan" },
				"north": { "uv": [ 7, 6.5, 13, 15 ], "texture": "#cyan" },
				"south": { "uv": [ 3, 6.5, 9, 15 ], "texture": "#cyan" },
				"west": { "uv": [ 7, 6.5, 8, 15 ], "texture": "#cyan" },
				"east": { "uv": [ 8, 6.5, 9, 15 ], "texture": "#cyan" }
			}
		},
		{
			"__comment": "Box11",
			"from": [ 1.5, 1, 8.5 ],
			"to": [ 9, 2, 15 ],
			"faces": {
				"down": { "uv": [ 1.5, 1, 9, 7.5 ], "texture": "#green" },
				"up": { "uv": [ 1.5, 8.5, 9, 15 ], "texture": "#green" },
				"north": { "uv": [ 7, 14, 14.5, 15 ], "texture": "#green" },
				"south": { "uv": [ 1.5, 14, 9, 15 ], "texture": "#green" },
				"west": { "uv": [ 8.5, 14, 15, 15 ], "texture": "#green" },
				"east": { "uv": [ 1, 14, 7.5, 15 ], "texture": "#green" }
			}
		},
		{
			"__comment": "Box11",
			"from": [ 2.5, 2, 9 ],
			"to": [ 9, 3, 15 ],
			"faces": {
				"down": { "uv": [ 2.5, 1, 9, 7 ], "texture": "#red" },
				"up": { "uv": [ 2.5, 9, 9, 15 ], "texture": "#red" },
				"north": { "uv": [ 7, 13, 13.5, 14 ], "texture": "#red" },
				"south": { "uv": [ 2.5, 13, 9, 14 ], "texture": "#red" },
				"west": { "uv": [ 9, 13, 15, 14 ], "texture": "#red" },
				"east": { "uv": [ 1, 13, 7, 14 ], "texture": "#red" }
			}
		},
		{
			"__comment": "Box11",
			"from": [ 1.5, 3, 8.5 ],
			"to": [ 9, 5, 15 ],
			"faces": {
				"down": { "uv": [ 1.5, 1, 9, 7.5 ], "texture": "#cyan" },
				"up": { "uv": [ 1.5, 8.5, 9, 15 ], "texture": "#cyan" },
				"north": { "uv": [ 7, 11, 14.5, 13 ], "texture": "#cyan" },
				"south": { "uv": [ 1.5, 11, 9, 13 ], "texture": "#cyan" },
				"west": { "uv": [ 8.5, 11, 15, 13 ], "texture": "#cyan" },
				"east": { "uv": [ 1, 11, 7.5, 13 ], "texture": "#cyan" }
			}
		},
		{
			"__comment": "Box11",
			"from": [ 2, 5, 9.5 ],
			"to": [ 9, 6.5, 15 ],
			"faces": {
				"down": { "uv": [ 2, 1, 9, 6.5 ], "texture": "#green" },
				"up": { "uv": [ 2, 9.5, 9, 15 ], "texture": "#green" },
				"north": { "uv": [ 7, 9.5, 14, 11 ], "texture": "#green" },
				"south": { "uv": [ 2, 9.5, 9, 11 ], "texture": "#green" },
				"west": { "uv": [ 9.5, 9.5, 15, 11 ], "texture": "#green" },
				"east": { "uv": [ 1, 9.5, 6.5, 11 ], "texture": "#green" }
			}
		},
		{
			"__comment": "Box11",
			"from": [ 3, 6.5, 10.4062 ],
			"to": [ 9, 12, 11.9062 ],
			"rotation": { "origin": [ 3, 6.5, 11.90625 ], "axis": "x", "angle": 22.5 },
			"faces": {
				"down": { "uv": [ 3, 3.979569, 9, 5.479569 ], "texture": "#red" },
				"up": { "uv": [ 3, 10.52043, 9, 12.02043 ], "texture": "#red" },
				"north": { "uv": [ 7, 3.425975, 13, 8.925975 ], "texture": "#red" },
				"south": { "uv": [ 3, 3.425975, 9, 8.925975 ], "texture": "#red" },
				"west": { "uv": [ 10.52043, 3.425975, 12.02043, 8.925975 ], "texture": "#red" },
				"east": { "uv": [ 3.979569, 3.425975, 5.479569, 8.925975 ], "texture": "#red" }
			}
		}
	]
}