{
	"__comment": "Designed by Ersatz with Cubik Studio - https://cubik.studio",
	"textures": {
		"particle": "blocks/planks_big_oak",
		"wood": "blocks/planks_big_oak",
		"red": "decoration/bookcase/red",
		"green": "decoration/bookcase/green",
		"cyan": "decoration/bookcase/cyan"
	},
	"elements": [ 	 
		{
			"__comment": "Box1",
			"from": [ 0, 15, 0 ],
			"to": [ 16, 16, 16 ],
			"faces": {
				"down": { "uv": [ 0, 0, 16, 16 ], "texture": "#wood" },
				"up": { "uv": [ 0, 0, 16, 16 ], "texture": "#wood" },
				"north": { "uv": [ 0, 0, 16, 1 ], "texture": "#wood" },
				"south": { "uv": [ 0, 0, 16, 1 ], "texture": "#wood" },
				"west": { "uv": [ 0, 0, 16, 1 ], "texture": "#wood" },
				"east": { "uv": [ 0, 0, 16, 1 ], "texture": "#wood" }
			}
		},
		{
			"__comment": "Box1",
			"from": [ 9, 1, 1 ],
			"to": [ 16, 15, 15 ],
			"faces": {
				"down": { "uv": [ 9, 1, 16, 15 ], "texture": "#wood" },
				"up": { "uv": [ 9, 1, 16, 15 ], "texture": "#wood" },
				"north": { "uv": [ 0, 1, 7, 15 ], "texture": "#wood" },
				"south": { "uv": [ 9, 1, 16, 15 ], "texture": "#wood" },
				"west": { "uv": [ 1, 1, 15, 15 ], "texture": "#wood" },
				"east": { "uv": [ 1, 1, 15, 15 ], "texture": "#wood" }
			}
		},
		{
			"__comment": "Box1",
			"from": [ 0, 1, 15 ],
			"to": [ 16, 15, 16 ],
			"faces": {
				"down": { "uv": [ 0, 0, 16, 1 ], "texture": "#wood" },
				"up": { "uv": [ 0, 15, 16, 16 ], "texture": "#wood" },
				"north": { "uv": [ 0, 1, 16, 15 ], "texture": "#wood" },
				"south": { "uv": [ 0, 1, 16, 15 ], "texture": "#wood" },
				"west": { "uv": [ 15, 1, 16, 15 ], "texture": "#wood" },
				"east": { "uv": [ 0, 1, 1, 15 ], "texture": "#wood" }
			}
		},
		{
			"__comment": "Box1",
			"from": [ 0, 0, 0 ],
			"to": [ 16, 1, 16 ],
			"faces": {
				"down": { "uv": [ 0, 0, 16, 16 ], "texture": "#wood" },
				"up": { "uv": [ 0, 0, 16, 16 ], "texture": "#wood" },
				"north": { "uv": [ 0, 15, 16, 16 ], "texture": "#wood" },
				"south": { "uv": [ 0, 15, 16, 16 ], "texture": "#wood" },
				"west": { "uv": [ 0, 15, 16, 16 ], "texture": "#wood" },
				"east": { "uv": [ 0, 15, 16, 16 ], "texture": "#wood" }
			}
		},
		{
			"__comment": "Box1",
			"from": [ 0, 1, 0 ],
			"to": [ 16, 15, 1 ],
			"faces": {
				"down": { "uv": [ 0, 15, 16, 16 ], "texture": "#wood" },
				"up": { "uv": [ 0, 0, 16, 1 ], "texture": "#wood" },
				"north": { "uv": [ 0, 1, 16, 15 ], "texture": "#wood" },
				"south": { "uv": [ 0, 1, 16, 15 ], "texture": "#wood" },
				"west": { "uv": [ 0, 1, 1, 15 ], "texture": "#wood" },
				"east": { "uv": [ 15, 1, 16, 15 ], "texture": "#wood" }
			}
		},
		{
			"__comment": "Box11",
			"from": [ 3.5, 1, 13 ],
			"to": [ 9, 11, 15 ],
			"faces": {
				"down": { "uv": [ 3.5, 1, 9, 3 ], "texture": "#red" },
				"up": { "uv": [ 3.5, 13, 9, 15 ], "texture": "#red" },
				"north": { "uv": [ 7, 5, 12.5, 15 ], "texture": "#red" },
				"south": { "uv": [ 3.5, 5, 9, 15 ], "texture": "#red" },
				"west": { "uv": [ 13, 5, 15, 15 ], "texture": "#red" },
				"east": { "uv": [ 1, 5, 3, 15 ], "texture": "#red" }
			}
		},
		{
			"__comment": "Box11",
			"from": [ 3.4062, 1, 1 ],
			"to": [ 8.9062, 11, 3 ],
			"faces": {
				"down": { "uv": [ 3.40625, 13, 8.90625, 15 ], "texture": "#cyan" },
				"up": { "uv": [ 3.40625, 1, 8.90625, 3 ], "texture": "#cyan" },
				"north": { "uv": [ 7.09375, 5, 12.59375, 15 ], "texture": "#cyan" },
				"south": { "uv": [ 3.40625, 5, 8.90625, 15 ], "texture": "#cyan" },
				"west": { "uv": [ 1, 5, 3, 15 ], "texture": "#cyan" },
				"east": { "uv": [ 13, 5, 15, 15 ], "texture": "#cyan" }
			}
		},
		{
			"__comment": "Box11",
			"from": [ 1.5, 1, 2.7812 ],
			"to": [ 9, 12, 5.7812 ],
			"rotation": { "origin": [ 1.5, 1, 5.78125 ], "axis": "x", "angle": 22.5 },
			"faces": {
				"down": { "uv": [ 1.5, 9.990389, 9, 12.99039 ], "texture": "#green" },
				"up": { "uv": [ 1.5, 3.009611, 9, 6.009611 ], "texture": "#green" },
				"north": { "uv": [ 7, 2.85195, 14.5, 13.85195 ], "texture": "#green" },
				"south": { "uv": [ 1.5, 2.85195, 9, 13.85195 ], "texture": "#green" },
				"west": { "uv": [ 3.009611, 2.85195, 6.009611, 13.85195 ], "texture": "#green" },
				"east": { "uv": [ 9.990389, 2.85195, 12.99039, 13.85195 ], "texture": "#green" }
			}
		},
		{
			"__comment": "Box11",
			"from": [ 3, 1, 10 ],
			"to": [ 9, 12, 11.5 ],
			"faces": {
				"down": { "uv": [ 3, 4.5, 9, 6 ], "texture": "#red" },
				"up": { "uv": [ 3, 10, 9, 11.5 ], "texture": "#red" },
				"north": { "uv": [ 7, 4, 13, 15 ], "texture": "#red" },
				"south": { "uv": [ 3, 4, 9, 15 ], "texture": "#red" },
				"west": { "uv": [ 10, 4, 11.5, 15 ], "texture": "#red" },
				"east": { "uv": [ 4.5, 4, 6, 15 ], "texture": "#red" }
			}
		},
		{
			"__comment": "Box11",
			"from": [ 2.5, 1, 11.5 ],
			"to": [ 9, 10, 13 ],
			"faces": {
				"down": { "uv": [ 2.5, 3, 9, 4.5 ], "texture": "#cyan" },
				"up": { "uv": [ 2.5, 11.5, 9, 13 ], "texture": "#cyan" },
				"north": { "uv": [ 7, 6, 13.5, 15 ], "texture": "#cyan" },
				"south": { "uv": [ 2.5, 6, 9, 15 ], "texture": "#cyan" },
				"west": { "uv": [ 11.5, 6, 13, 15 ], "texture": "#cyan" },
				"east": { "uv": [ 3, 6, 4.5, 15 ], "texture": "#cyan" }
			}
		}
	]
}