{
	"__comment": "Designed by Ersatz with Cubik Studio - https://cubik.studio",
	"textures": {
		"particle": "blocks/planks_big_oak",
		"wood": "blocks/planks_big_oak",
		"red": "decoration/bookcase/red",
		"green": "decoration/bookcase/green",
		"cyan": "decoration/bookcase/cyan"
	},
	"elements": [ 	 
		{
			"__comment": "Box1",
			"from": [ 0, 15, 0 ],
			"to": [ 16, 16, 16 ],
			"faces": {
				"down": { "uv": [ 0, 0, 16, 16 ], "texture": "#wood" },
				"up": { "uv": [ 0, 0, 16, 16 ], "texture": "#wood" },
				"north": { "uv": [ 0, 0, 16, 1 ], "texture": "#wood" },
				"south": { "uv": [ 0, 0, 16, 1 ], "texture": "#wood" },
				"west": { "uv": [ 0, 0, 16, 1 ], "texture": "#wood" },
				"east": { "uv": [ 0, 0, 16, 1 ], "texture": "#wood" }
			}
		},
		{
			"__comment": "Box1",
			"from": [ 9, 1, 1 ],
			"to": [ 16, 15, 15 ],
			"faces": {
				"down": { "uv": [ 9, 1, 16, 15 ], "texture": "#wood" },
				"up": { "uv": [ 9, 1, 16, 15 ], "texture": "#wood" },
				"north": { "uv": [ 0, 1, 7, 15 ], "texture": "#wood" },
				"south": { "uv": [ 9, 1, 16, 15 ], "texture": "#wood" },
				"west": { "uv": [ 1, 1, 15, 15 ], "texture": "#wood" },
				"east": { "uv": [ 1, 1, 15, 15 ], "texture": "#wood" }
			}
		},
		{
			"__comment": "Box1",
			"from": [ 0, 1, 15 ],
			"to": [ 16, 15, 16 ],
			"faces": {
				"down": { "uv": [ 0, 0, 16, 1 ], "texture": "#wood" },
				"up": { "uv": [ 0, 15, 16, 16 ], "texture": "#wood" },
				"north": { "uv": [ 0, 1, 16, 15 ], "texture": "#wood" },
				"south": { "uv": [ 0, 1, 16, 15 ], "texture": "#wood" },
				"west": { "uv": [ 15, 1, 16, 15 ], "texture": "#wood" },
				"east": { "uv": [ 0, 1, 1, 15 ], "texture": "#wood" }
			}
		},
		{
			"__comment": "Box1",
			"from": [ 0, 0, 0 ],
			"to": [ 16, 1, 16 ],
			"faces": {
				"down": { "uv": [ 0, 0, 16, 16 ], "texture": "#wood" },
				"up": { "uv": [ 0, 0, 16, 16 ], "texture": "#wood" },
				"north": { "uv": [ 0, 15, 16, 16 ], "texture": "#wood" },
				"south": { "uv": [ 0, 15, 16, 16 ], "texture": "#wood" },
				"west": { "uv": [ 0, 15, 16, 16 ], "texture": "#wood" },
				"east": { "uv": [ 0, 15, 16, 16 ], "texture": "#wood" }
			}
		},
		{
			"__comment": "Box1",
			"from": [ 0, 1, 0 ],
			"to": [ 16, 15, 1 ],
			"faces": {
				"down": { "uv": [ 0, 15, 16, 16 ], "texture": "#wood" },
				"up": { "uv": [ 0, 0, 16, 1 ], "texture": "#wood" },
				"north": { "uv": [ 0, 1, 16, 15 ], "texture": "#wood" },
				"south": { "uv": [ 0, 1, 16, 15 ], "texture": "#wood" },
				"west": { "uv": [ 0, 1, 1, 15 ], "texture": "#wood" },
				"east": { "uv": [ 15, 1, 16, 15 ], "texture": "#wood" }
			}
		},
		{
			"__comment": "Box11",
			"from": [ 2, 1, 13 ],
			"to": [ 9, 11, 15 ],
			"faces": {
				"down": { "uv": [ 2, 1, 9, 3 ], "texture": "#green" },
				"up": { "uv": [ 2, 13, 9, 15 ], "texture": "#green" },
				"north": { "uv": [ 7, 5, 14, 15 ], "texture": "#green" },
				"south": { "uv": [ 2, 5, 9, 15 ], "texture": "#green" },
				"west": { "uv": [ 13, 5, 15, 15 ], "texture": "#green" },
				"east": { "uv": [ 1, 5, 3, 15 ], "texture": "#green" }
			}
		},
		{
			"__comment": "Box11",
			"from": [ 1, 1, 1 ],
			"to": [ 9, 11, 3 ],
			"faces": {
				"down": { "uv": [ 1, 13, 9, 15 ], "texture": "#green" },
				"up": { "uv": [ 1, 1, 9, 3 ], "texture": "#green" },
				"north": { "uv": [ 7, 5, 15, 15 ], "texture": "#green" },
				"south": { "uv": [ 1, 5, 9, 15 ], "texture": "#green" },
				"west": { "uv": [ 1, 5, 3, 15 ], "texture": "#green" },
				"east": { "uv": [ 13, 5, 15, 15 ], "texture": "#green" }
			}
		},
		{
			"__comment": "Box11",
			"from": [ 2.5, 1, 3 ],
			"to": [ 9, 12.5, 5 ],
			"faces": {
				"down": { "uv": [ 2.5, 11, 9, 13 ], "texture": "#red" },
				"up": { "uv": [ 2.5, 3, 9, 5 ], "texture": "#red" },
				"north": { "uv": [ 7, 3.5, 13.5, 15 ], "texture": "#red" },
				"south": { "uv": [ 2.5, 3.5, 9, 15 ], "texture": "#red" },
				"west": { "uv": [ 3, 3.5, 5, 15 ], "texture": "#red" },
				"east": { "uv": [ 11, 3.5, 13, 15 ], "texture": "#red" }
			}
		},
		{
			"__comment": "Box11",
			"from": [ 2, 1, 5 ],
			"to": [ 9, 11.5, 7 ],
			"faces": {
				"down": { "uv": [ 2, 9, 9, 11 ], "texture": "#green" },
				"up": { "uv": [ 2, 5, 9, 7 ], "texture": "#green" },
				"north": { "uv": [ 7, 4.5, 14, 15 ], "texture": "#green" },
				"south": { "uv": [ 2, 4.5, 9, 15 ], "texture": "#green" },
				"west": { "uv": [ 5, 4.5, 7, 15 ], "texture": "#green" },
				"east": { "uv": [ 9, 4.5, 11, 15 ], "texture": "#green" }
			}
		},
		{
			"__comment": "Box11",
			"from": [ 1, 1, 7 ],
			"to": [ 9, 10, 9 ],
			"faces": {
				"down": { "uv": [ 1, 7, 9, 9 ], "texture": "#cyan" },
				"up": { "uv": [ 1, 7, 9, 9 ], "texture": "#cyan" },
				"north": { "uv": [ 7, 6, 15, 15 ], "texture": "#cyan" },
				"south": { "uv": [ 1, 6, 9, 15 ], "texture": "#cyan" },
				"west": { "uv": [ 7, 6, 9, 15 ], "texture": "#cyan" },
				"east": { "uv": [ 7, 6, 9, 15 ], "texture": "#cyan" }
			}
		},
		{
			"__comment": "Box11",
			"from": [ 1, 1, 9 ],
			"to": [ 9, 12, 11 ],
			"faces": {
				"down": { "uv": [ 1, 5, 9, 7 ], "texture": "#red" },
				"up": { "uv": [ 1, 9, 9, 11 ], "texture": "#red" },
				"north": { "uv": [ 7, 4, 15, 15 ], "texture": "#red" },
				"south": { "uv": [ 1, 4, 9, 15 ], "texture": "#red" },
				"west": { "uv": [ 9, 4, 11, 15 ], "texture": "#red" },
				"east": { "uv": [ 5, 4, 7, 15 ], "texture": "#red" }
			}
		},
		{
			"__comment": "Box11",
			"from": [ 1, 1, 11 ],
			"to": [ 9, 9.5, 13 ],
			"faces": {
				"down": { "uv": [ 1, 3, 9, 5 ], "texture": "#cyan" },
				"up": { "uv": [ 1, 11, 9, 13 ], "texture": "#cyan" },
				"north": { "uv": [ 7, 6.5, 15, 15 ], "texture": "#cyan" },
				"south": { "uv": [ 1, 6.5, 9, 15 ], "texture": "#cyan" },
				"west": { "uv": [ 11, 6.5, 13, 15 ], "texture": "#cyan" },
				"east": { "uv": [ 3, 6.5, 5, 15 ], "texture": "#cyan" }
			}
		}
	]
}