{
	"__comment": "Designed by Ersatz with Cubik Studio - https://cubik.studio",
	"textures": {
		"texture": "decoration/crate/wood",
		"particle": "decoration/crate/wood",
		"center": "decoration/crate/center"
	},
	"elements": [ 	 
		{
			"__comment": "Box1",
			"from": [ 0, 14, 2 ],
			"to": [ 2, 16, 14 ],
			"faces": {
				"down": { "uv": [ 0, 2, 2, 14 ], "texture": "#texture" },
				"up": { "uv": [ 0, 2, 2, 14 ], "texture": "#texture" },
				"north": { "uv": [ 14, 0, 16, 2 ], "texture": "#texture" },
				"south": { "uv": [ 0, 0, 2, 2 ], "texture": "#texture" },
				"west": { "uv": [ 2, 0, 14, 2 ], "texture": "#texture" },
				"east": { "uv": [ 2, 0, 14, 2 ], "texture": "#texture" }
			}
		},
		{
			"__comment": "Box1",
			"from": [ 14, 2, 14 ],
			"to": [ 16, 14, 16 ],
			"faces": {
				"down": { "uv": [ 14, 0, 16, 2 ], "texture": "#texture" },
				"up": { "uv": [ 14, 14, 16, 16 ], "texture": "#texture" },
				"north": { "uv": [ 0, 2, 2, 14 ], "texture": "#texture" },
				"south": { "uv": [ 14, 2, 16, 14 ], "texture": "#texture" },
				"west": { "uv": [ 14, 2, 16, 14 ], "texture": "#texture" },
				"east": { "uv": [ 0, 2, 2, 14 ], "texture": "#texture" }
			}
		},
		{
			"__comment": "Box1",
			"from": [ 1, 1, 1 ],
			"to": [ 15, 15, 15 ],
			"faces": {
				"down": { "uv": [ 1, 1, 15, 15 ], "texture": "#center" },
				"up": { "uv": [ 1, 1, 15, 15 ], "texture": "#center" },
				"north": { "uv": [ 1, 1, 15, 15 ], "texture": "#center" },
				"south": { "uv": [ 1, 1, 15, 15 ], "texture": "#center" },
				"west": { "uv": [ 1, 1, 15, 15 ], "texture": "#center" },
				"east": { "uv": [ 1, 1, 15, 15 ], "texture": "#center" }
			}
		},
		{
			"__comment": "Box1",
			"from": [ 14, 0, 2 ],
			"to": [ 16, 2, 14 ],
			"faces": {
				"down": { "uv": [ 14, 2, 16, 14 ], "texture": "#texture" },
				"up": { "uv": [ 14, 2, 16, 14 ], "texture": "#texture" },
				"north": { "uv": [ 0, 14, 2, 16 ], "texture": "#texture" },
				"south": { "uv": [ 14, 14, 16, 16 ], "texture": "#texture" },
				"west": { "uv": [ 2, 14, 14, 16 ], "texture": "#texture" },
				"east": { "uv": [ 2, 14, 14, 16 ], "texture": "#texture" }
			}
		},
		{
			"__comment": "Box1",
			"from": [ 14, 14, 2 ],
			"to": [ 16, 16, 14 ],
			"faces": {
				"down": { "uv": [ 14, 2, 16, 14 ], "texture": "#texture" },
				"up": { "uv": [ 14, 2, 16, 14 ], "texture": "#texture" },
				"north": { "uv": [ 0, 0, 2, 2 ], "texture": "#texture" },
				"south": { "uv": [ 14, 0, 16, 2 ], "texture": "#texture" },
				"west": { "uv": [ 2, 0, 14, 2 ], "texture": "#texture" },
				"east": { "uv": [ 2, 0, 14, 2 ], "texture": "#texture" }
			}
		},
		{
			"__comment": "Box1",
			"from": [ 0, 0, 0 ],
			"to": [ 16, 2, 2 ],
			"faces": {
				"down": { "uv": [ 0, 14, 16, 16 ], "texture": "#texture" },
				"up": { "uv": [ 0, 0, 16, 2 ], "texture": "#texture" },
				"north": { "uv": [ 0, 14, 16, 16 ], "texture": "#texture" },
				"south": { "uv": [ 0, 14, 16, 16 ], "texture": "#texture" },
				"west": { "uv": [ 0, 14, 2, 16 ], "texture": "#texture" },
				"east": { "uv": [ 14, 14, 16, 16 ], "texture": "#texture" }
			}
		},
		{
			"__comment": "Box1",
			"from": [ 0, 14, 0 ],
			"to": [ 16, 16, 2 ],
			"faces": {
				"down": { "uv": [ 0, 14, 16, 16 ], "texture": "#texture" },
				"up": { "uv": [ 0, 0, 16, 2 ], "texture": "#texture" },
				"north": { "uv": [ 0, 0, 16, 2 ], "texture": "#texture" },
				"south": { "uv": [ 0, 0, 16, 2 ], "texture": "#texture" },
				"west": { "uv": [ 0, 0, 2, 2 ], "texture": "#texture" },
				"east": { "uv": [ 14, 0, 16, 2 ], "texture": "#texture" }
			}
		},
		{
			"__comment": "Box1",
			"from": [ 0, 14, 14 ],
			"to": [ 16, 16, 16 ],
			"faces": {
				"down": { "uv": [ 0, 0, 16, 2 ], "texture": "#texture" },
				"up": { "uv": [ 0, 14, 16, 16 ], "texture": "#texture" },
				"north": { "uv": [ 0, 0, 16, 2 ], "texture": "#texture" },
				"south": { "uv": [ 0, 0, 16, 2 ], "texture": "#texture" },
				"west": { "uv": [ 14, 0, 16, 2 ], "texture": "#texture" },
				"east": { "uv": [ 0, 0, 2, 2 ], "texture": "#texture" }
			}
		},
		{
			"__comment": "Box1",
			"from": [ 0, 2, 14 ],
			"to": [ 2, 14, 16 ],
			"faces": {
				"down": { "uv": [ 0, 0, 2, 2 ], "texture": "#texture" },
				"up": { "uv": [ 0, 14, 2, 16 ], "texture": "#texture" },
				"north": { "uv": [ 14, 2, 16, 14 ], "texture": "#texture" },
				"south": { "uv": [ 0, 2, 2, 14 ], "texture": "#texture" },
				"west": { "uv": [ 14, 2, 16, 14 ], "texture": "#texture" },
				"east": { "uv": [ 0, 2, 2, 14 ], "texture": "#texture" }
			}
		},
		{
			"__comment": "Box1",
			"from": [ 0, 2, 0 ],
			"to": [ 2, 14, 2 ],
			"faces": {
				"down": { "uv": [ 0, 14, 2, 16 ], "texture": "#texture" },
				"up": { "uv": [ 0, 0, 2, 2 ], "texture": "#texture" },
				"north": { "uv": [ 14, 2, 16, 14 ], "texture": "#texture" },
				"south": { "uv": [ 0, 2, 2, 14 ], "texture": "#texture" },
				"west": { "uv": [ 0, 2, 2, 14 ], "texture": "#texture" },
				"east": { "uv": [ 14, 2, 16, 14 ], "texture": "#texture" }
			}
		},
		{
			"__comment": "Box1",
			"from": [ 14, 2, 0 ],
			"to": [ 16, 14, 2 ],
			"faces": {
				"down": { "uv": [ 14, 14, 16, 16 ], "texture": "#texture" },
				"up": { "uv": [ 14, 0, 16, 2 ], "texture": "#texture" },
				"north": { "uv": [ 0, 2, 2, 14 ], "texture": "#texture" },
				"south": { "uv": [ 14, 2, 16, 14 ], "texture": "#texture" },
				"west": { "uv": [ 0, 2, 2, 14 ], "texture": "#texture" },
				"east": { "uv": [ 14, 2, 16, 14 ], "texture": "#texture" }
			}
		},
		{
			"__comment": "Box1",
			"from": [ 0, 0, 2 ],
			"to": [ 2, 2, 14 ],
			"faces": {
				"down": { "uv": [ 0, 2, 2, 14 ], "texture": "#texture" },
				"up": { "uv": [ 0, 2, 2, 14 ], "texture": "#texture" },
				"north": { "uv": [ 14, 14, 16, 16 ], "texture": "#texture" },
				"south": { "uv": [ 0, 14, 2, 16 ], "texture": "#texture" },
				"west": { "uv": [ 2, 14, 14, 16 ], "texture": "#texture" },
				"east": { "uv": [ 2, 14, 14, 16 ], "texture": "#texture" }
			}
		},
		{
			"__comment": "Box1",
			"from": [ 0, 0, 14 ],
			"to": [ 16, 2, 16 ],
			"faces": {
				"down": { "uv": [ 0, 0, 16, 2 ], "texture": "#texture" },
				"up": { "uv": [ 0, 14, 16, 16 ], "texture": "#texture" },
				"north": { "uv": [ 0, 14, 16, 16 ], "texture": "#texture" },
				"south": { "uv": [ 0, 14, 16, 16 ], "texture": "#texture" },
				"west": { "uv": [ 14, 14, 16, 16 ], "texture": "#texture" },
				"east": { "uv": [ 0, 14, 2, 16 ], "texture": "#texture" }
			}
		},
		{
			"__comment": "Box1",
			"from": [ 1.5, 0, 14.875 ],
			"to": [ 21.5, 2, 15.875 ],
			"rotation": { "origin": [ 1.5, 0, 14.875 ], "axis": "z", "angle": 45 },
			"faces": {
				"down": { "uv": [ 1.5, 0.125, 16, 1.125 ], "texture": "#texture" },
				"up": { "uv": [ 1.5, 14.875, 16, 15.875 ], "texture": "#texture" },
				"north": { "uv": [ 0, 14, 14.5, 16 ], "texture": "#texture" },
				"south": { "uv": [ 1.5, 14, 16, 16 ], "texture": "#texture" },
				"west": { "uv": [ 14.875, 14, 15.875, 16 ], "texture": "#texture" },
				"east": { "uv": [ 0.125, 14, 1.125, 16 ], "texture": "#texture" }
			}
		},
		{
			"__comment": "Box1",
			"from": [ 14.875, 0, -0.5002 ],
			"to": [ 15.875, 20.5, 1.4998 ],
			"rotation": { "origin": [ 14.875, 0, 1.5 ], "axis": "x", "angle": 45 },
			"faces": {
				"down": { "uv": [ 14.875, 13.91435, 15.875, 15.91435 ], "texture": "#texture" },
				"up": { "uv": [ 14.875, 0.08564568, 15.875, 2.085646 ], "texture": "#texture" },
				"north": { "uv": [ 0.125, 0, 1.125, 14.58564 ], "texture": "#texture" },
				"south": { "uv": [ 14.875, 0, 15.875, 14.58564 ], "texture": "#texture" },
				"west": { "uv": [ 0.08564556, 0, 2.085646, 14.58564 ], "texture": "#texture" },
				"east": { "uv": [ 13.91435, 0, 15.91435, 14.58564 ], "texture": "#texture" }
			}
		},
		{
			"__comment": "Box1",
			"from": [ 0.125, 0, 14.5002 ],
			"to": [ 1.125, 20.5, 16.5002 ],
			"rotation": { "origin": [ 1.125002, 0, 14.5 ], "axis": "x", "angle": -45 },
			"faces": {
				"down": { "uv": [ 0.1250019, 0, 1.125002, 1.499859 ], "texture": "#texture" },
				"up": { "uv": [ 0.1250019, 14.50014, 1.125002, 16 ], "texture": "#texture" },
				"north": { "uv": [ 14.875, 0, 15.875, 15.99986 ], "texture": "#texture" },
				"south": { "uv": [ 0.1250019, 0, 1.125002, 15.99986 ], "texture": "#texture" },
				"west": { "uv": [ 14.50014, 0, 16, 15.99986 ], "texture": "#texture" },
				"east": { "uv": [ 0, 0, 1.499859, 15.99986 ], "texture": "#texture" }
			}
		},
		{
			"__comment": "Box1",
			"from": [ -5.75, 0.25, 0.125 ],
			"to": [ 14.25, 2.25, 1.125 ],
			"rotation": { "origin": [ 14.25, 0.25, 1.125 ], "axis": "z", "angle": -45 },
			"faces": {
				"down": { "uv": [ 0.1078653, 14.875, 16, 15.875 ], "texture": "#texture" },
				"up": { "uv": [ 0.1078653, 0.124999, 16, 1.124999 ], "texture": "#texture" },
				"north": { "uv": [ 0, 0, 15.89213, 1.607864 ], "texture": "#texture" },
				"south": { "uv": [ 0.1078653, 0, 16, 1.607864 ], "texture": "#texture" },
				"west": { "uv": [ 0.124999, 0, 1.124999, 1.607864 ], "texture": "#texture" },
				"east": { "uv": [ 14.875, 0, 15.875, 1.607864 ], "texture": "#texture" }
			}
		},
		{
			"__comment": "Box1",
			"from": [ 14.5002, 0.125, 0 ],
			"to": [ 16.5002, 1.125, 20.5 ],
			"rotation": { "origin": [ 14.5, 1.125003, 1.907349E-06 ], "axis": "y", "angle": -45 },
			"faces": {
				"down": { "uv": [ 14.50014, 0, 16, 15.99986 ], "texture": "#texture" },
				"up": { "uv": [ 14.50014, 0.0001401901, 16, 16 ], "texture": "#texture" },
				"north": { "uv": [ 0, 14.875, 1.499859, 15.875 ], "texture": "#texture" },
				"south": { "uv": [ 14.50014, 14.875, 16, 15.875 ], "texture": "#texture" },
				"west": { "uv": [ 0.0001403393, 14.875, 16, 15.875 ], "texture": "#texture" },
				"east": { "uv": [ 0, 14.875, 15.99986, 15.875 ], "texture": "#texture" }
			}
		},
		{
			"__comment": "Box1",
			"from": [ -0.5002, 14.875, 0 ],
			"to": [ 1.4998, 15.875, 20.5 ],
			"rotation": { "origin": [ 1.500001, 14.87499, 9.536743E-07 ], "axis": "y", "angle": 45 },
			"faces": {
				"down": { "uv": [ 0.08564436, 0, 2.085644, 14.58564 ], "texture": "#texture" },
				"up": { "uv": [ 0.08564436, 1.414355, 2.085644, 16 ], "texture": "#texture" },
				"north": { "uv": [ 13.91436, 0.1250048, 15.91436, 1.125005 ], "texture": "#texture" },
				"south": { "uv": [ 0.08564436, 0.1250048, 2.085644, 1.125005 ], "texture": "#texture" },
				"west": { "uv": [ 1.414355, 0.1250048, 16, 1.125005 ], "texture": "#texture" },
				"east": { "uv": [ 0, 0.1250048, 14.58564, 1.125005 ], "texture": "#texture" }
			}
		}
	]
}