{
	"__comment": "Designed by Ersatz with Cubik Studio - https://cubik.studio",
	"textures": {
		"0": "blocks/cobblestone",
		"1": "blocks/log_big_oak",
		"2": "blocks/coal_block",
		"3": "blocks/fire_layer_1",
		"4": "blocks/fire_layer_0",
		"particle": "blocks/cobblestone"
	},
	"elements": [ 	 
		{
			"from": [ 11, -0.0312, -4 ],
			"to": [ 12, 0.9688, -3 ],
			"faces": {
				"down": { "uv": [ 0, 0, 1, 1 ], "texture": "#0" },
				"up": { "uv": [ 0, 0, 1, 1 ], "texture": "#0" },
				"north": { "uv": [ 0, 0, 1, 1 ], "texture": "#0" },
				"south": { "uv": [ 0, 0, 1, 1 ], "texture": "#0" },
				"west": { "uv": [ 0, 0, 1, 1 ], "texture": "#0" },
				"east": { "uv": [ 0, 0, 1, 1 ], "texture": "#0" }
			}
		},
		{
			"from": [ 11, -0.0312, -3 ],
			"to": [ 15, 1.9688, 1 ],
			"faces": {
				"down": { "uv": [ 0, 0, 4, 2 ], "texture": "#0" },
				"up": { "uv": [ 0, 0, 4, 2 ], "texture": "#0" },
				"north": { "uv": [ 0, 0, 4, 2 ], "texture": "#0" },
				"south": { "uv": [ 0, 0, 4, 2 ], "texture": "#0" },
				"west": { "uv": [ 0, 0, 4, 2 ], "texture": "#0" },
				"east": { "uv": [ 0, 0, 1, 1 ], "texture": "#0" }
			}
		},
		{
			"from": [ 5, -0.0312, -5 ],
			"to": [ 7, 1.4688, -3 ],
			"faces": {
				"down": { "uv": [ 0, 0, 2, 1.5 ], "texture": "#0" },
				"up": { "uv": [ 0, 0, 2, 1.5 ], "texture": "#0" },
				"north": { "uv": [ 0, 0, 2, 1.5 ], "texture": "#0" },
				"south": { "uv": [ 0, 0, 2, 1.5 ], "texture": "#0" },
				"west": { "uv": [ 0, 0, 2, 1.5 ], "texture": "#0" },
				"east": { "uv": [ 0, 0, 1, 1 ], "texture": "#0" }
			}
		},
		{
			"from": [ 2, -0.0312, -3 ],
			"to": [ 6, 1.9688, 1 ],
			"faces": {
				"down": { "uv": [ 0, 0, 4, 2 ], "texture": "#0" },
				"up": { "uv": [ 8, 8, 12, 10 ], "texture": "#0" },
				"north": { "uv": [ 1, 10, 5, 12 ], "texture": "#0" },
				"south": { "uv": [ 10, 9, 14, 11 ], "texture": "#0" },
				"west": { "uv": [ 4, 10, 8, 12 ], "texture": "#0" },
				"east": { "uv": [ 0, 0, 1, 1 ], "texture": "#0" }
			}
		},
		{
			"from": [ 0, -0.0312, -6 ],
			"to": [ 2, 0.9688, -4 ],
			"faces": {
				"down": { "uv": [ 0, 0, 2, 1 ], "texture": "#0" },
				"up": { "uv": [ 0, 0, 2, 1 ], "texture": "#0" },
				"north": { "uv": [ 0, 0, 2, 1 ], "texture": "#0" },
				"south": { "uv": [ 0, 0, 2, 1 ], "texture": "#0" },
				"west": { "uv": [ 0, 0, 2, 1 ], "texture": "#0" },
				"east": { "uv": [ 0, 0, 1, 1 ], "texture": "#0" }
			}
		},
		{
			"from": [ 17, -0.0312, -2 ],
			"to": [ 19, 0.9688, 0 ],
			"faces": {
				"down": { "uv": [ 0, 0, 2, 1 ], "texture": "#0" },
				"up": { "uv": [ 0, 0, 2, 1 ], "texture": "#0" },
				"north": { "uv": [ 0, 0, 2, 1 ], "texture": "#0" },
				"south": { "uv": [ 0, 0, 2, 1 ], "texture": "#0" },
				"west": { "uv": [ 0, 0, 2, 1 ], "texture": "#0" },
				"east": { "uv": [ 0, 0, 1, 1 ], "texture": "#0" }
			}
		},
		{
			"from": [ 6, -0.0312, -4 ],
			"to": [ 11, 2.9688, 0 ],
			"faces": {
				"down": { "uv": [ 0, 0, 5, 3 ], "texture": "#0" },
				"up": { "uv": [ 10, 4, 15, 7 ], "texture": "#0" },
				"north": { "uv": [ 0, 0, 5, 3 ], "texture": "#0" },
				"south": { "uv": [ 8, 0, 13, 3 ], "texture": "#0" },
				"west": { "uv": [ 4, 7, 9, 10 ], "texture": "#0" },
				"east": { "uv": [ 0, 0, 1, 1 ], "texture": "#0" }
			}
		},
		{
			"from": [ -2, -0.0312, -1 ],
			"to": [ 2, 2.9688, 3 ],
			"faces": {
				"down": { "uv": [ 0, 0, 4, 3 ], "texture": "#0" },
				"up": { "uv": [ 8, 7, 12, 10 ], "texture": "#0" },
				"north": { "uv": [ 3, 7, 7, 10 ], "texture": "#0" },
				"south": { "uv": [ 6, 11, 10, 14 ], "texture": "#0" },
				"west": { "uv": [ 4, 6, 8, 9 ], "texture": "#0" },
				"east": { "uv": [ 0, 0, 1, 1 ], "texture": "#0" }
			}
		},
		{
			"from": [ -4, -0.0312, -3 ],
			"to": [ -1, 1.4688, 0 ],
			"faces": {
				"down": { "uv": [ 0, 0, 3, 1.5 ], "texture": "#0" },
				"up": { "uv": [ 0, 0, 3, 1.5 ], "texture": "#0" },
				"north": { "uv": [ 0, 0, 3, 1.5 ], "texture": "#0" },
				"south": { "uv": [ 0, 0, 3, 1.5 ], "texture": "#0" },
				"west": { "uv": [ 0, 0, 3, 1.5 ], "texture": "#0" },
				"east": { "uv": [ 0, 0, 1, 1 ], "texture": "#0" }
			}
		},
		{
			"from": [ 6, -0.0312, 16 ],
			"to": [ 11, 2.9688, 20 ],
			"faces": {
				"down": { "uv": [ 0, 0, 5, 3 ], "texture": "#0" },
				"up": { "uv": [ 7, 7, 12, 10 ], "texture": "#0" },
				"north": { "uv": [ 0, 4, 5, 7 ], "texture": "#0" },
				"south": { "uv": [ 7, 9, 12, 12 ], "texture": "#0" },
				"west": { "uv": [ 1, 9, 6, 12 ], "texture": "#0" },
				"east": { "uv": [ 0, 0, 1, 1 ], "texture": "#0" }
			}
		},
		{
			"from": [ -5, -0.0312, 7 ],
			"to": [ 0, 2.9688, 11 ],
			"faces": {
				"down": { "uv": [ 0, 0, 5, 3 ], "texture": "#0" },
				"up": { "uv": [ 0, 0, 5, 3 ], "texture": "#0" },
				"north": { "uv": [ 0, 0, 5, 3 ], "texture": "#0" },
				"south": { "uv": [ 0, 0, 5, 3 ], "texture": "#0" },
				"west": { "uv": [ 0, 0, 5, 3 ], "texture": "#0" },
				"east": { "uv": [ 0, 0, 4, 3 ], "texture": "#0" }
			}
		},
		{
			"from": [ -4, -0.0312, 3 ],
			"to": [ 0, 1.9688, 7 ],
			"faces": {
				"down": { "uv": [ 0, 0, 4, 2 ], "texture": "#0" },
				"up": { "uv": [ 8, 8, 12, 10 ], "texture": "#0" },
				"north": { "uv": [ 1, 12, 5, 14 ], "texture": "#0" },
				"south": { "uv": [ 6, 2, 10, 4 ], "texture": "#0" },
				"west": { "uv": [ 3, 10, 7, 12 ], "texture": "#0" },
				"east": { "uv": [ 0, 0, 1, 1 ], "texture": "#0" }
			}
		},
		{
			"from": [ -6, -0.0312, 6 ],
			"to": [ -4, 1.4688, 8 ],
			"faces": {
				"down": { "uv": [ 0, 0, 2, 1.5 ], "texture": "#0" },
				"up": { "uv": [ 0, 0, 2, 1.5 ], "texture": "#0" },
				"north": { "uv": [ 0, 0, 2, 1.5 ], "texture": "#0" },
				"south": { "uv": [ 0, 0, 2, 1.5 ], "texture": "#0" },
				"west": { "uv": [ 0, 0, 2, 1.5 ], "texture": "#0" },
				"east": { "uv": [ 0, 0, 1, 1 ], "texture": "#0" }
			}
		},
		{
			"from": [ -3, -0.0312, 11 ],
			"to": [ 1, 1.9688, 15 ],
			"faces": {
				"down": { "uv": [ 0, 0, 4, 2 ], "texture": "#0" },
				"up": { "uv": [ 0, 0, 4, 2 ], "texture": "#0" },
				"north": { "uv": [ 0, 0, 4, 2 ], "texture": "#0" },
				"south": { "uv": [ 0, 0, 4, 2 ], "texture": "#0" },
				"west": { "uv": [ 0, 0, 4, 2 ], "texture": "#0" },
				"east": { "uv": [ 0, 0, 1, 1 ], "texture": "#0" }
			}
		},
		{
			"from": [ -4, -0.0312, 11 ],
			"to": [ -3, 0.9688, 12 ],
			"faces": {
				"down": { "uv": [ 0, 0, 1, 1 ], "texture": "#0" },
				"up": { "uv": [ 0, 0, 1, 1 ], "texture": "#0" },
				"north": { "uv": [ 0, 0, 1, 1 ], "texture": "#0" },
				"south": { "uv": [ 0, 0, 1, 1 ], "texture": "#0" },
				"west": { "uv": [ 0, 0, 1, 1 ], "texture": "#0" },
				"east": { "uv": [ 0, 0, 1, 1 ], "texture": "#0" }
			}
		},
		{
			"from": [ 14, -0.0312, -5 ],
			"to": [ 17, 1.4688, -2 ],
			"faces": {
				"down": { "uv": [ 0, 0, 3, 1.5 ], "texture": "#0" },
				"up": { "uv": [ 0, 0, 3, 1.5 ], "texture": "#0" },
				"north": { "uv": [ 0, 0, 3, 1.5 ], "texture": "#0" },
				"south": { "uv": [ 0, 0, 3, 1.5 ], "texture": "#0" },
				"west": { "uv": [ 0, 0, 3, 1.5 ], "texture": "#0" },
				"east": { "uv": [ 0, 0, 4, 1 ], "texture": "#0" }
			}
		},
		{
			"from": [ -7, -0.0312, 15 ],
			"to": [ -5, 0.9688, 17 ],
			"faces": {
				"down": { "uv": [ 0, 0, 2, 1 ], "texture": "#0" },
				"up": { "uv": [ 0, 0, 2, 1 ], "texture": "#0" },
				"north": { "uv": [ 0, 0, 2, 1 ], "texture": "#0" },
				"south": { "uv": [ 0, 0, 2, 1 ], "texture": "#0" },
				"west": { "uv": [ 0, 0, 2, 1 ], "texture": "#0" },
				"east": { "uv": [ 0, 0, 1, 1 ], "texture": "#0" }
			}
		},
		{
			"from": [ 2, -0.0312, 16 ],
			"to": [ 6, 1.9688, 19 ],
			"faces": {
				"down": { "uv": [ 0, 0, 4, 2 ], "texture": "#0" },
				"up": { "uv": [ 0, 0, 4, 2 ], "texture": "#0" },
				"north": { "uv": [ 0, 0, 4, 2 ], "texture": "#0" },
				"south": { "uv": [ 0, 0, 4, 2 ], "texture": "#0" },
				"west": { "uv": [ 0, 0, 4, 2 ], "texture": "#0" },
				"east": { "uv": [ 0, 0, 1, 1 ], "texture": "#0" }
			}
		},
		{
			"from": [ -2, -0.0312, 14 ],
			"to": [ 2, 2.9688, 18 ],
			"faces": {
				"down": { "uv": [ 0, 0, 4, 3 ], "texture": "#0" },
				"up": { "uv": [ 8, 5, 12, 8 ], "texture": "#0" },
				"north": { "uv": [ 6, 13, 10, 16 ], "texture": "#0" },
				"south": { "uv": [ 2, 10, 6, 13 ], "texture": "#0" },
				"west": { "uv": [ 3, 4, 7, 7 ], "texture": "#0" },
				"east": { "uv": [ 0, 0, 1, 1 ], "texture": "#0" }
			}
		},
		{
			"from": [ 1, -0.0312, 18 ],
			"to": [ 3, 0.9688, 20 ],
			"faces": {
				"down": { "uv": [ 0, 0, 2, 1 ], "texture": "#0" },
				"up": { "uv": [ 0, 0, 2, 1 ], "texture": "#0" },
				"north": { "uv": [ 0, 0, 2, 1 ], "texture": "#0" },
				"south": { "uv": [ 0, 0, 2, 1 ], "texture": "#0" },
				"west": { "uv": [ 0, 0, 2, 1 ], "texture": "#0" },
				"east": { "uv": [ 0, 0, 1, 1 ], "texture": "#0" }
			}
		},
		{
			"from": [ 5, -0.0312, 18.5 ],
			"to": [ 8, 0.9688, 21.5 ],
			"faces": {
				"down": { "uv": [ 0, 0, 3, 1 ], "texture": "#0" },
				"up": { "uv": [ 0, 0, 3, 1 ], "texture": "#0" },
				"north": { "uv": [ 0, 0, 3, 1 ], "texture": "#0" },
				"south": { "uv": [ 0, 0, 3, 1 ], "texture": "#0" },
				"west": { "uv": [ 0, 0, 3, 1 ], "texture": "#0" },
				"east": { "uv": [ 0, 0, 1, 1 ], "texture": "#0" }
			}
		},
		{
			"from": [ 15, -0.0312, 2 ],
			"to": [ 19, 2.9688, 6 ],
			"faces": {
				"down": { "uv": [ 2, 10, 6, 13 ], "texture": "#0" },
				"up": { "uv": [ 12, 4, 16, 7 ], "texture": "#0" },
				"north": { "uv": [ 9, 12, 13, 15 ], "texture": "#0" },
				"south": { "uv": [ 1, 6, 5, 9 ], "texture": "#0" },
				"west": { "uv": [ 9, 6, 13, 9 ], "texture": "#0" },
				"east": { "uv": [ 0, 0, 4, 3 ], "texture": "#0" }
			}
		},
		{
			"from": [ 16, -0.0312, 10 ],
			"to": [ 21, 2.9688, 14 ],
			"faces": {
				"down": { "uv": [ 7, 7, 12, 10 ], "texture": "#0" },
				"up": { "uv": [ 6, 7, 11, 10 ], "texture": "#0" },
				"north": { "uv": [ 1, 8, 6, 11 ], "texture": "#0" },
				"south": { "uv": [ 9, 7, 14, 10 ], "texture": "#0" },
				"west": { "uv": [ 3, 10, 8, 13 ], "texture": "#0" },
				"east": { "uv": [ 0, 0, 4, 3 ], "texture": "#0" }
			}
		},
		{
			"from": [ 16, -0.0312, 6 ],
			"to": [ 20, 1.9688, 10 ],
			"faces": {
				"down": { "uv": [ 0, 0, 4, 2 ], "texture": "#0" },
				"up": { "uv": [ 0, 0, 4, 2 ], "texture": "#0" },
				"north": { "uv": [ 0, 0, 4, 2 ], "texture": "#0" },
				"south": { "uv": [ 0, 0, 4, 2 ], "texture": "#0" },
				"west": { "uv": [ 0, 0, 4, 2 ], "texture": "#0" },
				"east": { "uv": [ 0, 0, 1, 1 ], "texture": "#0" }
			}
		},
		{
			"from": [ 19, -0.0312, 4 ],
			"to": [ 22, 1.4688, 7 ],
			"faces": {
				"down": { "uv": [ 0, 0, 3, 1.5 ], "texture": "#0" },
				"up": { "uv": [ 0, 0, 3, 1.5 ], "texture": "#0" },
				"north": { "uv": [ 0, 0, 3, 1.5 ], "texture": "#0" },
				"south": { "uv": [ 0, 0, 3, 1.5 ], "texture": "#0" },
				"west": { "uv": [ 0, 0, 3, 1.5 ], "texture": "#0" },
				"east": { "uv": [ 0, 0, 1, 1 ], "texture": "#0" }
			}
		},
		{
			"from": [ 14, -0.0312, -1 ],
			"to": [ 18, 2.4688, 3 ],
			"faces": {
				"down": { "uv": [ 1, 8, 5, 10.5 ], "texture": "#0" },
				"up": { "uv": [ 10, 3, 14, 5.5 ], "texture": "#0" },
				"north": { "uv": [ 1, 4, 5, 6.5 ], "texture": "#0" },
				"south": { "uv": [ 4, 2, 8, 4.5 ], "texture": "#0" },
				"west": { "uv": [ 3, 9, 7, 11.5 ], "texture": "#0" },
				"east": { "uv": [ 0, 0, 1, 1 ], "texture": "#0" }
			}
		},
		{
			"from": [ 19, -0.0312, 3 ],
			"to": [ 20, 0.9688, 4 ],
			"faces": {
				"down": { "uv": [ 0, 0, 1, 1 ], "texture": "#0" },
				"up": { "uv": [ 0, 0, 1, 1 ], "texture": "#0" },
				"north": { "uv": [ 0, 0, 1, 1 ], "texture": "#0" },
				"south": { "uv": [ 0, 0, 1, 1 ], "texture": "#0" },
				"west": { "uv": [ 0, 0, 1, 1 ], "texture": "#0" },
				"east": { "uv": [ 0, 0, 1, 1 ], "texture": "#0" }
			}
		},
		{
			"from": [ 15, -0.0312, 14 ],
			"to": [ 19, 1.9688, 17 ],
			"faces": {
				"down": { "uv": [ 0, 0, 4, 2 ], "texture": "#0" },
				"up": { "uv": [ 9, 5, 13, 7 ], "texture": "#0" },
				"north": { "uv": [ 3, 8, 7, 10 ], "texture": "#0" },
				"south": { "uv": [ 11, 9, 15, 11 ], "texture": "#0" },
				"west": { "uv": [ 1, 13, 5, 15 ], "texture": "#0" },
				"east": { "uv": [ 0, 0, 4, 2 ], "texture": "#0" }
			}
		},
		{
			"from": [ 11, -0.0312, 16 ],
			"to": [ 15, 1.9688, 19 ],
			"faces": {
				"down": { "uv": [ 0, 0, 4, 2 ], "texture": "#0" },
				"up": { "uv": [ 11, 10, 15, 12 ], "texture": "#0" },
				"north": { "uv": [ 4, 14, 8, 16 ], "texture": "#0" },
				"south": { "uv": [ 8, 10, 12, 12 ], "texture": "#0" },
				"west": { "uv": [ 3, 7, 7, 9 ], "texture": "#0" },
				"east": { "uv": [ 0, 0, 1, 1 ], "texture": "#0" }
			}
		},
		{
			"from": [ 14, -0.0312, 17 ],
			"to": [ 17, 1.4688, 20 ],
			"faces": {
				"down": { "uv": [ 0, 0, 3, 1.5 ], "texture": "#0" },
				"up": { "uv": [ 0, 0, 3, 1.5 ], "texture": "#0" },
				"north": { "uv": [ 0, 0, 3, 1.5 ], "texture": "#0" },
				"south": { "uv": [ 0, 0, 3, 1.5 ], "texture": "#0" },
				"west": { "uv": [ 0, 0, 3, 1.5 ], "texture": "#0" },
				"east": { "uv": [ 0, 0, 1, 1 ], "texture": "#0" }
			}
		},
		{
			"from": [ 18, -0.0312, 16 ],
			"to": [ 20, 0.9688, 18 ],
			"faces": {
				"down": { "uv": [ 0, 0, 2, 1 ], "texture": "#0" },
				"up": { "uv": [ 0, 0, 2, 1 ], "texture": "#0" },
				"north": { "uv": [ 0, 0, 2, 1 ], "texture": "#0" },
				"south": { "uv": [ 0, 0, 2, 1 ], "texture": "#0" },
				"west": { "uv": [ 0, 0, 2, 1 ], "texture": "#0" },
				"east": { "uv": [ 0, 0, 1, 1 ], "texture": "#0" }
			}
		},
		{
			"from": [ 20, -0.0312, 8 ],
			"to": [ 23, 1.4688, 11 ],
			"faces": {
				"down": { "uv": [ 0, 0, 3, 1.5 ], "texture": "#0" },
				"up": { "uv": [ 0, 0, 3, 1.5 ], "texture": "#0" },
				"north": { "uv": [ 0, 0, 3, 1.5 ], "texture": "#0" },
				"south": { "uv": [ 0, 0, 3, 1.5 ], "texture": "#0" },
				"west": { "uv": [ 0, 0, 3, 1.5 ], "texture": "#0" },
				"east": { "uv": [ 0, 0, 1, 1 ], "texture": "#0" }
			}
		},
		{
			"from": [ 10, -0.0312, 20 ],
			"to": [ 13, 1.4688, 23 ],
			"faces": {
				"down": { "uv": [ 0, 0, 3, 1.5 ], "texture": "#0" },
				"up": { "uv": [ 0, 0, 3, 1.5 ], "texture": "#0" },
				"north": { "uv": [ 0, 0, 3, 1.5 ], "texture": "#0" },
				"south": { "uv": [ 0, 0, 3, 1.5 ], "texture": "#0" },
				"west": { "uv": [ 0, 0, 3, 1.5 ], "texture": "#0" },
				"east": { "uv": [ 0, 0, 1, 1 ], "texture": "#0" }
			}
		},
		{
			"from": [ -6.25, -1.0312, 8 ],
			"to": [ 3.75, 1.9688, 11 ],
			"rotation": { "origin": [ -1.25, 6.96875, 9 ], "axis": "z", "angle": 45 },
			"faces": {
				"down": { "uv": [ 0, 0, 3, 10 ], "texture": "#1", "rotation": 90 },
				"up": { "uv": [ 0, 0, 3, 10 ], "texture": "#1", "rotation": 90 },
				"north": { "uv": [ 0, 0, 3, 10 ], "texture": "#1", "rotation": 90 },
				"south": { "uv": [ 0, 0, 3, 10 ], "texture": "#1", "rotation": 90 },
				"west": { "uv": [ 0, 0, 3, 10 ], "texture": "#1", "rotation": 90 },
				"east": { "uv": [ 0, 0, 3, 3 ], "texture": "#1", "rotation": 90 }
			}
		},
		{
			"from": [ 9.75, -0.0312, 6 ],
			"to": [ 19.75, 2.9688, 9 ],
			"rotation": { "origin": [ 14.75, 4.96875, 7 ], "axis": "z", "angle": -45 },
			"faces": {
				"down": { "uv": [ 0, 0, 3, 10 ], "texture": "#1", "rotation": 90 },
				"up": { "uv": [ 0, 0, 3, 10 ], "texture": "#1", "rotation": 90 },
				"north": { "uv": [ 0, 0, 3, 10 ], "texture": "#1", "rotation": 90 },
				"south": { "uv": [ 0, 0, 3, 10 ], "texture": "#1", "rotation": 90 },
				"west": { "uv": [ 0, 0, 3, 3 ], "texture": "#1", "rotation": 90 },
				"east": { "uv": [ 0, 0, 3, 3 ], "texture": "#1", "rotation": 90 }
			}
		},
		{
			"from": [ 6.75, 1.9688, 11 ],
			"to": [ 9.75, 4.9688, 21 ],
			"rotation": { "origin": [ 11.75, 6.96875, 15 ], "axis": "x", "angle": 45 },
			"faces": {
				"down": { "uv": [ 0, 0, 3, 10 ], "texture": "#1" },
				"up": { "uv": [ 0, 0, 3, 10 ], "texture": "#1" },
				"north": { "uv": [ 0, 0, 3, 3 ], "texture": "#1", "rotation": 90 },
				"south": { "uv": [ 0, 0, 3, 3 ], "texture": "#1", "rotation": 90 },
				"west": { "uv": [ 0, 0, 3, 10 ], "texture": "#1", "rotation": 90 },
				"east": { "uv": [ 0, 0, 3, 10 ], "texture": "#1", "rotation": 90 }
			}
		},
		{
			"from": [ 4.75, -0.0312, -3 ],
			"to": [ 7.75, 2.9688, 7 ],
			"rotation": { "origin": [ 9.75, 4.96875, 1 ], "axis": "x", "angle": -45 },
			"faces": {
				"down": { "uv": [ 0, 0, 3, 10 ], "texture": "#1" },
				"up": { "uv": [ 0, 0, 3, 10 ], "texture": "#1" },
				"north": { "uv": [ 0, 0, 3, 10 ], "texture": "#1", "rotation": 90 },
				"south": { "uv": [ 0, 0, 3, 3 ], "texture": "#1", "rotation": 90 },
				"west": { "uv": [ 0, 0, 3, 10 ], "texture": "#1", "rotation": 90 },
				"east": { "uv": [ 0, 0, 3, 10 ], "texture": "#1", "rotation": 90 }
			}
		},
		{
			"from": [ 0, -0.0312, 0 ],
			"to": [ 16, 0.2188, 16 ],
			"faces": {
				"down": { "uv": [ 0, 0, 16, 0.25 ], "texture": "#2" },
				"up": { "uv": [ 0, 0, 16, 16 ], "texture": "#2" },
				"north": { "uv": [ 0, 0, 16, 0.25 ], "texture": "#2" },
				"south": { "uv": [ 0, 0, 16, 0.25 ], "texture": "#2" },
				"west": { "uv": [ 0, 0, 16, 0.25 ], "texture": "#2" },
				"east": { "uv": [ 0, 0, 16, 0.25 ], "texture": "#2" }
			}
		},
		{
			"from": [ 2, -0.0312, 3 ],
			"to": [ 14, 13.9688, 3.001 ],
			"shade": false,
			"faces": {
				"down": { "uv": [ 0, 0, 16, 16 ], "texture": "#3" },
				"up": { "uv": [ 0, 0, 16, 16 ], "texture": "#3" },
				"north": { "uv": [ 0, 0, 16, 16 ], "texture": "#3" },
				"south": { "uv": [ 0, 0, 16, 16 ], "texture": "#3" },
				"west": { "uv": [ 0, 0, 16, 16 ], "texture": "#3" },
				"east": { "uv": [ 0, 0, 16, 16 ], "texture": "#3" }
			}
		},
		{
			"from": [ 3, -0.0312, 14 ],
			"to": [ 15, 13.9688, 14.001 ],
			"shade": false,
			"faces": {
				"down": { "uv": [ 0, 0, 16, 16 ], "texture": "#3" },
				"up": { "uv": [ 0, 0, 16, 16 ], "texture": "#3" },
				"north": { "uv": [ 0, 0, 16, 16 ], "texture": "#3" },
				"south": { "uv": [ 0, 0, 16, 16 ], "texture": "#3" },
				"west": { "uv": [ 0, 0, 16, 16 ], "texture": "#3" },
				"east": { "uv": [ 0, 0, 16, 16 ], "texture": "#3" }
			}
		},
		{
			"from": [ 3, -0.0312, 2 ],
			"to": [ 3.001, 11.9688, 14 ],
			"shade": false,
			"faces": {
				"down": { "uv": [ 0, 0, 16, 16 ], "texture": "#3" },
				"up": { "uv": [ 0, 0, 16, 16 ], "texture": "#3" },
				"north": { "uv": [ 0, 0, 16, 16 ], "texture": "#3" },
				"south": { "uv": [ 0, 0, 16, 16 ], "texture": "#3" },
				"west": { "uv": [ 0, 0, 16, 16 ], "texture": "#3" },
				"east": { "uv": [ 0, 0, 16, 16 ], "texture": "#3" }
			}
		},
		{
			"from": [ 14, -0.0312, 2 ],
			"to": [ 14.001, 13.9688, 14 ],
			"shade": false,
			"faces": {
				"down": { "uv": [ 0, 0, 16, 16 ], "texture": "#3" },
				"up": { "uv": [ 0, 0, 16, 16 ], "texture": "#3" },
				"north": { "uv": [ 0, 0, 16, 16 ], "texture": "#3" },
				"south": { "uv": [ 0, 0, 16, 16 ], "texture": "#3" },
				"west": { "uv": [ 0, 0, 16, 16 ], "texture": "#3" },
				"east": { "uv": [ 0, 0, 16, 16 ], "texture": "#3" }
			}
		},
		{
			"from": [ 11, -3.0312, 2 ],
			"to": [ 11.001, 17.9688, 14 ],
			"rotation": { "origin": [ 5, 3.96875, 19 ], "axis": "z", "angle": 22.5 },
			"shade": false,
			"faces": {
				"down": { "uv": [ 0, 0, 12, 16 ], "texture": "#4" },
				"up": { "uv": [ 0, 0, 12, 16 ], "texture": "#4" },
				"north": { "uv": [ 0, 0, 12, 16 ], "texture": "#4" },
				"south": { "uv": [ 0, 0, 12, 16 ], "texture": "#4" },
				"west": { "uv": [ 0, 0, 12, 16 ], "texture": "#4" },
				"east": { "uv": [ 0, 0, 12, 16 ], "texture": "#4" }
			}
		},
		{
			"from": [ 6, 1.9688, 2 ],
			"to": [ 6.001, 17.9688, 14 ],
			"rotation": { "origin": [ 0, 8.96875, 19 ], "axis": "z", "angle": -22.5 },
			"shade": false,
			"faces": {
				"down": { "uv": [ 0, 0, 12, 16 ], "texture": "#4" },
				"up": { "uv": [ 0, 0, 12, 16 ], "texture": "#4" },
				"north": { "uv": [ 0, 0, 12, 16 ], "texture": "#4" },
				"south": { "uv": [ 0, 0, 12, 16 ], "texture": "#4" },
				"west": { "uv": [ 0, 0, 12, 16 ], "texture": "#4" },
				"east": { "uv": [ 0, 0, 12, 16 ], "texture": "#4" }
			}
		},
		{
			"from": [ 2, 1.9687, 11 ],
			"to": [ 14, 17.9687, 11.001 ],
			"rotation": { "origin": [ 8, 8.96875, 16 ], "axis": "x", "angle": -22.5 },
			"shade": false,
			"faces": {
				"down": { "uv": [ 0, 0, 12, 16 ], "texture": "#4" },
				"up": { "uv": [ 0, 0, 12, 16 ], "texture": "#4" },
				"north": { "uv": [ 0, 0, 12, 16 ], "texture": "#4" },
				"south": { "uv": [ 0, 0, 12, 16 ], "texture": "#4" },
				"west": { "uv": [ 0, 0, 12, 16 ], "texture": "#4" },
				"east": { "uv": [ 0, 0, 12, 16 ], "texture": "#4" }
			}
		},
		{
			"from": [ 2, -2.0312, 5 ],
			"to": [ 14, 17.9688, 5.001 ],
			"rotation": { "origin": [ 8, 4.96875, 10 ], "axis": "x", "angle": 22.5 },
			"shade": false,
			"faces": {
				"down": { "uv": [ 0, 0, 12, 16 ], "texture": "#4" },
				"up": { "uv": [ 0, 0, 12, 16 ], "texture": "#4" },
				"north": { "uv": [ 0, 0, 12, 16 ], "texture": "#4" },
				"south": { "uv": [ 0, 0, 12, 16 ], "texture": "#4" },
				"west": { "uv": [ 0, 0, 12, 16 ], "texture": "#4" },
				"east": { "uv": [ 0, 0, 12, 16 ], "texture": "#4" }
			}
		}
	]
}