{
	"credit": "Made with Blockbench, a free, modern block model editor by JannisX11",
	"ambientocclusion": false,
	"textures": {
		"0": "blocks/icicle",
		"particle": "blocks/icicle"
	},
	"elements": [
		{
			"name": "cube",
			"from": [6, 11, 6],
			"to": [10, 16, 10],
			"faces": {
				"north": {"uv": [0, 0, 3, 5], "texture": "#0"},
				"east": {"uv": [0, 0, 3, 5], "texture": "#0"},
				"south": {"uv": [0, 0, 3, 5], "texture": "#0"},
				"west": {"uv": [0, 0, 3, 5], "texture": "#0"},
				"up": {"uv": [0, 0, 3, 5], "texture": "#0"},
				"down": {"uv": [0, 0, 3, 5], "texture": "#0"}
			},
			"rotation": {
				"origin": [8, 12, 8],
				"axis": "y",
				"angle": 45
			},
			"type": "cube"
		},
		{
			"name": "cube",
			"from": [6.5, 6, 6.5],
			"to": [9.5, 11, 9.5],
			"faces": {
				"north": {"uv": [0, 0, 3, 5], "texture": "#0"},
				"east": {"uv": [0, 0, 3, 5], "texture": "#0"},
				"south": {"uv": [0, 0, 3, 5], "texture": "#0"},
				"west": {"uv": [0, 0, 3, 5], "texture": "#0"},
				"up": {"uv": [0, 0, 3, 5], "texture": "#0"},
				"down": {"uv": [0, 0, 3, 5], "texture": "#0"}
			},
			"rotation": {
				"origin": [8, 7, 8],
				"axis": "y",
				"angle": 0
			},
			"type": "cube"
		},
		{
			"name": "cube",
			"from": [7, 1, 7],
			"to": [9, 6, 9],
			"faces": {
				"north": {"uv": [0, 0, 2, 5], "texture": "#0"},
				"east": {"uv": [0, 0, 2, 5], "texture": "#0"},
				"south": {"uv": [0, 0, 2, 5], "texture": "#0"},
				"west": {"uv": [0, 0, 2, 5], "texture": "#0"},
				"up": {"uv": [0, 0, 2, 5], "texture": "#0"},
				"down": {"uv": [0, 0, 2, 5], "texture": "#0"}
			},
			"rotation": {
				"origin": [8, 2, 8],
				"axis": "y",
				"angle": -22.5
			},
			"type": "cube"
		},
		{
			"name": "cube",
			"from": [7.5, -4, 7.5],
			"to": [8.5, 1, 8.5],
			"faces": {
				"north": {"uv": [0, 0, 1, 5], "texture": "#0"},
				"east": {"uv": [0, 0, 1, 5], "texture": "#0"},
				"south": {"uv": [0, 0, 1, 5], "texture": "#0"},
				"west": {"uv": [0, 0, 1, 5], "texture": "#0"},
				"up": {"uv": [0, 0, 1, 5], "texture": "#0"},
				"down": {"uv": [0, 0, 1, 5], "texture": "#0"}
			},
			"rotation": {
				"origin": [8, 8, 8],
				"axis": "y",
				"angle": 22.5
			},
			"type": "cube"
		}
	]
}