{
	"credit": "Made with Blockbench, a free, modern block model editor by JannisX11",
	"ambientocclusion": false,
	"textures": {
		"0": "blocks/icicle",
		"particle": "blocks/icicle"
	},
	"elements": [
		{
			"name": "cube",
			"from": [6, 11, 9],
			"to": [10, 16, 13],
			"faces": {
				"north": {"uv": [0, 0, 3, 5], "texture": "#0"},
				"east": {"uv": [0, 0, 3, 5], "texture": "#0"},
				"south": {"uv": [0, 0, 3, 5], "texture": "#0"},
				"west": {"uv": [0, 0, 3, 5], "texture": "#0"},
				"up": {"uv": [0, 0, 3, 5], "texture": "#0"},
				"down": {"uv": [0, 0, 3, 5], "texture": "#0"}
			},
			"rotation": {
				"origin": [8, 12, 11],
				"axis": "y",
				"angle": 45
			},
			"type": "cube"
		},
		{
			"name": "cube",
			"from": [3.5, 11, 3.5],
			"to": [6.5, 16, 6.5],
			"faces": {
				"north": {"uv": [0, 0, 3, 5], "texture": "#0"},
				"east": {"uv": [0, 0, 3, 5], "texture": "#0"},
				"south": {"uv": [0, 0, 3, 5], "texture": "#0"},
				"west": {"uv": [0, 0, 3, 5], "texture": "#0"},
				"up": {
					"uv": [0, 0, 3, 5],
					"texture": "#0",
					"rotation": 270
				},
				"down": {
					"uv": [0, 0, 3, 5],
					"texture": "#0",
					"rotation": 90
				}
			},
			"rotation": {
				"origin": [5, 12, 5],
				"axis": "y",
				"angle": -22.5
			},
			"type": "cube"
		},
		{
			"name": "cube",
			"from": [6.5, 6, 9.5],
			"to": [9.5, 11, 12.5],
			"faces": {
				"north": {"uv": [0, 0, 3, 5], "texture": "#0"},
				"east": {"uv": [0, 0, 3, 5], "texture": "#0"},
				"south": {"uv": [0, 0, 3, 5], "texture": "#0"},
				"west": {"uv": [0, 0, 3, 5], "texture": "#0"},
				"up": {"uv": [0, 0, 3, 5], "texture": "#0"},
				"down": {"uv": [0, 0, 3, 5], "texture": "#0"}
			},
			"rotation": {
				"origin": [8, 7, 11],
				"axis": "y",
				"angle": 0
			},
			"type": "cube"
		},
		{
			"name": "cube",
			"from": [4, 6, 4],
			"to": [6, 11, 6],
			"faces": {
				"north": {"uv": [0, 0, 2, 5], "texture": "#0"},
				"east": {"uv": [0, 0, 2, 5], "texture": "#0"},
				"south": {"uv": [0, 0, 2, 5], "texture": "#0"},
				"west": {"uv": [0, 0, 2, 5], "texture": "#0"},
				"up": {"uv": [0, 0, 2, 5], "texture": "#0"},
				"down": {"uv": [0, 0, 2, 5], "texture": "#0"}
			},
			"rotation": {
				"origin": [5, 7, 5],
				"axis": "y",
				"angle": 22.5
			},
			"type": "cube"
		},
		{
			"name": "cube",
			"from": [7, 1, 10],
			"to": [9, 6, 12],
			"faces": {
				"north": {"uv": [0, 0, 2, 5], "texture": "#0"},
				"east": {"uv": [0, 0, 2, 5], "texture": "#0"},
				"south": {"uv": [0, 0, 2, 5], "texture": "#0"},
				"west": {"uv": [0, 0, 2, 5], "texture": "#0"},
				"up": {"uv": [0, 0, 2, 5], "texture": "#0"},
				"down": {"uv": [0, 0, 2, 5], "texture": "#0"}
			},
			"rotation": {
				"origin": [8, 2, 11],
				"axis": "y",
				"angle": -22.5
			},
			"type": "cube"
		},
		{
			"name": "cube",
			"from": [4.5, 1, 4.5],
			"to": [5.5, 6, 5.5],
			"faces": {
				"north": {"uv": [0, 0, 1, 5], "texture": "#0"},
				"east": {"uv": [0, 0, 1, 5], "texture": "#0"},
				"south": {"uv": [0, 0, 1, 5], "texture": "#0"},
				"west": {"uv": [0, 0, 1, 5], "texture": "#0"},
				"up": {"uv": [0, 0, 1, 5], "texture": "#0"},
				"down": {"uv": [0, 0, 1, 5], "texture": "#0"}
			},
			"rotation": {
				"origin": [5, 13, 5],
				"axis": "y",
				"angle": -22.5
			},
			"type": "cube"
		},
		{
			"name": "cube",
			"from": [7.5, -4, 10.5],
			"to": [8.5, 1, 11.5],
			"faces": {
				"north": {"uv": [0, 0, 1, 5], "texture": "#0"},
				"east": {"uv": [0, 0, 1, 5], "texture": "#0"},
				"south": {"uv": [0, 0, 1, 5], "texture": "#0"},
				"west": {"uv": [0, 0, 1, 5], "texture": "#0"},
				"up": {"uv": [0, 0, 1, 5], "texture": "#0"},
				"down": {"uv": [0, 0, 1, 5], "texture": "#0"}
			},
			"rotation": {
				"origin": [8, 8, 11],
				"axis": "y",
				"angle": 22.5
			},
			"type": "cube"
		}
	]
}