{
	"__comment": "Designed by Ersatz with Cubik Studio - https://cubik.studio",
	"textures": {
		"particle": "blocks/planks_spruce",
		"wood": "blocks/planks_spruce",
		"white": "decoration/kitchen_shelves/white",
		"metal": "decoration/kitchen_shelves/metal"
	},
	"elements": [ 	 
		{
			"__comment": "Box1",
			"from": [ 0, 15, 0 ],
			"to": [ 16, 16, 16 ],
			"faces": {
				"down": { "uv": [ 0, 0, 16, 16 ], "texture": "#wood" },
				"up": { "uv": [ 0, 0, 16, 16 ], "texture": "#wood" },
				"north": { "uv": [ 0, 0, 16, 1 ], "texture": "#wood" },
				"south": { "uv": [ 0, 0, 16, 1 ], "texture": "#wood" },
				"west": { "uv": [ 0, 0, 16, 1 ], "texture": "#wood" },
				"east": { "uv": [ 0, 0, 16, 1 ], "texture": "#wood" }
			}
		},
		{
			"__comment": "Box1",
			"from": [ 0, 1, 15 ],
			"to": [ 16, 15, 16 ],
			"faces": {
				"down": { "uv": [ 0, 0, 16, 1 ], "texture": "#wood" },
				"up": { "uv": [ 0, 15, 16, 16 ], "texture": "#wood" },
				"north": { "uv": [ 0, 1, 16, 15 ], "texture": "#wood" },
				"south": { "uv": [ 0, 1, 16, 15 ], "texture": "#wood" },
				"west": { "uv": [ 15, 1, 16, 15 ], "texture": "#wood" },
				"east": { "uv": [ 0, 1, 1, 15 ], "texture": "#wood" }
			}
		},
		{
			"__comment": "Box1",
			"from": [ 0, 1, 0 ],
			"to": [ 16, 15, 1 ],
			"faces": {
				"down": { "uv": [ 0, 15, 16, 16 ], "texture": "#wood" },
				"up": { "uv": [ 0, 0, 16, 1 ], "texture": "#wood" },
				"north": { "uv": [ 0, 1, 16, 15 ], "texture": "#wood" },
				"south": { "uv": [ 0, 1, 16, 15 ], "texture": "#wood" },
				"west": { "uv": [ 0, 1, 1, 15 ], "texture": "#wood" },
				"east": { "uv": [ 15, 1, 16, 15 ], "texture": "#wood" }
			}
		},
		{
			"__comment": "Box1",
			"from": [ 9, 1, 1 ],
			"to": [ 16, 15, 15 ],
			"faces": {
				"down": { "uv": [ 9, 1, 16, 15 ], "texture": "#wood" },
				"up": { "uv": [ 9, 1, 16, 15 ], "texture": "#wood" },
				"north": { "uv": [ 0, 1, 7, 15 ], "texture": "#wood" },
				"south": { "uv": [ 9, 1, 16, 15 ], "texture": "#wood" },
				"west": { "uv": [ 1, 1, 15, 15 ], "texture": "#wood" },
				"east": { "uv": [ 1, 1, 15, 15 ], "texture": "#wood" }
			}
		},
		{
			"__comment": "Box1",
			"from": [ 0, 0, 0 ],
			"to": [ 16, 1, 16 ],
			"faces": {
				"down": { "uv": [ 0, 0, 16, 16 ], "texture": "#wood" },
				"up": { "uv": [ 0, 0, 16, 16 ], "texture": "#wood" },
				"north": { "uv": [ 0, 15, 16, 16 ], "texture": "#wood" },
				"south": { "uv": [ 0, 15, 16, 16 ], "texture": "#wood" },
				"west": { "uv": [ 0, 15, 16, 16 ], "texture": "#wood" },
				"east": { "uv": [ 0, 15, 16, 16 ], "texture": "#wood" }
			}
		},
		{
			"__comment": "Box1",
			"from": [ 2.5, 1, 7.8532 ],
			"to": [ 6.5, 7, 8.6468 ],
			"rotation": { "origin": [ 4.5, 1, 8.25 ], "axis": "y", "angle": 22.5 },
			"faces": {
				"down": { "uv": [ 2.500391, 6.557631, 6.500391, 7.351231 ], "texture": "#metal" },
				"up": { "uv": [ 2.500391, 8.648769, 6.500391, 9.442369 ], "texture": "#metal" },
				"north": { "uv": [ 9.499609, 9, 13.49961, 15 ], "texture": "#metal" },
				"south": { "uv": [ 2.500391, 9, 6.500391, 15 ], "texture": "#metal" },
				"west": { "uv": [ 8.648769, 9, 9.442369, 15 ], "texture": "#metal" },
				"east": { "uv": [ 6.557631, 9, 7.351231, 15 ], "texture": "#metal" }
			}
		},
		{
			"__comment": "Box1",
			"from": [ 2.5, 0.999, 7.8532 ],
			"to": [ 6.5, 6.999, 8.6468 ],
			"faces": {
				"down": { "uv": [ 2.5, 7.3532, 6.5, 8.1468 ], "texture": "#metal" },
				"up": { "uv": [ 2.5, 7.8532, 6.5, 8.6468 ], "texture": "#metal" },
				"north": { "uv": [ 9.5, 9.000999, 13.5, 15.001 ], "texture": "#metal" },
				"south": { "uv": [ 2.5, 9.000999, 6.5, 15.001 ], "texture": "#metal" },
				"west": { "uv": [ 7.8532, 9.000999, 8.6468, 15.001 ], "texture": "#metal" },
				"east": { "uv": [ 7.3532, 9.000999, 8.1468, 15.001 ], "texture": "#metal" }
			}
		},
		{
			"__comment": "Box1",
			"from": [ 2.5, 0.998, 7.8532 ],
			"to": [ 6.5, 6.998, 8.6468 ],
			"rotation": { "origin": [ 4.5, 0.998, 8.25 ], "axis": "y", "angle": -22.5 },
			"faces": {
				"down": { "uv": [ 2.80409, 8.088363, 6.80409, 8.881963 ], "texture": "#metal" },
				"up": { "uv": [ 2.80409, 7.118037, 6.80409, 7.911637 ], "texture": "#metal" },
				"north": { "uv": [ 9.19591, 9.002, 13.19591, 15.002 ], "texture": "#metal" },
				"south": { "uv": [ 2.80409, 9.002, 6.80409, 15.002 ], "texture": "#metal" },
				"west": { "uv": [ 7.118037, 9.002, 7.911637, 15.002 ], "texture": "#metal" },
				"east": { "uv": [ 8.088363, 9.002, 8.881963, 15.002 ], "texture": "#metal" }
			}
		},
		{
			"__comment": "Box1",
			"from": [ 2.5, 0.997, 7.8532 ],
			"to": [ 6.5, 6.997, 8.6468 ],
			"rotation": { "origin": [ 4.5, 0.997, 8.25 ], "axis": "y", "angle": -45 },
			"faces": {
				"down": { "uv": [ 3.366367, 8.651194, 7.366367, 9.444794 ], "texture": "#metal" },
				"up": { "uv": [ 3.366367, 6.555206, 7.366367, 7.348806 ], "texture": "#metal" },
				"north": { "uv": [ 8.633633, 9.003, 12.63363, 15.003 ], "texture": "#metal" },
				"south": { "uv": [ 3.366367, 9.003, 7.366367, 15.003 ], "texture": "#metal" },
				"west": { "uv": [ 6.555206, 9.003, 7.348806, 15.003 ], "texture": "#metal" },
				"east": { "uv": [ 8.651194, 9.003, 9.444794, 15.003 ], "texture": "#metal" }
			}
		},
		{
			"__comment": "Box1",
			"from": [ 4.1032, 0.996, 6.25 ],
			"to": [ 4.8968, 6.996, 10.25 ],
			"rotation": { "origin": [ 4.5, 0.9960001, 8.25 ], "axis": "y", "angle": 22.5 },
			"faces": {
				"down": { "uv": [ 3.368038, 5.44591, 4.161638, 9.44591 ], "texture": "#metal" },
				"up": { "uv": [ 3.368038, 6.55409, 4.161638, 10.55409 ], "texture": "#metal" },
				"north": { "uv": [ 11.83836, 9.004, 12.63196, 15.004 ], "texture": "#metal" },
				"south": { "uv": [ 3.368038, 9.004, 4.161638, 15.004 ], "texture": "#metal" },
				"west": { "uv": [ 6.55409, 9.004, 10.55409, 15.004 ], "texture": "#metal" },
				"east": { "uv": [ 5.44591, 9.004, 9.44591, 15.004 ], "texture": "#metal" }
			}
		},
		{
			"__comment": "Box1",
			"from": [ 4.1032, 0.9949999, 6.25 ],
			"to": [ 4.8968, 6.995, 10.25 ],
			"faces": {
				"down": { "uv": [ 4.103199, 5.75, 4.896799, 9.75 ], "texture": "#metal" },
				"up": { "uv": [ 4.103199, 6.25, 4.896799, 10.25 ], "texture": "#metal" },
				"north": { "uv": [ 11.1032, 9.005, 11.8968, 15.005 ], "texture": "#metal" },
				"south": { "uv": [ 4.103199, 9.005, 4.896799, 15.005 ], "texture": "#metal" },
				"west": { "uv": [ 6.25, 9.005, 10.25, 15.005 ], "texture": "#metal" },
				"east": { "uv": [ 5.75, 9.005, 9.75, 15.005 ], "texture": "#metal" }
			}
		},
		{
			"__comment": "Box1",
			"from": [ 4.1032, 0.994, 6.25 ],
			"to": [ 4.8968, 6.994, 10.25 ],
			"rotation": { "origin": [ 4.5, 0.994, 8.25 ], "axis": "y", "angle": -22.5 },
			"faces": {
				"down": { "uv": [ 4.898771, 5.74961, 5.692371, 9.74961 ], "texture": "#metal" },
				"up": { "uv": [ 4.898771, 6.25039, 5.692371, 10.25039 ], "texture": "#metal" },
				"north": { "uv": [ 10.30763, 9.006001, 11.10123, 15.006 ], "texture": "#metal" },
				"south": { "uv": [ 4.898771, 9.006001, 5.692371, 15.006 ], "texture": "#metal" },
				"west": { "uv": [ 6.25039, 9.006001, 10.25039, 15.006 ], "texture": "#metal" },
				"east": { "uv": [ 5.74961, 9.006001, 9.74961, 15.006 ], "texture": "#metal" }
			}
		},
		{
			"__comment": "Box1",
			"from": [ 4.1032, 0.993, 6.25 ],
			"to": [ 4.8968, 6.993, 10.25 ],
			"rotation": { "origin": [ 4.5, 0.993, 8.25 ], "axis": "y", "angle": -45 },
			"faces": {
				"down": { "uv": [ 5.633635, 5.444796, 6.427235, 9.444796 ], "texture": "#metal" },
				"up": { "uv": [ 5.633635, 6.555204, 6.427235, 10.5552 ], "texture": "#metal" },
				"north": { "uv": [ 9.572765, 9.007, 10.36637, 15.007 ], "texture": "#metal" },
				"south": { "uv": [ 5.633635, 9.007, 6.427235, 15.007 ], "texture": "#metal" },
				"west": { "uv": [ 6.555204, 9.007, 10.5552, 15.007 ], "texture": "#metal" },
				"east": { "uv": [ 5.444796, 9.007, 9.444796, 15.007 ], "texture": "#metal" }
			}
		},
		{
			"__comment": "Box1",
			"from": [ 4.1032, 1, 2 ],
			"to": [ 4.8968, 7, 6 ],
			"rotation": { "origin": [ 4.5, 1, 4 ], "axis": "y", "angle": -45 },
			"faces": {
				"down": { "uv": [ 5.633635, 9.694796, 6.427235, 13.6948 ], "texture": "#metal" },
				"up": { "uv": [ 5.633635, 2.305204, 6.427235, 6.305204 ], "texture": "#metal" },
				"north": { "uv": [ 9.572765, 9, 10.36637, 15 ], "texture": "#metal" },
				"south": { "uv": [ 5.633635, 9, 6.427235, 15 ], "texture": "#metal" },
				"west": { "uv": [ 2.305204, 9, 6.305204, 15 ], "texture": "#metal" },
				"east": { "uv": [ 9.694796, 9, 13.6948, 15 ], "texture": "#metal" }
			}
		},
		{
			"__comment": "Box1",
			"from": [ 4.1032, 1.001, 2 ],
			"to": [ 4.8968, 7.001, 6 ],
			"rotation": { "origin": [ 4.5, 1.001, 4 ], "axis": "y", "angle": -22.5 },
			"faces": {
				"down": { "uv": [ 4.898771, 9.99961, 5.692371, 13.99961 ], "texture": "#metal" },
				"up": { "uv": [ 4.898771, 2.00039, 5.692371, 6.00039 ], "texture": "#metal" },
				"north": { "uv": [ 10.30763, 8.999001, 11.10123, 14.999 ], "texture": "#metal" },
				"south": { "uv": [ 4.898771, 8.999001, 5.692371, 14.999 ], "texture": "#metal" },
				"west": { "uv": [ 2.00039, 8.999001, 6.00039, 14.999 ], "texture": "#metal" },
				"east": { "uv": [ 9.99961, 8.999001, 13.99961, 14.999 ], "texture": "#metal" }
			}
		},
		{
			"__comment": "Box1",
			"from": [ 4.1032, 1.002, 2 ],
			"to": [ 4.8968, 7.002, 6 ],
			"faces": {
				"down": { "uv": [ 4.103199, 10, 4.896799, 14 ], "texture": "#metal" },
				"up": { "uv": [ 4.103199, 2, 4.896799, 6 ], "texture": "#metal" },
				"north": { "uv": [ 11.1032, 8.998, 11.8968, 14.998 ], "texture": "#metal" },
				"south": { "uv": [ 4.103199, 8.998, 4.896799, 14.998 ], "texture": "#metal" },
				"west": { "uv": [ 2, 8.998, 6, 14.998 ], "texture": "#metal" },
				"east": { "uv": [ 10, 8.998, 14, 14.998 ], "texture": "#metal" }
			}
		},
		{
			"__comment": "Box1",
			"from": [ 4.1032, 1.003, 2 ],
			"to": [ 4.8968, 7.003, 6 ],
			"rotation": { "origin": [ 4.5, 1.003, 4 ], "axis": "y", "angle": 22.5 },
			"faces": {
				"down": { "uv": [ 3.368038, 9.69591, 4.161638, 13.69591 ], "texture": "#metal" },
				"up": { "uv": [ 3.368038, 2.30409, 4.161638, 6.30409 ], "texture": "#metal" },
				"north": { "uv": [ 11.83836, 8.997, 12.63196, 14.997 ], "texture": "#metal" },
				"south": { "uv": [ 3.368038, 8.997, 4.161638, 14.997 ], "texture": "#metal" },
				"west": { "uv": [ 2.30409, 8.997, 6.30409, 14.997 ], "texture": "#metal" },
				"east": { "uv": [ 9.69591, 8.997, 13.69591, 14.997 ], "texture": "#metal" }
			}
		},
		{
			"__comment": "Box1",
			"from": [ 2.5, 1.004, 3.6032 ],
			"to": [ 6.5, 7.004, 4.3968 ],
			"rotation": { "origin": [ 4.5, 1.004, 4 ], "axis": "y", "angle": -45 },
			"faces": {
				"down": { "uv": [ 3.366367, 12.90119, 7.366367, 13.69479 ], "texture": "#metal" },
				"up": { "uv": [ 3.366367, 2.305206, 7.366367, 3.098805 ], "texture": "#metal" },
				"north": { "uv": [ 8.633633, 8.996, 12.63363, 14.996 ], "texture": "#metal" },
				"south": { "uv": [ 3.366367, 8.996, 7.366367, 14.996 ], "texture": "#metal" },
				"west": { "uv": [ 2.305206, 8.996, 3.098806, 14.996 ], "texture": "#metal" },
				"east": { "uv": [ 12.90119, 8.996, 13.69479, 14.996 ], "texture": "#metal" }
			}
		},
		{
			"__comment": "Box1",
			"from": [ 2.5, 1.005, 3.6032 ],
			"to": [ 6.5, 7.005, 4.3968 ],
			"rotation": { "origin": [ 4.5, 1.005, 4 ], "axis": "y", "angle": -22.5 },
			"faces": {
				"down": { "uv": [ 2.80409, 12.33836, 6.80409, 13.13196 ], "texture": "#metal" },
				"up": { "uv": [ 2.80409, 2.868037, 6.80409, 3.661637 ], "texture": "#metal" },
				"north": { "uv": [ 9.19591, 8.995, 13.19591, 14.995 ], "texture": "#metal" },
				"south": { "uv": [ 2.80409, 8.995, 6.80409, 14.995 ], "texture": "#metal" },
				"west": { "uv": [ 2.868037, 8.995, 3.661637, 14.995 ], "texture": "#metal" },
				"east": { "uv": [ 12.33836, 8.995, 13.13196, 14.995 ], "texture": "#metal" }
			}
		},
		{
			"__comment": "Box1",
			"from": [ 2.5, 1.006, 3.6032 ],
			"to": [ 6.5, 7.006, 4.3968 ],
			"faces": {
				"down": { "uv": [ 2.5, 11.6032, 6.5, 12.3968 ], "texture": "#metal" },
				"up": { "uv": [ 2.5, 3.6032, 6.5, 4.3968 ], "texture": "#metal" },
				"north": { "uv": [ 9.5, 8.993999, 13.5, 14.994 ], "texture": "#metal" },
				"south": { "uv": [ 2.5, 8.993999, 6.5, 14.994 ], "texture": "#metal" },
				"west": { "uv": [ 3.6032, 8.993999, 4.3968, 14.994 ], "texture": "#metal" },
				"east": { "uv": [ 11.6032, 8.993999, 12.3968, 14.994 ], "texture": "#metal" }
			}
		},
		{
			"__comment": "Box1",
			"from": [ 2.5, 1.007, 3.6032 ],
			"to": [ 6.5, 7.007, 4.3968 ],
			"rotation": { "origin": [ 4.5, 1.007, 4 ], "axis": "y", "angle": 22.5 },
			"faces": {
				"down": { "uv": [ 2.500391, 10.80763, 6.500391, 11.60123 ], "texture": "#metal" },
				"up": { "uv": [ 2.500391, 4.398769, 6.500391, 5.192369 ], "texture": "#metal" },
				"north": { "uv": [ 9.499609, 8.993, 13.49961, 14.993 ], "texture": "#metal" },
				"south": { "uv": [ 2.500391, 8.993, 6.500391, 14.993 ], "texture": "#metal" },
				"west": { "uv": [ 4.398769, 8.993, 5.192369, 14.993 ], "texture": "#metal" },
				"east": { "uv": [ 10.80763, 8.993, 11.60123, 14.993 ], "texture": "#metal" }
			}
		},
		{
			"__comment": "Box1",
			"from": [ 2.5, 1, 3.1032 ],
			"to": [ 6.5, 7, 3.8968 ],
			"rotation": { "origin": [ 4.5, 1, 3.5 ], "axis": "y", "angle": 22.5 },
			"faces": {
				"down": { "uv": [ 2.500391, 11.30763, 6.500391, 12.10123 ], "texture": "#metal" },
				"up": { "uv": [ 2.500391, 3.898769, 6.500391, 4.692369 ], "texture": "#metal" },
				"north": { "uv": [ 9.499609, 9, 13.49961, 15 ], "texture": "#metal" },
				"south": { "uv": [ 2.500391, 9, 6.500391, 15 ], "texture": "#metal" },
				"west": { "uv": [ 3.898769, 9, 4.692369, 15 ], "texture": "#metal" },
				"east": { "uv": [ 11.30763, 9, 12.10123, 15 ], "texture": "#metal" }
			}
		},
		{
			"__comment": "Box1",
			"from": [ 2.5, 0.999, 3.1032 ],
			"to": [ 6.5, 6.999, 3.8968 ],
			"faces": {
				"down": { "uv": [ 2.5, 12.1032, 6.5, 12.8968 ], "texture": "#metal" },
				"up": { "uv": [ 2.5, 3.1032, 6.5, 3.8968 ], "texture": "#metal" },
				"north": { "uv": [ 9.5, 9.000999, 13.5, 15.001 ], "texture": "#metal" },
				"south": { "uv": [ 2.5, 9.000999, 6.5, 15.001 ], "texture": "#metal" },
				"west": { "uv": [ 3.1032, 9.000999, 3.8968, 15.001 ], "texture": "#metal" },
				"east": { "uv": [ 12.1032, 9.000999, 12.8968, 15.001 ], "texture": "#metal" }
			}
		},
		{
			"__comment": "Box1",
			"from": [ 2.5, 0.998, 3.1032 ],
			"to": [ 6.5, 6.998, 3.8968 ],
			"rotation": { "origin": [ 4.5, 0.998, 3.5 ], "axis": "y", "angle": -22.5 },
			"faces": {
				"down": { "uv": [ 2.80409, 12.83836, 6.80409, 13.63196 ], "texture": "#metal" },
				"up": { "uv": [ 2.80409, 2.368037, 6.80409, 3.161637 ], "texture": "#metal" },
				"north": { "uv": [ 9.19591, 9.002, 13.19591, 15.002 ], "texture": "#metal" },
				"south": { "uv": [ 2.80409, 9.002, 6.80409, 15.002 ], "texture": "#metal" },
				"west": { "uv": [ 2.368037, 9.002, 3.161637, 15.002 ], "texture": "#metal" },
				"east": { "uv": [ 12.83836, 9.002, 13.63196, 15.002 ], "texture": "#metal" }
			}
		},
		{
			"__comment": "Box1",
			"from": [ 2.5, 0.997, 3.1032 ],
			"to": [ 6.5, 6.997, 3.8968 ],
			"rotation": { "origin": [ 4.5, 0.997, 3.5 ], "axis": "y", "angle": -45 },
			"faces": {
				"down": { "uv": [ 3.366367, 13.40119, 7.366367, 14.19479 ], "texture": "#metal" },
				"up": { "uv": [ 3.366367, 1.805206, 7.366367, 2.598805 ], "texture": "#metal" },
				"north": { "uv": [ 8.633633, 9.003, 12.63363, 15.003 ], "texture": "#metal" },
				"south": { "uv": [ 3.366367, 9.003, 7.366367, 15.003 ], "texture": "#metal" },
				"west": { "uv": [ 1.805206, 9.003, 2.598806, 15.003 ], "texture": "#metal" },
				"east": { "uv": [ 13.40119, 9.003, 14.19479, 15.003 ], "texture": "#metal" }
			}
		},
		{
			"__comment": "Box1",
			"from": [ 4.1032, 0.996, 1.5 ],
			"to": [ 4.8968, 6.996, 5.5 ],
			"rotation": { "origin": [ 4.5, 0.9960001, 3.5 ], "axis": "y", "angle": 22.5 },
			"faces": {
				"down": { "uv": [ 3.368038, 10.19591, 4.161638, 14.19591 ], "texture": "#metal" },
				"up": { "uv": [ 3.368038, 1.80409, 4.161638, 5.80409 ], "texture": "#metal" },
				"north": { "uv": [ 11.83836, 9.004, 12.63196, 15.004 ], "texture": "#metal" },
				"south": { "uv": [ 3.368038, 9.004, 4.161638, 15.004 ], "texture": "#metal" },
				"west": { "uv": [ 1.80409, 9.004, 5.80409, 15.004 ], "texture": "#metal" },
				"east": { "uv": [ 10.19591, 9.004, 14.19591, 15.004 ], "texture": "#metal" }
			}
		},
		{
			"__comment": "Box1",
			"from": [ 4.1032, 0.9949999, 1.5 ],
			"to": [ 4.8968, 6.995, 5.5 ],
			"faces": {
				"down": { "uv": [ 4.103199, 10.5, 4.896799, 14.5 ], "texture": "#metal" },
				"up": { "uv": [ 4.103199, 1.5, 4.896799, 5.5 ], "texture": "#metal" },
				"north": { "uv": [ 11.1032, 9.005, 11.8968, 15.005 ], "texture": "#metal" },
				"south": { "uv": [ 4.103199, 9.005, 4.896799, 15.005 ], "texture": "#metal" },
				"west": { "uv": [ 1.5, 9.005, 5.5, 15.005 ], "texture": "#metal" },
				"east": { "uv": [ 10.5, 9.005, 14.5, 15.005 ], "texture": "#metal" }
			}
		},
		{
			"__comment": "Box1",
			"from": [ 4.1032, 0.994, 1.5 ],
			"to": [ 4.8968, 6.994, 5.5 ],
			"rotation": { "origin": [ 4.5, 0.994, 3.5 ], "axis": "y", "angle": -22.5 },
			"faces": {
				"down": { "uv": [ 4.898771, 10.49961, 5.692371, 14.49961 ], "texture": "#metal" },
				"up": { "uv": [ 4.898771, 1.50039, 5.692371, 5.50039 ], "texture": "#metal" },
				"north": { "uv": [ 10.30763, 9.006001, 11.10123, 15.006 ], "texture": "#metal" },
				"south": { "uv": [ 4.898771, 9.006001, 5.692371, 15.006 ], "texture": "#metal" },
				"west": { "uv": [ 1.50039, 9.006001, 5.50039, 15.006 ], "texture": "#metal" },
				"east": { "uv": [ 10.49961, 9.006001, 14.49961, 15.006 ], "texture": "#metal" }
			}
		},
		{
			"__comment": "Box1",
			"from": [ 4.1032, 0.993, 1.5 ],
			"to": [ 4.8968, 6.993, 5.5 ],
			"rotation": { "origin": [ 4.5, 0.993, 3.5 ], "axis": "y", "angle": -45 },
			"faces": {
				"down": { "uv": [ 5.633635, 10.1948, 6.427235, 14.1948 ], "texture": "#metal" },
				"up": { "uv": [ 5.633635, 1.805204, 6.427235, 5.805204 ], "texture": "#metal" },
				"north": { "uv": [ 9.572765, 9.007, 10.36637, 15.007 ], "texture": "#metal" },
				"south": { "uv": [ 5.633635, 9.007, 6.427235, 15.007 ], "texture": "#metal" },
				"west": { "uv": [ 1.805204, 9.007, 5.805204, 15.007 ], "texture": "#metal" },
				"east": { "uv": [ 10.1948, 9.007, 14.1948, 15.007 ], "texture": "#metal" }
			}
		},
		{
			"__comment": "Box1",
			"from": [ 2.5, 7, 5.6032 ],
			"to": [ 6.5, 13, 6.3968 ],
			"rotation": { "origin": [ 4.5, 7, 6 ], "axis": "y", "angle": 22.5 },
			"faces": {
				"down": { "uv": [ 2.500391, 8.807631, 6.500391, 9.601231 ], "texture": "#metal" },
				"up": { "uv": [ 2.500391, 6.398769, 6.500391, 7.192369 ], "texture": "#metal" },
				"north": { "uv": [ 9.499609, 3, 13.49961, 9 ], "texture": "#metal" },
				"south": { "uv": [ 2.500391, 3, 6.500391, 9 ], "texture": "#metal" },
				"west": { "uv": [ 6.398769, 3, 7.192369, 9 ], "texture": "#metal" },
				"east": { "uv": [ 8.807631, 3, 9.601231, 9 ], "texture": "#metal" }
			}
		},
		{
			"__comment": "Box1",
			"from": [ 2.5, 6.999, 5.6032 ],
			"to": [ 6.5, 12.999, 6.3968 ],
			"faces": {
				"down": { "uv": [ 2.5, 9.6032, 6.5, 10.3968 ], "texture": "#metal" },
				"up": { "uv": [ 2.5, 5.6032, 6.5, 6.3968 ], "texture": "#metal" },
				"north": { "uv": [ 9.5, 3.000999, 13.5, 9.000999 ], "texture": "#metal" },
				"south": { "uv": [ 2.5, 3.000999, 6.5, 9.000999 ], "texture": "#metal" },
				"west": { "uv": [ 5.6032, 3.000999, 6.3968, 9.000999 ], "texture": "#metal" },
				"east": { "uv": [ 9.6032, 3.000999, 10.3968, 9.000999 ], "texture": "#metal" }
			}
		},
		{
			"__comment": "Box1",
			"from": [ 2.5, 6.998, 5.6032 ],
			"to": [ 6.5, 12.998, 6.3968 ],
			"rotation": { "origin": [ 4.5, 6.998, 6 ], "axis": "y", "angle": -22.5 },
			"faces": {
				"down": { "uv": [ 2.80409, 10.33836, 6.80409, 11.13196 ], "texture": "#metal" },
				"up": { "uv": [ 2.80409, 4.868037, 6.80409, 5.661637 ], "texture": "#metal" },
				"north": { "uv": [ 9.19591, 3.002, 13.19591, 9.002 ], "texture": "#metal" },
				"south": { "uv": [ 2.80409, 3.002, 6.80409, 9.002 ], "texture": "#metal" },
				"west": { "uv": [ 4.868037, 3.002, 5.661637, 9.002 ], "texture": "#metal" },
				"east": { "uv": [ 10.33836, 3.002, 11.13196, 9.002 ], "texture": "#metal" }
			}
		},
		{
			"__comment": "Box1",
			"from": [ 2.5, 6.997, 5.6032 ],
			"to": [ 6.5, 12.997, 6.3968 ],
			"rotation": { "origin": [ 4.5, 6.997, 6 ], "axis": "y", "angle": -45 },
			"faces": {
				"down": { "uv": [ 3.366367, 10.90119, 7.366367, 11.69479 ], "texture": "#metal" },
				"up": { "uv": [ 3.366367, 4.305206, 7.366367, 5.098806 ], "texture": "#metal" },
				"north": { "uv": [ 8.633633, 3.003, 12.63363, 9.003 ], "texture": "#metal" },
				"south": { "uv": [ 3.366367, 3.003, 7.366367, 9.003 ], "texture": "#metal" },
				"west": { "uv": [ 4.305206, 3.003, 5.098806, 9.003 ], "texture": "#metal" },
				"east": { "uv": [ 10.90119, 3.003, 11.69479, 9.003 ], "texture": "#metal" }
			}
		},
		{
			"__comment": "Box1",
			"from": [ 4.1032, 6.996, 4 ],
			"to": [ 4.8968, 12.996, 8 ],
			"rotation": { "origin": [ 4.5, 6.996, 6 ], "axis": "y", "angle": 22.5 },
			"faces": {
				"down": { "uv": [ 3.368038, 7.69591, 4.161638, 11.69591 ], "texture": "#metal" },
				"up": { "uv": [ 3.368038, 4.30409, 4.161638, 8.30409 ], "texture": "#metal" },
				"north": { "uv": [ 11.83836, 3.004, 12.63196, 9.004 ], "texture": "#metal" },
				"south": { "uv": [ 3.368038, 3.004, 4.161638, 9.004 ], "texture": "#metal" },
				"west": { "uv": [ 4.30409, 3.004, 8.30409, 9.004 ], "texture": "#metal" },
				"east": { "uv": [ 7.69591, 3.004, 11.69591, 9.004 ], "texture": "#metal" }
			}
		},
		{
			"__comment": "Box1",
			"from": [ 4.1032, 6.995, 4 ],
			"to": [ 4.8968, 12.995, 8 ],
			"faces": {
				"down": { "uv": [ 4.103199, 8, 4.896799, 12 ], "texture": "#metal" },
				"up": { "uv": [ 4.103199, 4, 4.896799, 8 ], "texture": "#metal" },
				"north": { "uv": [ 11.1032, 3.005, 11.8968, 9.005 ], "texture": "#metal" },
				"south": { "uv": [ 4.103199, 3.005, 4.896799, 9.005 ], "texture": "#metal" },
				"west": { "uv": [ 4, 3.005, 8, 9.005 ], "texture": "#metal" },
				"east": { "uv": [ 8, 3.005, 12, 9.005 ], "texture": "#metal" }
			}
		},
		{
			"__comment": "Box1",
			"from": [ 4.1032, 6.994, 4 ],
			"to": [ 4.8968, 12.994, 8 ],
			"rotation": { "origin": [ 4.5, 6.994, 6 ], "axis": "y", "angle": -22.5 },
			"faces": {
				"down": { "uv": [ 4.898771, 7.99961, 5.692371, 11.99961 ], "texture": "#metal" },
				"up": { "uv": [ 4.898771, 4.00039, 5.692371, 8.00039 ], "texture": "#metal" },
				"north": { "uv": [ 10.30763, 3.006001, 11.10123, 9.006001 ], "texture": "#metal" },
				"south": { "uv": [ 4.898771, 3.006001, 5.692371, 9.006001 ], "texture": "#metal" },
				"west": { "uv": [ 4.00039, 3.006001, 8.00039, 9.006001 ], "texture": "#metal" },
				"east": { "uv": [ 7.99961, 3.006001, 11.99961, 9.006001 ], "texture": "#metal" }
			}
		},
		{
			"__comment": "Box1",
			"from": [ 4.1032, 6.993, 4 ],
			"to": [ 4.8968, 12.993, 8 ],
			"rotation": { "origin": [ 4.5, 6.993, 6 ], "axis": "y", "angle": -45 },
			"faces": {
				"down": { "uv": [ 5.633635, 7.694796, 6.427235, 11.6948 ], "texture": "#metal" },
				"up": { "uv": [ 5.633635, 4.305204, 6.427235, 8.305204 ], "texture": "#metal" },
				"north": { "uv": [ 9.572765, 3.007, 10.36637, 9.007 ], "texture": "#metal" },
				"south": { "uv": [ 5.633635, 3.007, 6.427235, 9.007 ], "texture": "#metal" },
				"west": { "uv": [ 4.305204, 3.007, 8.305204, 9.007 ], "texture": "#metal" },
				"east": { "uv": [ 7.694796, 3.007, 11.6948, 9.007 ], "texture": "#metal" }
			}
		},
		{
			"__comment": "Box1",
			"from": [ 4.1032, 0.993, 10.5 ],
			"to": [ 4.8968, 6.993, 14.5 ],
			"rotation": { "origin": [ 4.5, 0.993, 12.5 ], "axis": "y", "angle": -45 },
			"faces": {
				"down": { "uv": [ 5.633635, 1.194796, 6.427235, 5.194796 ], "texture": "#metal" },
				"up": { "uv": [ 5.633635, 10.8052, 6.427235, 14.8052 ], "texture": "#metal" },
				"north": { "uv": [ 9.572765, 9.007, 10.36637, 15.007 ], "texture": "#metal" },
				"south": { "uv": [ 5.633635, 9.007, 6.427235, 15.007 ], "texture": "#metal" },
				"west": { "uv": [ 10.8052, 9.007, 14.8052, 15.007 ], "texture": "#metal" },
				"east": { "uv": [ 1.194796, 9.007, 5.194796, 15.007 ], "texture": "#metal" }
			}
		},
		{
			"__comment": "Box1",
			"from": [ 4.1032, 0.994, 10.5 ],
			"to": [ 4.8968, 6.994, 14.5 ],
			"rotation": { "origin": [ 4.5, 0.994, 12.5 ], "axis": "y", "angle": -22.5 },
			"faces": {
				"down": { "uv": [ 4.898771, 1.49961, 5.692371, 5.49961 ], "texture": "#metal" },
				"up": { "uv": [ 4.898771, 10.50039, 5.692371, 14.50039 ], "texture": "#metal" },
				"north": { "uv": [ 10.30763, 9.006001, 11.10123, 15.006 ], "texture": "#metal" },
				"south": { "uv": [ 4.898771, 9.006001, 5.692371, 15.006 ], "texture": "#metal" },
				"west": { "uv": [ 10.50039, 9.006001, 14.50039, 15.006 ], "texture": "#metal" },
				"east": { "uv": [ 1.49961, 9.006001, 5.49961, 15.006 ], "texture": "#metal" }
			}
		},
		{
			"__comment": "Box1",
			"from": [ 4.1032, 0.9949999, 10.5 ],
			"to": [ 4.8968, 6.995, 14.5 ],
			"faces": {
				"down": { "uv": [ 4.103199, 1.5, 4.896799, 5.5 ], "texture": "#metal" },
				"up": { "uv": [ 4.103199, 10.5, 4.896799, 14.5 ], "texture": "#metal" },
				"north": { "uv": [ 11.1032, 9.005, 11.8968, 15.005 ], "texture": "#metal" },
				"south": { "uv": [ 4.103199, 9.005, 4.896799, 15.005 ], "texture": "#metal" },
				"west": { "uv": [ 10.5, 9.005, 14.5, 15.005 ], "texture": "#metal" },
				"east": { "uv": [ 1.5, 9.005, 5.5, 15.005 ], "texture": "#metal" }
			}
		},
		{
			"__comment": "Box1",
			"from": [ 4.1032, 0.996, 10.5 ],
			"to": [ 4.8968, 6.996, 14.5 ],
			"rotation": { "origin": [ 4.5, 0.9960001, 12.5 ], "axis": "y", "angle": 22.5 },
			"faces": {
				"down": { "uv": [ 3.368038, 1.19591, 4.161638, 5.19591 ], "texture": "#metal" },
				"up": { "uv": [ 3.368038, 10.80409, 4.161638, 14.80409 ], "texture": "#metal" },
				"north": { "uv": [ 11.83836, 9.004, 12.63196, 15.004 ], "texture": "#metal" },
				"south": { "uv": [ 3.368038, 9.004, 4.161638, 15.004 ], "texture": "#metal" },
				"west": { "uv": [ 10.80409, 9.004, 14.80409, 15.004 ], "texture": "#metal" },
				"east": { "uv": [ 1.19591, 9.004, 5.19591, 15.004 ], "texture": "#metal" }
			}
		},
		{
			"__comment": "Box1",
			"from": [ 2.5, 0.997, 12.1032 ],
			"to": [ 6.5, 6.997, 12.8968 ],
			"rotation": { "origin": [ 4.5, 0.997, 12.5 ], "axis": "y", "angle": -45 },
			"faces": {
				"down": { "uv": [ 3.366367, 4.401194, 7.366367, 5.194794 ], "texture": "#metal" },
				"up": { "uv": [ 3.366367, 10.80521, 7.366367, 11.59881 ], "texture": "#metal" },
				"north": { "uv": [ 8.633633, 9.003, 12.63363, 15.003 ], "texture": "#metal" },
				"south": { "uv": [ 3.366367, 9.003, 7.366367, 15.003 ], "texture": "#metal" },
				"west": { "uv": [ 10.80521, 9.003, 11.59881, 15.003 ], "texture": "#metal" },
				"east": { "uv": [ 4.401194, 9.003, 5.194794, 15.003 ], "texture": "#metal" }
			}
		},
		{
			"__comment": "Box1",
			"from": [ 2.5, 0.998, 12.1032 ],
			"to": [ 6.5, 6.998, 12.8968 ],
			"rotation": { "origin": [ 4.5, 0.998, 12.5 ], "axis": "y", "angle": -22.5 },
			"faces": {
				"down": { "uv": [ 2.80409, 3.838363, 6.80409, 4.631963 ], "texture": "#metal" },
				"up": { "uv": [ 2.80409, 11.36804, 6.80409, 12.16164 ], "texture": "#metal" },
				"north": { "uv": [ 9.19591, 9.002, 13.19591, 15.002 ], "texture": "#metal" },
				"south": { "uv": [ 2.80409, 9.002, 6.80409, 15.002 ], "texture": "#metal" },
				"west": { "uv": [ 11.36804, 9.002, 12.16164, 15.002 ], "texture": "#metal" },
				"east": { "uv": [ 3.838363, 9.002, 4.631963, 15.002 ], "texture": "#metal" }
			}
		},
		{
			"__comment": "Box1",
			"from": [ 2.5, 0.999, 12.1032 ],
			"to": [ 6.5, 6.999, 12.8968 ],
			"faces": {
				"down": { "uv": [ 2.5, 3.1032, 6.5, 3.8968 ], "texture": "#metal" },
				"up": { "uv": [ 2.5, 12.1032, 6.5, 12.8968 ], "texture": "#metal" },
				"north": { "uv": [ 9.5, 9.000999, 13.5, 15.001 ], "texture": "#metal" },
				"south": { "uv": [ 2.5, 9.000999, 6.5, 15.001 ], "texture": "#metal" },
				"west": { "uv": [ 12.1032, 9.000999, 12.8968, 15.001 ], "texture": "#metal" },
				"east": { "uv": [ 3.1032, 9.000999, 3.8968, 15.001 ], "texture": "#metal" }
			}
		},
		{
			"__comment": "Box1",
			"from": [ 2.5, 1, 12.1032 ],
			"to": [ 6.5, 7, 12.8968 ],
			"rotation": { "origin": [ 4.5, 1, 12.5 ], "axis": "y", "angle": 22.5 },
			"faces": {
				"down": { "uv": [ 2.500391, 2.307631, 6.500391, 3.101231 ], "texture": "#metal" },
				"up": { "uv": [ 2.500391, 12.89877, 6.500391, 13.69237 ], "texture": "#metal" },
				"north": { "uv": [ 9.499609, 9, 13.49961, 15 ], "texture": "#metal" },
				"south": { "uv": [ 2.500391, 9, 6.500391, 15 ], "texture": "#metal" },
				"west": { "uv": [ 12.89877, 9, 13.69237, 15 ], "texture": "#metal" },
				"east": { "uv": [ 2.307631, 9, 3.101231, 15 ], "texture": "#metal" }
			}
		},
		{
			"__comment": "Box1",
			"from": [ 4.1032, 7, 8.5 ],
			"to": [ 4.8968, 13, 12.5 ],
			"rotation": { "origin": [ 4.5, 7, 10.5 ], "axis": "y", "angle": -45 },
			"faces": {
				"down": { "uv": [ 5.633635, 3.194796, 6.427235, 7.194796 ], "texture": "#metal" },
				"up": { "uv": [ 5.633635, 8.805204, 6.427235, 12.8052 ], "texture": "#metal" },
				"north": { "uv": [ 9.572765, 3, 10.36637, 9 ], "texture": "#metal" },
				"south": { "uv": [ 5.633635, 3, 6.427235, 9 ], "texture": "#metal" },
				"west": { "uv": [ 8.805204, 3, 12.8052, 9 ], "texture": "#metal" },
				"east": { "uv": [ 3.194796, 3, 7.194796, 9 ], "texture": "#metal" }
			}
		},
		{
			"__comment": "Box1",
			"from": [ 4.1032, 7.001, 8.5 ],
			"to": [ 4.8968, 13.001, 12.5 ],
			"rotation": { "origin": [ 4.5, 7.001, 10.5 ], "axis": "y", "angle": -22.5 },
			"faces": {
				"down": { "uv": [ 4.898771, 3.49961, 5.692371, 7.49961 ], "texture": "#metal" },
				"up": { "uv": [ 4.898771, 8.50039, 5.692371, 12.50039 ], "texture": "#metal" },
				"north": { "uv": [ 10.30763, 2.999001, 11.10123, 8.999001 ], "texture": "#metal" },
				"south": { "uv": [ 4.898771, 2.999001, 5.692371, 8.999001 ], "texture": "#metal" },
				"west": { "uv": [ 8.50039, 2.999001, 12.50039, 8.999001 ], "texture": "#metal" },
				"east": { "uv": [ 3.49961, 2.999001, 7.49961, 8.999001 ], "texture": "#metal" }
			}
		},
		{
			"__comment": "Box1",
			"from": [ 4.1032, 7.002, 8.5 ],
			"to": [ 4.8968, 13.002, 12.5 ],
			"faces": {
				"down": { "uv": [ 4.103199, 3.5, 4.896799, 7.5 ], "texture": "#metal" },
				"up": { "uv": [ 4.103199, 8.5, 4.896799, 12.5 ], "texture": "#metal" },
				"north": { "uv": [ 11.1032, 2.998, 11.8968, 8.998 ], "texture": "#metal" },
				"south": { "uv": [ 4.103199, 2.998, 4.896799, 8.998 ], "texture": "#metal" },
				"west": { "uv": [ 8.5, 2.998, 12.5, 8.998 ], "texture": "#metal" },
				"east": { "uv": [ 3.5, 2.998, 7.5, 8.998 ], "texture": "#metal" }
			}
		},
		{
			"__comment": "Box1",
			"from": [ 4.1032, 7.003, 8.5 ],
			"to": [ 4.8968, 13.003, 12.5 ],
			"rotation": { "origin": [ 4.5, 7.003, 10.5 ], "axis": "y", "angle": 22.5 },
			"faces": {
				"down": { "uv": [ 3.368038, 3.19591, 4.161638, 7.19591 ], "texture": "#metal" },
				"up": { "uv": [ 3.368038, 8.80409, 4.161638, 12.80409 ], "texture": "#metal" },
				"north": { "uv": [ 11.83836, 2.997, 12.63196, 8.997 ], "texture": "#metal" },
				"south": { "uv": [ 3.368038, 2.997, 4.161638, 8.997 ], "texture": "#metal" },
				"west": { "uv": [ 8.80409, 2.997, 12.80409, 8.997 ], "texture": "#metal" },
				"east": { "uv": [ 3.19591, 2.997, 7.19591, 8.997 ], "texture": "#metal" }
			}
		},
		{
			"__comment": "Box1",
			"from": [ 2.5, 7.004, 10.1032 ],
			"to": [ 6.5, 13.004, 10.8968 ],
			"rotation": { "origin": [ 4.5, 7.004, 10.5 ], "axis": "y", "angle": -45 },
			"faces": {
				"down": { "uv": [ 3.366367, 6.401194, 7.366367, 7.194794 ], "texture": "#metal" },
				"up": { "uv": [ 3.366367, 8.805206, 7.366367, 9.598806 ], "texture": "#metal" },
				"north": { "uv": [ 8.633633, 2.996, 12.63363, 8.996 ], "texture": "#metal" },
				"south": { "uv": [ 3.366367, 2.996, 7.366367, 8.996 ], "texture": "#metal" },
				"west": { "uv": [ 8.805206, 2.996, 9.598806, 8.996 ], "texture": "#metal" },
				"east": { "uv": [ 6.401194, 2.996, 7.194794, 8.996 ], "texture": "#metal" }
			}
		},
		{
			"__comment": "Box1",
			"from": [ 2.5, 7.005, 10.1032 ],
			"to": [ 6.5, 13.005, 10.8968 ],
			"rotation": { "origin": [ 4.5, 7.005, 10.5 ], "axis": "y", "angle": -22.5 },
			"faces": {
				"down": { "uv": [ 2.80409, 5.838363, 6.80409, 6.631963 ], "texture": "#metal" },
				"up": { "uv": [ 2.80409, 9.368037, 6.80409, 10.16164 ], "texture": "#metal" },
				"north": { "uv": [ 9.19591, 2.995, 13.19591, 8.995 ], "texture": "#metal" },
				"south": { "uv": [ 2.80409, 2.995, 6.80409, 8.995 ], "texture": "#metal" },
				"west": { "uv": [ 9.368037, 2.995, 10.16164, 8.995 ], "texture": "#metal" },
				"east": { "uv": [ 5.838363, 2.995, 6.631963, 8.995 ], "texture": "#metal" }
			}
		},
		{
			"__comment": "Box1",
			"from": [ 2.5, 7.006, 10.1032 ],
			"to": [ 6.5, 13.006, 10.8968 ],
			"faces": {
				"down": { "uv": [ 2.5, 5.1032, 6.5, 5.8968 ], "texture": "#metal" },
				"up": { "uv": [ 2.5, 10.1032, 6.5, 10.8968 ], "texture": "#metal" },
				"north": { "uv": [ 9.5, 2.993999, 13.5, 8.993999 ], "texture": "#metal" },
				"south": { "uv": [ 2.5, 2.993999, 6.5, 8.993999 ], "texture": "#metal" },
				"west": { "uv": [ 10.1032, 2.993999, 10.8968, 8.993999 ], "texture": "#metal" },
				"east": { "uv": [ 5.1032, 2.993999, 5.8968, 8.993999 ], "texture": "#metal" }
			}
		},
		{
			"__comment": "Box1",
			"from": [ 2.5, 7.007, 10.1032 ],
			"to": [ 6.5, 13.007, 10.8968 ],
			"rotation": { "origin": [ 4.5, 7.007, 10.5 ], "axis": "y", "angle": 22.5 },
			"faces": {
				"down": { "uv": [ 2.500391, 4.307631, 6.500391, 5.101231 ], "texture": "#metal" },
				"up": { "uv": [ 2.500391, 10.89877, 6.500391, 11.69237 ], "texture": "#metal" },
				"north": { "uv": [ 9.499609, 2.993, 13.49961, 8.993 ], "texture": "#metal" },
				"south": { "uv": [ 2.500391, 2.993, 6.500391, 8.993 ], "texture": "#metal" },
				"west": { "uv": [ 10.89877, 2.993, 11.69237, 8.993 ], "texture": "#metal" },
				"east": { "uv": [ 4.307631, 2.993, 5.101231, 8.993 ], "texture": "#metal" }
			}
		},
		{
			"__comment": "Box1",
			"from": [ 2.5, 7.007, 10.1032 ],
			"to": [ 6.5, 13.007, 10.8968 ],
			"rotation": { "origin": [ 4.5, 7.007, 10.5 ], "axis": "y", "angle": 22.5 },
			"faces": {
				"down": { "uv": [ 2.500391, 4.307631, 6.500391, 5.101231 ], "texture": "#metal" },
				"up": { "uv": [ 2.500391, 10.89877, 6.500391, 11.69237 ], "texture": "#metal" },
				"north": { "uv": [ 9.499609, 2.993, 13.49961, 8.993 ], "texture": "#metal" },
				"south": { "uv": [ 2.500391, 2.993, 6.500391, 8.993 ], "texture": "#metal" },
				"west": { "uv": [ 10.89877, 2.993, 11.69237, 8.993 ], "texture": "#metal" },
				"east": { "uv": [ 4.307631, 2.993, 5.101231, 8.993 ], "texture": "#metal" }
			}
		},
		{
			"__comment": "Box1",
			"from": [ 2.5, 7.006, 10.1032 ],
			"to": [ 6.5, 13.006, 10.8968 ],
			"faces": {
				"down": { "uv": [ 2.5, 5.1032, 6.5, 5.8968 ], "texture": "#metal" },
				"up": { "uv": [ 2.5, 10.1032, 6.5, 10.8968 ], "texture": "#metal" },
				"north": { "uv": [ 9.5, 2.993999, 13.5, 8.993999 ], "texture": "#metal" },
				"south": { "uv": [ 2.5, 2.993999, 6.5, 8.993999 ], "texture": "#metal" },
				"west": { "uv": [ 10.1032, 2.993999, 10.8968, 8.993999 ], "texture": "#metal" },
				"east": { "uv": [ 5.1032, 2.993999, 5.8968, 8.993999 ], "texture": "#metal" }
			}
		},
		{
			"__comment": "Box1",
			"from": [ 2.5, 7.005, 10.1032 ],
			"to": [ 6.5, 13.005, 10.8968 ],
			"rotation": { "origin": [ 4.5, 7.005, 10.5 ], "axis": "y", "angle": -22.5 },
			"faces": {
				"down": { "uv": [ 2.80409, 5.838363, 6.80409, 6.631963 ], "texture": "#metal" },
				"up": { "uv": [ 2.80409, 9.368037, 6.80409, 10.16164 ], "texture": "#metal" },
				"north": { "uv": [ 9.19591, 2.995, 13.19591, 8.995 ], "texture": "#metal" },
				"south": { "uv": [ 2.80409, 2.995, 6.80409, 8.995 ], "texture": "#metal" },
				"west": { "uv": [ 9.368037, 2.995, 10.16164, 8.995 ], "texture": "#metal" },
				"east": { "uv": [ 5.838363, 2.995, 6.631963, 8.995 ], "texture": "#metal" }
			}
		},
		{
			"__comment": "Box1",
			"from": [ 2.5, 7.004, 10.1032 ],
			"to": [ 6.5, 13.004, 10.8968 ],
			"rotation": { "origin": [ 4.5, 7.004, 10.5 ], "axis": "y", "angle": -45 },
			"faces": {
				"down": { "uv": [ 3.366367, 6.401194, 7.366367, 7.194794 ], "texture": "#metal" },
				"up": { "uv": [ 3.366367, 8.805206, 7.366367, 9.598806 ], "texture": "#metal" },
				"north": { "uv": [ 8.633633, 2.996, 12.63363, 8.996 ], "texture": "#metal" },
				"south": { "uv": [ 3.366367, 2.996, 7.366367, 8.996 ], "texture": "#metal" },
				"west": { "uv": [ 8.805206, 2.996, 9.598806, 8.996 ], "texture": "#metal" },
				"east": { "uv": [ 6.401194, 2.996, 7.194794, 8.996 ], "texture": "#metal" }
			}
		},
		{
			"__comment": "Box1",
			"from": [ 4.1032, 7.003, 8.5 ],
			"to": [ 4.8968, 13.003, 12.5 ],
			"rotation": { "origin": [ 4.5, 7.003, 10.5 ], "axis": "y", "angle": 22.5 },
			"faces": {
				"down": { "uv": [ 3.368038, 3.19591, 4.161638, 7.19591 ], "texture": "#metal" },
				"up": { "uv": [ 3.368038, 8.80409, 4.161638, 12.80409 ], "texture": "#metal" },
				"north": { "uv": [ 11.83836, 2.997, 12.63196, 8.997 ], "texture": "#metal" },
				"south": { "uv": [ 3.368038, 2.997, 4.161638, 8.997 ], "texture": "#metal" },
				"west": { "uv": [ 8.80409, 2.997, 12.80409, 8.997 ], "texture": "#metal" },
				"east": { "uv": [ 3.19591, 2.997, 7.19591, 8.997 ], "texture": "#metal" }
			}
		},
		{
			"__comment": "Box1",
			"from": [ 4.1032, 7.002, 8.5 ],
			"to": [ 4.8968, 13.002, 12.5 ],
			"faces": {
				"down": { "uv": [ 4.103199, 3.5, 4.896799, 7.5 ], "texture": "#metal" },
				"up": { "uv": [ 4.103199, 8.5, 4.896799, 12.5 ], "texture": "#metal" },
				"north": { "uv": [ 11.1032, 2.998, 11.8968, 8.998 ], "texture": "#metal" },
				"south": { "uv": [ 4.103199, 2.998, 4.896799, 8.998 ], "texture": "#metal" },
				"west": { "uv": [ 8.5, 2.998, 12.5, 8.998 ], "texture": "#metal" },
				"east": { "uv": [ 3.5, 2.998, 7.5, 8.998 ], "texture": "#metal" }
			}
		},
		{
			"__comment": "Box1",
			"from": [ 4.1032, 7.001, 8.5 ],
			"to": [ 4.8968, 13.001, 12.5 ],
			"rotation": { "origin": [ 4.5, 7.001, 10.5 ], "axis": "y", "angle": -22.5 },
			"faces": {
				"down": { "uv": [ 4.898771, 3.49961, 5.692371, 7.49961 ], "texture": "#metal" },
				"up": { "uv": [ 4.898771, 8.50039, 5.692371, 12.50039 ], "texture": "#metal" },
				"north": { "uv": [ 10.30763, 2.999001, 11.10123, 8.999001 ], "texture": "#metal" },
				"south": { "uv": [ 4.898771, 2.999001, 5.692371, 8.999001 ], "texture": "#metal" },
				"west": { "uv": [ 8.50039, 2.999001, 12.50039, 8.999001 ], "texture": "#metal" },
				"east": { "uv": [ 3.49961, 2.999001, 7.49961, 8.999001 ], "texture": "#metal" }
			}
		},
		{
			"__comment": "Box1",
			"from": [ 4.1032, 7, 8.5 ],
			"to": [ 4.8968, 13, 12.5 ],
			"rotation": { "origin": [ 4.5, 7, 10.5 ], "axis": "y", "angle": -45 },
			"faces": {
				"down": { "uv": [ 5.633635, 3.194796, 6.427235, 7.194796 ], "texture": "#metal" },
				"up": { "uv": [ 5.633635, 8.805204, 6.427235, 12.8052 ], "texture": "#metal" },
				"north": { "uv": [ 9.572765, 3, 10.36637, 9 ], "texture": "#metal" },
				"south": { "uv": [ 5.633635, 3, 6.427235, 9 ], "texture": "#metal" },
				"west": { "uv": [ 8.805204, 3, 12.8052, 9 ], "texture": "#metal" },
				"east": { "uv": [ 3.194796, 3, 7.194796, 9 ], "texture": "#metal" }
			}
		}
	]
}