{
	"__comment": "Designed by Ersatz with Cubik Studio - https://cubik.studio",
	"textures": {
		"particle": "blocks/planks_spruce",
		"wood": "blocks/planks_spruce",
		"white": "decoration/kitchen_shelves/white",
		"gray": "decoration/kitchen_shelves/gray"
	},
	"elements": [ 	 
		{
			"__comment": "Box1",
			"from": [ 0, 15, 0 ],
			"to": [ 16, 16, 16 ],
			"faces": {
				"down": { "uv": [ 0, 0, 16, 16 ], "texture": "#wood" },
				"up": { "uv": [ 0, 0, 16, 16 ], "texture": "#wood" },
				"north": { "uv": [ 0, 0, 16, 1 ], "texture": "#wood" },
				"south": { "uv": [ 0, 0, 16, 1 ], "texture": "#wood" },
				"west": { "uv": [ 0, 0, 16, 1 ], "texture": "#wood" },
				"east": { "uv": [ 0, 0, 16, 1 ], "texture": "#wood" }
			}
		},
		{
			"__comment": "Box1",
			"from": [ 0.5, 1, 13.5 ],
			"to": [ 9, 10.5, 15 ],
			"faces": {
				"down": { "uv": [ 0.5, 1, 9, 2.5 ], "texture": "#gray" },
				"up": { "uv": [ 0.5, 13.5, 9, 15 ], "texture": "#gray" },
				"north": { "uv": [ 7, 5.5, 15.5, 15 ], "texture": "#gray" },
				"south": { "uv": [ 0.5, 5.5, 9, 15 ], "texture": "#gray" },
				"west": { "uv": [ 13.5, 5.5, 15, 15 ], "texture": "#gray" },
				"east": { "uv": [ 1, 5.5, 2.5, 15 ], "texture": "#gray" }
			}
		},
		{
			"__comment": "Box1",
			"from": [ 0, 1, 15 ],
			"to": [ 16, 15, 16 ],
			"faces": {
				"down": { "uv": [ 0, 0, 16, 1 ], "texture": "#wood" },
				"up": { "uv": [ 0, 15, 16, 16 ], "texture": "#wood" },
				"north": { "uv": [ 0, 1, 16, 15 ], "texture": "#wood" },
				"south": { "uv": [ 0, 1, 16, 15 ], "texture": "#wood" },
				"west": { "uv": [ 15, 1, 16, 15 ], "texture": "#wood" },
				"east": { "uv": [ 0, 1, 1, 15 ], "texture": "#wood" }
			}
		},
		{
			"__comment": "Box1",
			"from": [ 0, 0, 0 ],
			"to": [ 16, 1, 16 ],
			"faces": {
				"down": { "uv": [ 0, 0, 16, 16 ], "texture": "#wood" },
				"up": { "uv": [ 0, 0, 16, 16 ], "texture": "#wood" },
				"north": { "uv": [ 0, 15, 16, 16 ], "texture": "#wood" },
				"south": { "uv": [ 0, 15, 16, 16 ], "texture": "#wood" },
				"west": { "uv": [ 0, 15, 16, 16 ], "texture": "#wood" },
				"east": { "uv": [ 0, 15, 16, 16 ], "texture": "#wood" }
			}
		},
		{
			"__comment": "Box1",
			"from": [ 0, 1, 0 ],
			"to": [ 16, 15, 1 ],
			"faces": {
				"down": { "uv": [ 0, 15, 16, 16 ], "texture": "#wood" },
				"up": { "uv": [ 0, 0, 16, 1 ], "texture": "#wood" },
				"north": { "uv": [ 0, 1, 16, 15 ], "texture": "#wood" },
				"south": { "uv": [ 0, 1, 16, 15 ], "texture": "#wood" },
				"west": { "uv": [ 0, 1, 1, 15 ], "texture": "#wood" },
				"east": { "uv": [ 15, 1, 16, 15 ], "texture": "#wood" }
			}
		},
		{
			"__comment": "Box1",
			"from": [ 9, 1, 1 ],
			"to": [ 16, 15, 15 ],
			"faces": {
				"down": { "uv": [ 9, 1, 16, 15 ], "texture": "#wood" },
				"up": { "uv": [ 9, 1, 16, 15 ], "texture": "#wood" },
				"north": { "uv": [ 0, 1, 7, 15 ], "texture": "#wood" },
				"south": { "uv": [ 9, 1, 16, 15 ], "texture": "#wood" },
				"west": { "uv": [ 1, 1, 15, 15 ], "texture": "#wood" },
				"east": { "uv": [ 1, 1, 15, 15 ], "texture": "#wood" }
			}
		},
		{
			"__comment": "Box1",
			"from": [ 2.5, 1, 4.5 ],
			"to": [ 9, 12, 6 ],
			"faces": {
				"down": { "uv": [ 2.5, 10, 9, 11.5 ], "texture": "#white" },
				"up": { "uv": [ 2.5, 4.5, 9, 6 ], "texture": "#white" },
				"north": { "uv": [ 7, 4, 13.5, 15 ], "texture": "#white" },
				"south": { "uv": [ 2.5, 4, 9, 15 ], "texture": "#white" },
				"west": { "uv": [ 4.5, 4, 6, 15 ], "texture": "#white" },
				"east": { "uv": [ 10, 4, 11.5, 15 ], "texture": "#white" }
			}
		},
		{
			"__comment": "Box1",
			"from": [ 1.5, 1, 6 ],
			"to": [ 9, 11.5, 7.5 ],
			"faces": {
				"down": { "uv": [ 1.5, 8.5, 9, 10 ], "texture": "#white" },
				"up": { "uv": [ 1.5, 6, 9, 7.5 ], "texture": "#white" },
				"north": { "uv": [ 7, 4.5, 14.5, 15 ], "texture": "#white" },
				"south": { "uv": [ 1.5, 4.5, 9, 15 ], "texture": "#white" },
				"west": { "uv": [ 6, 4.5, 7.5, 15 ], "texture": "#white" },
				"east": { "uv": [ 8.5, 4.5, 10, 15 ], "texture": "#white" }
			}
		},
		{
			"__comment": "Box1",
			"from": [ 1.5, 1, 1 ],
			"to": [ 9, 11.5, 3 ],
			"faces": {
				"down": { "uv": [ 1.5, 13, 9, 15 ], "texture": "#white" },
				"up": { "uv": [ 1.5, 1, 9, 3 ], "texture": "#white" },
				"north": { "uv": [ 7, 4.5, 14.5, 15 ], "texture": "#white" },
				"south": { "uv": [ 1.5, 4.5, 9, 15 ], "texture": "#white" },
				"west": { "uv": [ 1, 4.5, 3, 15 ], "texture": "#white" },
				"east": { "uv": [ 13, 4.5, 15, 15 ], "texture": "#white" }
			}
		},
		{
			"__comment": "Box1",
			"from": [ 2, 1, 9 ],
			"to": [ 9, 11, 10.5 ],
			"faces": {
				"down": { "uv": [ 2, 5.5, 9, 7 ], "texture": "#white" },
				"up": { "uv": [ 2, 9, 9, 10.5 ], "texture": "#white" },
				"north": { "uv": [ 7, 5, 14, 15 ], "texture": "#white" },
				"south": { "uv": [ 2, 5, 9, 15 ], "texture": "#white" },
				"west": { "uv": [ 9, 5, 10.5, 15 ], "texture": "#white" },
				"east": { "uv": [ 5.5, 5, 7, 15 ], "texture": "#white" }
			}
		},
		{
			"__comment": "Box1",
			"from": [ 1, 1, 3 ],
			"to": [ 9, 10, 4.5 ],
			"faces": {
				"down": { "uv": [ 1, 11.5, 9, 13 ], "texture": "#gray" },
				"up": { "uv": [ 1, 3, 9, 4.5 ], "texture": "#gray" },
				"north": { "uv": [ 7, 6, 15, 15 ], "texture": "#gray" },
				"south": { "uv": [ 1, 6, 9, 15 ], "texture": "#gray" },
				"west": { "uv": [ 3, 6, 4.5, 15 ], "texture": "#gray" },
				"east": { "uv": [ 11.5, 6, 13, 15 ], "texture": "#gray" }
			}
		},
		{
			"__comment": "Box1",
			"from": [ 1.5, 1, 12 ],
			"to": [ 9, 11.5, 13.5 ],
			"faces": {
				"down": { "uv": [ 1.5, 2.5, 9, 4 ], "texture": "#gray" },
				"up": { "uv": [ 1.5, 12, 9, 13.5 ], "texture": "#gray" },
				"north": { "uv": [ 7, 4.5, 14.5, 15 ], "texture": "#gray" },
				"south": { "uv": [ 1.5, 4.5, 9, 15 ], "texture": "#gray" },
				"west": { "uv": [ 12, 4.5, 13.5, 15 ], "texture": "#gray" },
				"east": { "uv": [ 2.5, 4.5, 4, 15 ], "texture": "#gray" }
			}
		},
		{
			"__comment": "Box1",
			"from": [ 2, 1, 7.5 ],
			"to": [ 9, 10.5, 9 ],
			"faces": {
				"down": { "uv": [ 2, 7, 9, 8.5 ], "texture": "#gray" },
				"up": { "uv": [ 2, 7.5, 9, 9 ], "texture": "#gray" },
				"north": { "uv": [ 7, 5.5, 14, 15 ], "texture": "#gray" },
				"south": { "uv": [ 2, 5.5, 9, 15 ], "texture": "#gray" },
				"west": { "uv": [ 7.5, 5.5, 9, 15 ], "texture": "#gray" },
				"east": { "uv": [ 7, 5.5, 8.5, 15 ], "texture": "#gray" }
			}
		},
		{
			"__comment": "Box1",
			"from": [ 1, 1, 10.5 ],
			"to": [ 9, 10, 12 ],
			"faces": {
				"down": { "uv": [ 1, 4, 9, 5.5 ], "texture": "#white" },
				"up": { "uv": [ 1, 10.5, 9, 12 ], "texture": "#white" },
				"north": { "uv": [ 7, 6, 15, 15 ], "texture": "#white" },
				"south": { "uv": [ 1, 6, 9, 15 ], "texture": "#white" },
				"west": { "uv": [ 10.5, 6, 12, 15 ], "texture": "#white" },
				"east": { "uv": [ 4, 6, 5.5, 15 ], "texture": "#white" }
			}
		}
	]
}