{
	"__comment": "Designed by Ersatz with Cubik Studio - https://cubik.studio",
	"textures": {
		"particle": "blocks/planks_spruce",
		"wood": "blocks/planks_spruce",
		"white": "decoration/kitchen_shelves/white",
		"metal": "decoration/kitchen_shelves/metal"
	},
	"elements": [ 	 
		{
			"__comment": "Box1",
			"from": [ 0, 15, 0 ],
			"to": [ 16, 16, 16 ],
			"faces": {
				"down": { "uv": [ 0, 0, 16, 16 ], "texture": "#wood" },
				"up": { "uv": [ 0, 0, 16, 16 ], "texture": "#wood" },
				"north": { "uv": [ 0, 0, 16, 1 ], "texture": "#wood" },
				"south": { "uv": [ 0, 0, 16, 1 ], "texture": "#wood" },
				"west": { "uv": [ 0, 0, 16, 1 ], "texture": "#wood" },
				"east": { "uv": [ 0, 0, 16, 1 ], "texture": "#wood" }
			}
		},
		{
			"__comment": "Box1",
			"from": [ 0, 1, 15 ],
			"to": [ 16, 15, 16 ],
			"faces": {
				"down": { "uv": [ 0, 0, 16, 1 ], "texture": "#wood" },
				"up": { "uv": [ 0, 15, 16, 16 ], "texture": "#wood" },
				"north": { "uv": [ 0, 1, 16, 15 ], "texture": "#wood" },
				"south": { "uv": [ 0, 1, 16, 15 ], "texture": "#wood" },
				"west": { "uv": [ 15, 1, 16, 15 ], "texture": "#wood" },
				"east": { "uv": [ 0, 1, 1, 15 ], "texture": "#wood" }
			}
		},
		{
			"__comment": "Box1",
			"from": [ 0, 1, 0 ],
			"to": [ 16, 15, 1 ],
			"faces": {
				"down": { "uv": [ 0, 15, 16, 16 ], "texture": "#wood" },
				"up": { "uv": [ 0, 0, 16, 1 ], "texture": "#wood" },
				"north": { "uv": [ 0, 1, 16, 15 ], "texture": "#wood" },
				"south": { "uv": [ 0, 1, 16, 15 ], "texture": "#wood" },
				"west": { "uv": [ 0, 1, 1, 15 ], "texture": "#wood" },
				"east": { "uv": [ 15, 1, 16, 15 ], "texture": "#wood" }
			}
		},
		{
			"__comment": "Box1",
			"from": [ 9, 1, 1 ],
			"to": [ 16, 15, 15 ],
			"faces": {
				"down": { "uv": [ 9, 1, 16, 15 ], "texture": "#wood" },
				"up": { "uv": [ 9, 1, 16, 15 ], "texture": "#wood" },
				"north": { "uv": [ 0, 1, 7, 15 ], "texture": "#wood" },
				"south": { "uv": [ 9, 1, 16, 15 ], "texture": "#wood" },
				"west": { "uv": [ 1, 1, 15, 15 ], "texture": "#wood" },
				"east": { "uv": [ 1, 1, 15, 15 ], "texture": "#wood" }
			}
		},
		{
			"__comment": "Box1",
			"from": [ 0, 0, 0 ],
			"to": [ 16, 1, 16 ],
			"faces": {
				"down": { "uv": [ 0, 0, 16, 16 ], "texture": "#wood" },
				"up": { "uv": [ 0, 0, 16, 16 ], "texture": "#wood" },
				"north": { "uv": [ 0, 15, 16, 16 ], "texture": "#wood" },
				"south": { "uv": [ 0, 15, 16, 16 ], "texture": "#wood" },
				"west": { "uv": [ 0, 15, 16, 16 ], "texture": "#wood" },
				"east": { "uv": [ 0, 15, 16, 16 ], "texture": "#wood" }
			}
		},
		{
			"__comment": "Box1",
			"from": [ 5, 1, 7.6032 ],
			"to": [ 9, 7, 8.3968 ],
			"rotation": { "origin": [ 7, 1, 8 ], "axis": "y", "angle": 22.5 },
			"faces": {
				"down": { "uv": [ 5.000391, 6.807631, 9.000391, 7.601231 ], "texture": "#metal" },
				"up": { "uv": [ 5.000391, 8.398769, 9.000391, 9.192369 ], "texture": "#metal" },
				"north": { "uv": [ 6.999609, 9, 10.99961, 15 ], "texture": "#metal" },
				"south": { "uv": [ 5.000391, 9, 9.000391, 15 ], "texture": "#metal" },
				"west": { "uv": [ 8.398769, 9, 9.192369, 15 ], "texture": "#metal" },
				"east": { "uv": [ 6.807631, 9, 7.601231, 15 ], "texture": "#metal" }
			}
		},
		{
			"__comment": "Box1",
			"from": [ 5, 0.999, 7.6032 ],
			"to": [ 9, 6.999, 8.3968 ],
			"faces": {
				"down": { "uv": [ 5, 7.6032, 9, 8.3968 ], "texture": "#metal" },
				"up": { "uv": [ 5, 7.6032, 9, 8.3968 ], "texture": "#metal" },
				"north": { "uv": [ 7, 9.000999, 11, 15.001 ], "texture": "#metal" },
				"south": { "uv": [ 5, 9.000999, 9, 15.001 ], "texture": "#metal" },
				"west": { "uv": [ 7.6032, 9.000999, 8.3968, 15.001 ], "texture": "#metal" },
				"east": { "uv": [ 7.6032, 9.000999, 8.3968, 15.001 ], "texture": "#metal" }
			}
		},
		{
			"__comment": "Box1",
			"from": [ 5, 0.998, 7.6032 ],
			"to": [ 9, 6.998, 8.3968 ],
			"rotation": { "origin": [ 7, 0.998, 8 ], "axis": "y", "angle": -22.5 },
			"faces": {
				"down": { "uv": [ 5.30409, 8.338363, 9.30409, 9.131963 ], "texture": "#metal" },
				"up": { "uv": [ 5.30409, 6.868037, 9.30409, 7.661637 ], "texture": "#metal" },
				"north": { "uv": [ 6.69591, 9.002, 10.69591, 15.002 ], "texture": "#metal" },
				"south": { "uv": [ 5.30409, 9.002, 9.30409, 15.002 ], "texture": "#metal" },
				"west": { "uv": [ 6.868037, 9.002, 7.661637, 15.002 ], "texture": "#metal" },
				"east": { "uv": [ 8.338363, 9.002, 9.131963, 15.002 ], "texture": "#metal" }
			}
		},
		{
			"__comment": "Box1",
			"from": [ 5, 0.997, 7.6032 ],
			"to": [ 9, 6.997, 8.3968 ],
			"rotation": { "origin": [ 7, 0.997, 8 ], "axis": "y", "angle": -45 },
			"faces": {
				"down": { "uv": [ 5.866367, 8.901194, 9.866367, 9.694794 ], "texture": "#metal" },
				"up": { "uv": [ 5.866367, 6.305206, 9.866367, 7.098806 ], "texture": "#metal" },
				"north": { "uv": [ 6.133633, 9.003, 10.13363, 15.003 ], "texture": "#metal" },
				"south": { "uv": [ 5.866367, 9.003, 9.866367, 15.003 ], "texture": "#metal" },
				"west": { "uv": [ 6.305206, 9.003, 7.098806, 15.003 ], "texture": "#metal" },
				"east": { "uv": [ 8.901194, 9.003, 9.694794, 15.003 ], "texture": "#metal" }
			}
		},
		{
			"__comment": "Box1",
			"from": [ 6.6032, 0.996, 6 ],
			"to": [ 7.3968, 6.996, 10 ],
			"rotation": { "origin": [ 7, 0.9960001, 8 ], "axis": "y", "angle": 22.5 },
			"faces": {
				"down": { "uv": [ 5.868038, 5.69591, 6.661638, 9.69591 ], "texture": "#metal" },
				"up": { "uv": [ 5.868038, 6.30409, 6.661638, 10.30409 ], "texture": "#metal" },
				"north": { "uv": [ 9.338362, 9.004, 10.13196, 15.004 ], "texture": "#metal" },
				"south": { "uv": [ 5.868038, 9.004, 6.661638, 15.004 ], "texture": "#metal" },
				"west": { "uv": [ 6.30409, 9.004, 10.30409, 15.004 ], "texture": "#metal" },
				"east": { "uv": [ 5.69591, 9.004, 9.69591, 15.004 ], "texture": "#metal" }
			}
		},
		{
			"__comment": "Box1",
			"from": [ 6.6032, 0.9949999, 6 ],
			"to": [ 7.3968, 6.995, 10 ],
			"faces": {
				"down": { "uv": [ 6.603199, 6, 7.396799, 10 ], "texture": "#metal" },
				"up": { "uv": [ 6.603199, 6, 7.396799, 10 ], "texture": "#metal" },
				"north": { "uv": [ 8.603201, 9.005, 9.396801, 15.005 ], "texture": "#metal" },
				"south": { "uv": [ 6.603199, 9.005, 7.396799, 15.005 ], "texture": "#metal" },
				"west": { "uv": [ 6, 9.005, 10, 15.005 ], "texture": "#metal" },
				"east": { "uv": [ 6, 9.005, 10, 15.005 ], "texture": "#metal" }
			}
		},
		{
			"__comment": "Box1",
			"from": [ 6.6032, 0.994, 6 ],
			"to": [ 7.3968, 6.994, 10 ],
			"rotation": { "origin": [ 7, 0.994, 8 ], "axis": "y", "angle": -22.5 },
			"faces": {
				"down": { "uv": [ 7.398771, 5.99961, 8.192371, 9.99961 ], "texture": "#metal" },
				"up": { "uv": [ 7.398771, 6.00039, 8.192371, 10.00039 ], "texture": "#metal" },
				"north": { "uv": [ 7.807629, 9.006001, 8.601229, 15.006 ], "texture": "#metal" },
				"south": { "uv": [ 7.398771, 9.006001, 8.192371, 15.006 ], "texture": "#metal" },
				"west": { "uv": [ 6.00039, 9.006001, 10.00039, 15.006 ], "texture": "#metal" },
				"east": { "uv": [ 5.99961, 9.006001, 9.99961, 15.006 ], "texture": "#metal" }
			}
		},
		{
			"__comment": "Box1",
			"from": [ 6.6032, 0.993, 6 ],
			"to": [ 7.3968, 6.993, 10 ],
			"rotation": { "origin": [ 7, 0.993, 8 ], "axis": "y", "angle": -45 },
			"faces": {
				"down": { "uv": [ 8.133635, 5.694796, 8.927235, 9.694796 ], "texture": "#metal" },
				"up": { "uv": [ 8.133635, 6.305204, 8.927235, 10.3052 ], "texture": "#metal" },
				"north": { "uv": [ 7.072765, 9.007, 7.866365, 15.007 ], "texture": "#metal" },
				"south": { "uv": [ 8.133635, 9.007, 8.927235, 15.007 ], "texture": "#metal" },
				"west": { "uv": [ 6.305204, 9.007, 10.3052, 15.007 ], "texture": "#metal" },
				"east": { "uv": [ 5.694796, 9.007, 9.694796, 15.007 ], "texture": "#metal" }
			}
		},
		{
			"__comment": "Box1",
			"from": [ 6.6032, 1, 1.75 ],
			"to": [ 7.3968, 7, 5.75 ],
			"rotation": { "origin": [ 7, 1, 3.75 ], "axis": "y", "angle": -45 },
			"faces": {
				"down": { "uv": [ 8.133635, 9.944796, 8.927235, 13.9448 ], "texture": "#metal" },
				"up": { "uv": [ 8.133635, 2.055204, 8.927235, 6.055204 ], "texture": "#metal" },
				"north": { "uv": [ 7.072765, 9, 7.866365, 15 ], "texture": "#metal" },
				"south": { "uv": [ 8.133635, 9, 8.927235, 15 ], "texture": "#metal" },
				"west": { "uv": [ 2.055204, 9, 6.055204, 15 ], "texture": "#metal" },
				"east": { "uv": [ 9.944796, 9, 13.9448, 15 ], "texture": "#metal" }
			}
		},
		{
			"__comment": "Box1",
			"from": [ 6.6032, 1.001, 1.75 ],
			"to": [ 7.3968, 7.001, 5.75 ],
			"rotation": { "origin": [ 7, 1.001, 3.75 ], "axis": "y", "angle": -22.5 },
			"faces": {
				"down": { "uv": [ 7.398771, 10.24961, 8.192371, 14.24961 ], "texture": "#metal" },
				"up": { "uv": [ 7.398771, 1.75039, 8.192371, 5.75039 ], "texture": "#metal" },
				"north": { "uv": [ 7.807629, 8.999001, 8.601229, 14.999 ], "texture": "#metal" },
				"south": { "uv": [ 7.398771, 8.999001, 8.192371, 14.999 ], "texture": "#metal" },
				"west": { "uv": [ 1.75039, 8.999001, 5.75039, 14.999 ], "texture": "#metal" },
				"east": { "uv": [ 10.24961, 8.999001, 14.24961, 14.999 ], "texture": "#metal" }
			}
		},
		{
			"__comment": "Box1",
			"from": [ 6.6032, 1.002, 1.75 ],
			"to": [ 7.3968, 7.002, 5.75 ],
			"faces": {
				"down": { "uv": [ 6.603199, 10.25, 7.396799, 14.25 ], "texture": "#metal" },
				"up": { "uv": [ 6.603199, 1.75, 7.396799, 5.75 ], "texture": "#metal" },
				"north": { "uv": [ 8.603201, 8.998, 9.396801, 14.998 ], "texture": "#metal" },
				"south": { "uv": [ 6.603199, 8.998, 7.396799, 14.998 ], "texture": "#metal" },
				"west": { "uv": [ 1.75, 8.998, 5.75, 14.998 ], "texture": "#metal" },
				"east": { "uv": [ 10.25, 8.998, 14.25, 14.998 ], "texture": "#metal" }
			}
		},
		{
			"__comment": "Box1",
			"from": [ 6.6032, 1.003, 1.75 ],
			"to": [ 7.3968, 7.003, 5.75 ],
			"rotation": { "origin": [ 7, 1.003, 3.75 ], "axis": "y", "angle": 22.5 },
			"faces": {
				"down": { "uv": [ 5.868038, 9.94591, 6.661638, 13.94591 ], "texture": "#metal" },
				"up": { "uv": [ 5.868038, 2.05409, 6.661638, 6.05409 ], "texture": "#metal" },
				"north": { "uv": [ 9.338362, 8.997, 10.13196, 14.997 ], "texture": "#metal" },
				"south": { "uv": [ 5.868038, 8.997, 6.661638, 14.997 ], "texture": "#metal" },
				"west": { "uv": [ 2.05409, 8.997, 6.05409, 14.997 ], "texture": "#metal" },
				"east": { "uv": [ 9.94591, 8.997, 13.94591, 14.997 ], "texture": "#metal" }
			}
		},
		{
			"__comment": "Box1",
			"from": [ 5, 1.004, 3.3532 ],
			"to": [ 9, 7.004, 4.1468 ],
			"rotation": { "origin": [ 7, 1.004, 3.75 ], "axis": "y", "angle": -45 },
			"faces": {
				"down": { "uv": [ 5.866367, 13.15119, 9.866367, 13.94479 ], "texture": "#metal" },
				"up": { "uv": [ 5.866367, 2.055206, 9.866367, 2.848805 ], "texture": "#metal" },
				"north": { "uv": [ 6.133633, 8.996, 10.13363, 14.996 ], "texture": "#metal" },
				"south": { "uv": [ 5.866367, 8.996, 9.866367, 14.996 ], "texture": "#metal" },
				"west": { "uv": [ 2.055206, 8.996, 2.848806, 14.996 ], "texture": "#metal" },
				"east": { "uv": [ 13.15119, 8.996, 13.94479, 14.996 ], "texture": "#metal" }
			}
		},
		{
			"__comment": "Box1",
			"from": [ 5, 1.005, 3.3532 ],
			"to": [ 9, 7.005, 4.1468 ],
			"rotation": { "origin": [ 7, 1.005, 3.75 ], "axis": "y", "angle": -22.5 },
			"faces": {
				"down": { "uv": [ 5.30409, 12.58836, 9.30409, 13.38196 ], "texture": "#metal" },
				"up": { "uv": [ 5.30409, 2.618037, 9.30409, 3.411637 ], "texture": "#metal" },
				"north": { "uv": [ 6.69591, 8.995, 10.69591, 14.995 ], "texture": "#metal" },
				"south": { "uv": [ 5.30409, 8.995, 9.30409, 14.995 ], "texture": "#metal" },
				"west": { "uv": [ 2.618037, 8.995, 3.411637, 14.995 ], "texture": "#metal" },
				"east": { "uv": [ 12.58836, 8.995, 13.38196, 14.995 ], "texture": "#metal" }
			}
		},
		{
			"__comment": "Box1",
			"from": [ 5, 1.006, 3.3532 ],
			"to": [ 9, 7.006, 4.1468 ],
			"faces": {
				"down": { "uv": [ 5, 11.8532, 9, 12.6468 ], "texture": "#metal" },
				"up": { "uv": [ 5, 3.3532, 9, 4.1468 ], "texture": "#metal" },
				"north": { "uv": [ 7, 8.993999, 11, 14.994 ], "texture": "#metal" },
				"south": { "uv": [ 5, 8.993999, 9, 14.994 ], "texture": "#metal" },
				"west": { "uv": [ 3.3532, 8.993999, 4.1468, 14.994 ], "texture": "#metal" },
				"east": { "uv": [ 11.8532, 8.993999, 12.6468, 14.994 ], "texture": "#metal" }
			}
		},
		{
			"__comment": "Box1",
			"from": [ 5, 1.007, 3.3532 ],
			"to": [ 9, 7.007, 4.1468 ],
			"rotation": { "origin": [ 7, 1.007, 3.75 ], "axis": "y", "angle": 22.5 },
			"faces": {
				"down": { "uv": [ 5.000391, 11.05763, 9.000391, 11.85123 ], "texture": "#metal" },
				"up": { "uv": [ 5.000391, 4.148769, 9.000391, 4.942369 ], "texture": "#metal" },
				"north": { "uv": [ 6.999609, 8.993, 10.99961, 14.993 ], "texture": "#metal" },
				"south": { "uv": [ 5.000391, 8.993, 9.000391, 14.993 ], "texture": "#metal" },
				"west": { "uv": [ 4.148769, 8.993, 4.942369, 14.993 ], "texture": "#metal" },
				"east": { "uv": [ 11.05763, 8.993, 11.85123, 14.993 ], "texture": "#metal" }
			}
		},
		{
			"__comment": "Box1",
			"from": [ 5, 1, 2.8532 ],
			"to": [ 9, 7, 3.6468 ],
			"rotation": { "origin": [ 7, 1, 3.25 ], "axis": "y", "angle": 22.5 },
			"faces": {
				"down": { "uv": [ 5.000391, 11.55763, 9.000391, 12.35123 ], "texture": "#metal" },
				"up": { "uv": [ 5.000391, 3.648769, 9.000391, 4.442369 ], "texture": "#metal" },
				"north": { "uv": [ 6.999609, 9, 10.99961, 15 ], "texture": "#metal" },
				"south": { "uv": [ 5.000391, 9, 9.000391, 15 ], "texture": "#metal" },
				"west": { "uv": [ 3.648769, 9, 4.442369, 15 ], "texture": "#metal" },
				"east": { "uv": [ 11.55763, 9, 12.35123, 15 ], "texture": "#metal" }
			}
		},
		{
			"__comment": "Box1",
			"from": [ 5, 0.999, 2.8532 ],
			"to": [ 9, 6.999, 3.6468 ],
			"faces": {
				"down": { "uv": [ 5, 12.3532, 9, 13.1468 ], "texture": "#metal" },
				"up": { "uv": [ 5, 2.8532, 9, 3.6468 ], "texture": "#metal" },
				"north": { "uv": [ 7, 9.000999, 11, 15.001 ], "texture": "#metal" },
				"south": { "uv": [ 5, 9.000999, 9, 15.001 ], "texture": "#metal" },
				"west": { "uv": [ 2.8532, 9.000999, 3.6468, 15.001 ], "texture": "#metal" },
				"east": { "uv": [ 12.3532, 9.000999, 13.1468, 15.001 ], "texture": "#metal" }
			}
		},
		{
			"__comment": "Box1",
			"from": [ 5, 0.998, 2.8532 ],
			"to": [ 9, 6.998, 3.6468 ],
			"rotation": { "origin": [ 7, 0.998, 3.25 ], "axis": "y", "angle": -22.5 },
			"faces": {
				"down": { "uv": [ 5.30409, 13.08836, 9.30409, 13.88196 ], "texture": "#metal" },
				"up": { "uv": [ 5.30409, 2.118037, 9.30409, 2.911637 ], "texture": "#metal" },
				"north": { "uv": [ 6.69591, 9.002, 10.69591, 15.002 ], "texture": "#metal" },
				"south": { "uv": [ 5.30409, 9.002, 9.30409, 15.002 ], "texture": "#metal" },
				"west": { "uv": [ 2.118037, 9.002, 2.911637, 15.002 ], "texture": "#metal" },
				"east": { "uv": [ 13.08836, 9.002, 13.88196, 15.002 ], "texture": "#metal" }
			}
		},
		{
			"__comment": "Box1",
			"from": [ 5, 0.997, 2.8532 ],
			"to": [ 9, 6.997, 3.6468 ],
			"rotation": { "origin": [ 7, 0.997, 3.25 ], "axis": "y", "angle": -45 },
			"faces": {
				"down": { "uv": [ 5.866367, 13.65119, 9.866367, 14.44479 ], "texture": "#metal" },
				"up": { "uv": [ 5.866367, 1.555206, 9.866367, 2.348805 ], "texture": "#metal" },
				"north": { "uv": [ 6.133633, 9.003, 10.13363, 15.003 ], "texture": "#metal" },
				"south": { "uv": [ 5.866367, 9.003, 9.866367, 15.003 ], "texture": "#metal" },
				"west": { "uv": [ 1.555206, 9.003, 2.348806, 15.003 ], "texture": "#metal" },
				"east": { "uv": [ 13.65119, 9.003, 14.44479, 15.003 ], "texture": "#metal" }
			}
		},
		{
			"__comment": "Box1",
			"from": [ 6.6032, 0.996, 1.25 ],
			"to": [ 7.3968, 6.996, 5.25 ],
			"rotation": { "origin": [ 7, 0.9960001, 3.25 ], "axis": "y", "angle": 22.5 },
			"faces": {
				"down": { "uv": [ 5.868038, 10.44591, 6.661638, 14.44591 ], "texture": "#metal" },
				"up": { "uv": [ 5.868038, 1.55409, 6.661638, 5.55409 ], "texture": "#metal" },
				"north": { "uv": [ 9.338362, 9.004, 10.13196, 15.004 ], "texture": "#metal" },
				"south": { "uv": [ 5.868038, 9.004, 6.661638, 15.004 ], "texture": "#metal" },
				"west": { "uv": [ 1.55409, 9.004, 5.55409, 15.004 ], "texture": "#metal" },
				"east": { "uv": [ 10.44591, 9.004, 14.44591, 15.004 ], "texture": "#metal" }
			}
		},
		{
			"__comment": "Box1",
			"from": [ 6.6032, 0.9949999, 1.25 ],
			"to": [ 7.3968, 6.995, 5.25 ],
			"faces": {
				"down": { "uv": [ 6.603199, 10.75, 7.396799, 14.75 ], "texture": "#metal" },
				"up": { "uv": [ 6.603199, 1.25, 7.396799, 5.25 ], "texture": "#metal" },
				"north": { "uv": [ 8.603201, 9.005, 9.396801, 15.005 ], "texture": "#metal" },
				"south": { "uv": [ 6.603199, 9.005, 7.396799, 15.005 ], "texture": "#metal" },
				"west": { "uv": [ 1.25, 9.005, 5.25, 15.005 ], "texture": "#metal" },
				"east": { "uv": [ 10.75, 9.005, 14.75, 15.005 ], "texture": "#metal" }
			}
		},
		{
			"__comment": "Box1",
			"from": [ 6.6032, 0.994, 1.25 ],
			"to": [ 7.3968, 6.994, 5.25 ],
			"rotation": { "origin": [ 7, 0.994, 3.25 ], "axis": "y", "angle": -22.5 },
			"faces": {
				"down": { "uv": [ 7.398771, 10.74961, 8.192371, 14.74961 ], "texture": "#metal" },
				"up": { "uv": [ 7.398771, 1.25039, 8.192371, 5.25039 ], "texture": "#metal" },
				"north": { "uv": [ 7.807629, 9.006001, 8.601229, 15.006 ], "texture": "#metal" },
				"south": { "uv": [ 7.398771, 9.006001, 8.192371, 15.006 ], "texture": "#metal" },
				"west": { "uv": [ 1.25039, 9.006001, 5.25039, 15.006 ], "texture": "#metal" },
				"east": { "uv": [ 10.74961, 9.006001, 14.74961, 15.006 ], "texture": "#metal" }
			}
		},
		{
			"__comment": "Box1",
			"from": [ 6.6032, 0.993, 1.25 ],
			"to": [ 7.3968, 6.993, 5.25 ],
			"rotation": { "origin": [ 7, 0.993, 3.25 ], "axis": "y", "angle": -45 },
			"faces": {
				"down": { "uv": [ 8.133635, 10.4448, 8.927235, 14.4448 ], "texture": "#metal" },
				"up": { "uv": [ 8.133635, 1.555204, 8.927235, 5.555204 ], "texture": "#metal" },
				"north": { "uv": [ 7.072765, 9.007, 7.866365, 15.007 ], "texture": "#metal" },
				"south": { "uv": [ 8.133635, 9.007, 8.927235, 15.007 ], "texture": "#metal" },
				"west": { "uv": [ 1.555204, 9.007, 5.555204, 15.007 ], "texture": "#metal" },
				"east": { "uv": [ 10.4448, 9.007, 14.4448, 15.007 ], "texture": "#metal" }
			}
		},
		{
			"__comment": "Box1",
			"from": [ 5, 7, 2.3532 ],
			"to": [ 9, 13, 3.1468 ],
			"rotation": { "origin": [ 7, 7, 2.75 ], "axis": "y", "angle": 22.5 },
			"faces": {
				"down": { "uv": [ 5.000391, 12.05763, 9.000391, 12.85123 ], "texture": "#metal" },
				"up": { "uv": [ 5.000391, 3.148769, 9.000391, 3.942369 ], "texture": "#metal" },
				"north": { "uv": [ 6.999609, 3, 10.99961, 9 ], "texture": "#metal" },
				"south": { "uv": [ 5.000391, 3, 9.000391, 9 ], "texture": "#metal" },
				"west": { "uv": [ 3.148769, 3, 3.942369, 9 ], "texture": "#metal" },
				"east": { "uv": [ 12.05763, 3, 12.85123, 9 ], "texture": "#metal" }
			}
		},
		{
			"__comment": "Box1",
			"from": [ 5, 6.999, 2.3532 ],
			"to": [ 9, 12.999, 3.1468 ],
			"faces": {
				"down": { "uv": [ 5, 12.8532, 9, 13.6468 ], "texture": "#metal" },
				"up": { "uv": [ 5, 2.3532, 9, 3.1468 ], "texture": "#metal" },
				"north": { "uv": [ 7, 3.000999, 11, 9.000999 ], "texture": "#metal" },
				"south": { "uv": [ 5, 3.000999, 9, 9.000999 ], "texture": "#metal" },
				"west": { "uv": [ 2.3532, 3.000999, 3.1468, 9.000999 ], "texture": "#metal" },
				"east": { "uv": [ 12.8532, 3.000999, 13.6468, 9.000999 ], "texture": "#metal" }
			}
		},
		{
			"__comment": "Box1",
			"from": [ 5, 6.998, 2.3532 ],
			"to": [ 9, 12.998, 3.1468 ],
			"rotation": { "origin": [ 7, 6.998, 2.75 ], "axis": "y", "angle": -22.5 },
			"faces": {
				"down": { "uv": [ 5.30409, 13.58836, 9.30409, 14.38196 ], "texture": "#metal" },
				"up": { "uv": [ 5.30409, 1.618037, 9.30409, 2.411637 ], "texture": "#metal" },
				"north": { "uv": [ 6.69591, 3.002, 10.69591, 9.002 ], "texture": "#metal" },
				"south": { "uv": [ 5.30409, 3.002, 9.30409, 9.002 ], "texture": "#metal" },
				"west": { "uv": [ 1.618037, 3.002, 2.411637, 9.002 ], "texture": "#metal" },
				"east": { "uv": [ 13.58836, 3.002, 14.38196, 9.002 ], "texture": "#metal" }
			}
		},
		{
			"__comment": "Box1",
			"from": [ 5, 6.997, 2.3532 ],
			"to": [ 9, 12.997, 3.1468 ],
			"rotation": { "origin": [ 7, 6.997, 2.75 ], "axis": "y", "angle": -45 },
			"faces": {
				"down": { "uv": [ 5.866367, 14.15119, 9.866367, 14.94479 ], "texture": "#metal" },
				"up": { "uv": [ 5.866367, 1.055206, 9.866367, 1.848806 ], "texture": "#metal" },
				"north": { "uv": [ 6.133633, 3.003, 10.13363, 9.003 ], "texture": "#metal" },
				"south": { "uv": [ 5.866367, 3.003, 9.866367, 9.003 ], "texture": "#metal" },
				"west": { "uv": [ 1.055206, 3.003, 1.848806, 9.003 ], "texture": "#metal" },
				"east": { "uv": [ 14.15119, 3.003, 14.94479, 9.003 ], "texture": "#metal" }
			}
		},
		{
			"__comment": "Box1",
			"from": [ 6.6032, 6.996, 0.75 ],
			"to": [ 7.3968, 12.996, 4.75 ],
			"rotation": { "origin": [ 7, 6.996, 2.75 ], "axis": "y", "angle": 22.5 },
			"faces": {
				"down": { "uv": [ 5.868038, 10.94591, 6.661638, 14.94591 ], "texture": "#metal" },
				"up": { "uv": [ 5.868038, 1.05409, 6.661638, 5.05409 ], "texture": "#metal" },
				"north": { "uv": [ 9.338362, 3.004, 10.13196, 9.004 ], "texture": "#metal" },
				"south": { "uv": [ 5.868038, 3.004, 6.661638, 9.004 ], "texture": "#metal" },
				"west": { "uv": [ 1.05409, 3.004, 5.05409, 9.004 ], "texture": "#metal" },
				"east": { "uv": [ 10.94591, 3.004, 14.94591, 9.004 ], "texture": "#metal" }
			}
		},
		{
			"__comment": "Box1",
			"from": [ 6.6032, 6.995, 0.75 ],
			"to": [ 7.3968, 12.995, 4.75 ],
			"faces": {
				"down": { "uv": [ 6.603199, 11.25, 7.396799, 15.25 ], "texture": "#metal" },
				"up": { "uv": [ 6.603199, 0.75, 7.396799, 4.75 ], "texture": "#metal" },
				"north": { "uv": [ 8.603201, 3.005, 9.396801, 9.005 ], "texture": "#metal" },
				"south": { "uv": [ 6.603199, 3.005, 7.396799, 9.005 ], "texture": "#metal" },
				"west": { "uv": [ 0.75, 3.005, 4.75, 9.005 ], "texture": "#metal" },
				"east": { "uv": [ 11.25, 3.005, 15.25, 9.005 ], "texture": "#metal" }
			}
		},
		{
			"__comment": "Box1",
			"from": [ 6.6032, 6.994, 0.75 ],
			"to": [ 7.3968, 12.994, 4.75 ],
			"rotation": { "origin": [ 7, 6.994, 2.75 ], "axis": "y", "angle": -22.5 },
			"faces": {
				"down": { "uv": [ 7.398771, 11.24961, 8.192371, 15.24961 ], "texture": "#metal" },
				"up": { "uv": [ 7.398771, 0.7503901, 8.192371, 4.75039 ], "texture": "#metal" },
				"north": { "uv": [ 7.807629, 3.006001, 8.601229, 9.006001 ], "texture": "#metal" },
				"south": { "uv": [ 7.398771, 3.006001, 8.192371, 9.006001 ], "texture": "#metal" },
				"west": { "uv": [ 0.7503901, 3.006001, 4.75039, 9.006001 ], "texture": "#metal" },
				"east": { "uv": [ 11.24961, 3.006001, 15.24961, 9.006001 ], "texture": "#metal" }
			}
		},
		{
			"__comment": "Box1",
			"from": [ 6.6032, 6.993, 0.75 ],
			"to": [ 7.3968, 12.993, 4.75 ],
			"rotation": { "origin": [ 7, 6.993, 2.75 ], "axis": "y", "angle": -45 },
			"faces": {
				"down": { "uv": [ 8.133635, 10.9448, 8.927235, 14.9448 ], "texture": "#metal" },
				"up": { "uv": [ 8.133635, 1.055204, 8.927235, 5.055204 ], "texture": "#metal" },
				"north": { "uv": [ 7.072765, 3.007, 7.866365, 9.007 ], "texture": "#metal" },
				"south": { "uv": [ 8.133635, 3.007, 8.927235, 9.007 ], "texture": "#metal" },
				"west": { "uv": [ 1.055204, 3.007, 5.055204, 9.007 ], "texture": "#metal" },
				"east": { "uv": [ 10.9448, 3.007, 14.9448, 9.007 ], "texture": "#metal" }
			}
		},
		{
			"__comment": "Box1",
			"from": [ 5, 7, 11.1032 ],
			"to": [ 9, 13, 11.8968 ],
			"rotation": { "origin": [ 7, 7, 11.5 ], "axis": "y", "angle": 22.5 },
			"faces": {
				"down": { "uv": [ 5.000391, 3.307631, 9.000391, 4.101231 ], "texture": "#metal" },
				"up": { "uv": [ 5.000391, 11.89877, 9.000391, 12.69237 ], "texture": "#metal" },
				"north": { "uv": [ 6.999609, 3, 10.99961, 9 ], "texture": "#metal" },
				"south": { "uv": [ 5.000391, 3, 9.000391, 9 ], "texture": "#metal" },
				"west": { "uv": [ 11.89877, 3, 12.69237, 9 ], "texture": "#metal" },
				"east": { "uv": [ 3.307631, 3, 4.101231, 9 ], "texture": "#metal" }
			}
		},
		{
			"__comment": "Box1",
			"from": [ 5, 6.999, 11.1032 ],
			"to": [ 9, 12.999, 11.8968 ],
			"faces": {
				"down": { "uv": [ 5, 4.1032, 9, 4.8968 ], "texture": "#metal" },
				"up": { "uv": [ 5, 11.1032, 9, 11.8968 ], "texture": "#metal" },
				"north": { "uv": [ 7, 3.000999, 11, 9.000999 ], "texture": "#metal" },
				"south": { "uv": [ 5, 3.000999, 9, 9.000999 ], "texture": "#metal" },
				"west": { "uv": [ 11.1032, 3.000999, 11.8968, 9.000999 ], "texture": "#metal" },
				"east": { "uv": [ 4.1032, 3.000999, 4.8968, 9.000999 ], "texture": "#metal" }
			}
		},
		{
			"__comment": "Box1",
			"from": [ 5, 6.998, 11.1032 ],
			"to": [ 9, 12.998, 11.8968 ],
			"rotation": { "origin": [ 7, 6.998, 11.5 ], "axis": "y", "angle": -22.5 },
			"faces": {
				"down": { "uv": [ 5.30409, 4.838363, 9.30409, 5.631963 ], "texture": "#metal" },
				"up": { "uv": [ 5.30409, 10.36804, 9.30409, 11.16164 ], "texture": "#metal" },
				"north": { "uv": [ 6.69591, 3.002, 10.69591, 9.002 ], "texture": "#metal" },
				"south": { "uv": [ 5.30409, 3.002, 9.30409, 9.002 ], "texture": "#metal" },
				"west": { "uv": [ 10.36804, 3.002, 11.16164, 9.002 ], "texture": "#metal" },
				"east": { "uv": [ 4.838363, 3.002, 5.631963, 9.002 ], "texture": "#metal" }
			}
		},
		{
			"__comment": "Box1",
			"from": [ 5, 6.997, 11.1032 ],
			"to": [ 9, 12.997, 11.8968 ],
			"rotation": { "origin": [ 7, 6.997, 11.5 ], "axis": "y", "angle": -45 },
			"faces": {
				"down": { "uv": [ 5.866367, 5.401194, 9.866367, 6.194794 ], "texture": "#metal" },
				"up": { "uv": [ 5.866367, 9.805206, 9.866367, 10.59881 ], "texture": "#metal" },
				"north": { "uv": [ 6.133633, 3.003, 10.13363, 9.003 ], "texture": "#metal" },
				"south": { "uv": [ 5.866367, 3.003, 9.866367, 9.003 ], "texture": "#metal" },
				"west": { "uv": [ 9.805206, 3.003, 10.59881, 9.003 ], "texture": "#metal" },
				"east": { "uv": [ 5.401194, 3.003, 6.194794, 9.003 ], "texture": "#metal" }
			}
		},
		{
			"__comment": "Box1",
			"from": [ 6.6032, 6.996, 9.5 ],
			"to": [ 7.3968, 12.996, 13.5 ],
			"rotation": { "origin": [ 7, 6.996, 11.5 ], "axis": "y", "angle": 22.5 },
			"faces": {
				"down": { "uv": [ 5.868038, 2.19591, 6.661638, 6.19591 ], "texture": "#metal" },
				"up": { "uv": [ 5.868038, 9.80409, 6.661638, 13.80409 ], "texture": "#metal" },
				"north": { "uv": [ 9.338362, 3.004, 10.13196, 9.004 ], "texture": "#metal" },
				"south": { "uv": [ 5.868038, 3.004, 6.661638, 9.004 ], "texture": "#metal" },
				"west": { "uv": [ 9.80409, 3.004, 13.80409, 9.004 ], "texture": "#metal" },
				"east": { "uv": [ 2.19591, 3.004, 6.19591, 9.004 ], "texture": "#metal" }
			}
		},
		{
			"__comment": "Box1",
			"from": [ 6.6032, 6.995, 9.5 ],
			"to": [ 7.3968, 12.995, 13.5 ],
			"faces": {
				"down": { "uv": [ 6.603199, 2.5, 7.396799, 6.5 ], "texture": "#metal" },
				"up": { "uv": [ 6.603199, 9.5, 7.396799, 13.5 ], "texture": "#metal" },
				"north": { "uv": [ 8.603201, 3.005, 9.396801, 9.005 ], "texture": "#metal" },
				"south": { "uv": [ 6.603199, 3.005, 7.396799, 9.005 ], "texture": "#metal" },
				"west": { "uv": [ 9.5, 3.005, 13.5, 9.005 ], "texture": "#metal" },
				"east": { "uv": [ 2.5, 3.005, 6.5, 9.005 ], "texture": "#metal" }
			}
		},
		{
			"__comment": "Box1",
			"from": [ 6.6032, 6.994, 9.5 ],
			"to": [ 7.3968, 12.994, 13.5 ],
			"rotation": { "origin": [ 7, 6.994, 11.5 ], "axis": "y", "angle": -22.5 },
			"faces": {
				"down": { "uv": [ 7.398771, 2.49961, 8.192371, 6.49961 ], "texture": "#metal" },
				"up": { "uv": [ 7.398771, 9.50039, 8.192371, 13.50039 ], "texture": "#metal" },
				"north": { "uv": [ 7.807629, 3.006001, 8.601229, 9.006001 ], "texture": "#metal" },
				"south": { "uv": [ 7.398771, 3.006001, 8.192371, 9.006001 ], "texture": "#metal" },
				"west": { "uv": [ 9.50039, 3.006001, 13.50039, 9.006001 ], "texture": "#metal" },
				"east": { "uv": [ 2.49961, 3.006001, 6.49961, 9.006001 ], "texture": "#metal" }
			}
		},
		{
			"__comment": "Box1",
			"from": [ 6.6032, 6.993, 9.5 ],
			"to": [ 7.3968, 12.993, 13.5 ],
			"rotation": { "origin": [ 7, 6.993, 11.5 ], "axis": "y", "angle": -45 },
			"faces": {
				"down": { "uv": [ 8.133635, 2.194796, 8.927235, 6.194796 ], "texture": "#metal" },
				"up": { "uv": [ 8.133635, 9.805204, 8.927235, 13.8052 ], "texture": "#metal" },
				"north": { "uv": [ 7.072765, 3.007, 7.866365, 9.007 ], "texture": "#metal" },
				"south": { "uv": [ 8.133635, 3.007, 8.927235, 9.007 ], "texture": "#metal" },
				"west": { "uv": [ 9.805204, 3.007, 13.8052, 9.007 ], "texture": "#metal" },
				"east": { "uv": [ 2.194796, 3.007, 6.194796, 9.007 ], "texture": "#metal" }
			}
		},
		{
			"__comment": "Box1",
			"from": [ 5, 1, 11.8532 ],
			"to": [ 9, 7, 12.6468 ],
			"rotation": { "origin": [ 7, 1, 12.25 ], "axis": "y", "angle": 22.5 },
			"faces": {
				"down": { "uv": [ 5.000391, 2.557631, 9.000391, 3.351231 ], "texture": "#metal" },
				"up": { "uv": [ 5.000391, 12.64877, 9.000391, 13.44237 ], "texture": "#metal" },
				"north": { "uv": [ 6.999609, 9, 10.99961, 15 ], "texture": "#metal" },
				"south": { "uv": [ 5.000391, 9, 9.000391, 15 ], "texture": "#metal" },
				"west": { "uv": [ 12.64877, 9, 13.44237, 15 ], "texture": "#metal" },
				"east": { "uv": [ 2.557631, 9, 3.351231, 15 ], "texture": "#metal" }
			}
		},
		{
			"__comment": "Box1",
			"from": [ 5, 0.999, 11.8532 ],
			"to": [ 9, 6.999, 12.6468 ],
			"faces": {
				"down": { "uv": [ 5, 3.3532, 9, 4.1468 ], "texture": "#metal" },
				"up": { "uv": [ 5, 11.8532, 9, 12.6468 ], "texture": "#metal" },
				"north": { "uv": [ 7, 9.000999, 11, 15.001 ], "texture": "#metal" },
				"south": { "uv": [ 5, 9.000999, 9, 15.001 ], "texture": "#metal" },
				"west": { "uv": [ 11.8532, 9.000999, 12.6468, 15.001 ], "texture": "#metal" },
				"east": { "uv": [ 3.3532, 9.000999, 4.1468, 15.001 ], "texture": "#metal" }
			}
		},
		{
			"__comment": "Box1",
			"from": [ 5, 0.998, 11.8532 ],
			"to": [ 9, 6.998, 12.6468 ],
			"rotation": { "origin": [ 7, 0.9980001, 12.25 ], "axis": "y", "angle": -22.5 },
			"faces": {
				"down": { "uv": [ 5.30409, 4.088363, 9.30409, 4.881963 ], "texture": "#metal" },
				"up": { "uv": [ 5.30409, 11.11804, 9.30409, 11.91164 ], "texture": "#metal" },
				"north": { "uv": [ 6.69591, 9.002, 10.69591, 15.002 ], "texture": "#metal" },
				"south": { "uv": [ 5.30409, 9.002, 9.30409, 15.002 ], "texture": "#metal" },
				"west": { "uv": [ 11.11804, 9.002, 11.91164, 15.002 ], "texture": "#metal" },
				"east": { "uv": [ 4.088363, 9.002, 4.881963, 15.002 ], "texture": "#metal" }
			}
		},
		{
			"__comment": "Box1",
			"from": [ 5, 0.997, 11.8532 ],
			"to": [ 9, 6.997, 12.6468 ],
			"rotation": { "origin": [ 7, 0.9969997, 12.25 ], "axis": "y", "angle": -45 },
			"faces": {
				"down": { "uv": [ 5.866367, 4.651194, 9.866367, 5.444794 ], "texture": "#metal" },
				"up": { "uv": [ 5.866367, 10.55521, 9.866367, 11.34881 ], "texture": "#metal" },
				"north": { "uv": [ 6.133633, 9.003, 10.13363, 15.003 ], "texture": "#metal" },
				"south": { "uv": [ 5.866367, 9.003, 9.866367, 15.003 ], "texture": "#metal" },
				"west": { "uv": [ 10.55521, 9.003, 11.34881, 15.003 ], "texture": "#metal" },
				"east": { "uv": [ 4.651194, 9.003, 5.444794, 15.003 ], "texture": "#metal" }
			}
		},
		{
			"__comment": "Box1",
			"from": [ 6.6032, 0.996, 10.25 ],
			"to": [ 7.3968, 6.996, 14.25 ],
			"rotation": { "origin": [ 7, 0.9960003, 12.25 ], "axis": "y", "angle": 22.5 },
			"faces": {
				"down": { "uv": [ 5.868038, 1.44591, 6.661638, 5.44591 ], "texture": "#metal" },
				"up": { "uv": [ 5.868038, 10.55409, 6.661638, 14.55409 ], "texture": "#metal" },
				"north": { "uv": [ 9.338362, 9.004, 10.13196, 15.004 ], "texture": "#metal" },
				"south": { "uv": [ 5.868038, 9.004, 6.661638, 15.004 ], "texture": "#metal" },
				"west": { "uv": [ 10.55409, 9.004, 14.55409, 15.004 ], "texture": "#metal" },
				"east": { "uv": [ 1.44591, 9.004, 5.44591, 15.004 ], "texture": "#metal" }
			}
		},
		{
			"__comment": "Box1",
			"from": [ 6.6032, 0.9949999, 10.25 ],
			"to": [ 7.3968, 6.995, 14.25 ],
			"faces": {
				"down": { "uv": [ 6.603199, 1.75, 7.396799, 5.75 ], "texture": "#metal" },
				"up": { "uv": [ 6.603199, 10.25, 7.396799, 14.25 ], "texture": "#metal" },
				"north": { "uv": [ 8.603201, 9.005, 9.396801, 15.005 ], "texture": "#metal" },
				"south": { "uv": [ 6.603199, 9.005, 7.396799, 15.005 ], "texture": "#metal" },
				"west": { "uv": [ 10.25, 9.005, 14.25, 15.005 ], "texture": "#metal" },
				"east": { "uv": [ 1.75, 9.005, 5.75, 15.005 ], "texture": "#metal" }
			}
		},
		{
			"__comment": "Box1",
			"from": [ 6.6032, 0.994, 10.25 ],
			"to": [ 7.3968, 6.994, 14.25 ],
			"rotation": { "origin": [ 7, 0.994, 12.25 ], "axis": "y", "angle": -22.5 },
			"faces": {
				"down": { "uv": [ 7.398771, 1.74961, 8.192371, 5.74961 ], "texture": "#metal" },
				"up": { "uv": [ 7.398771, 10.25039, 8.192371, 14.25039 ], "texture": "#metal" },
				"north": { "uv": [ 7.807629, 9.006001, 8.601229, 15.006 ], "texture": "#metal" },
				"south": { "uv": [ 7.398771, 9.006001, 8.192371, 15.006 ], "texture": "#metal" },
				"west": { "uv": [ 10.25039, 9.006001, 14.25039, 15.006 ], "texture": "#metal" },
				"east": { "uv": [ 1.74961, 9.006001, 5.74961, 15.006 ], "texture": "#metal" }
			}
		},
		{
			"__comment": "Box1",
			"from": [ 6.6032, 0.993, 10.25 ],
			"to": [ 7.3968, 6.993, 14.25 ],
			"rotation": { "origin": [ 7, 0.993, 12.25 ], "axis": "y", "angle": -45 },
			"faces": {
				"down": { "uv": [ 8.133635, 1.444796, 8.927235, 5.444796 ], "texture": "#metal" },
				"up": { "uv": [ 8.133635, 10.5552, 8.927235, 14.5552 ], "texture": "#metal" },
				"north": { "uv": [ 7.072765, 9.007, 7.866365, 15.007 ], "texture": "#metal" },
				"south": { "uv": [ 8.133635, 9.007, 8.927235, 15.007 ], "texture": "#metal" },
				"west": { "uv": [ 10.5552, 9.007, 14.5552, 15.007 ], "texture": "#metal" },
				"east": { "uv": [ 1.444796, 9.007, 5.444796, 15.007 ], "texture": "#metal" }
			}
		},
		{
			"__comment": "Box1",
			"from": [ 1, 1, 7.6032 ],
			"to": [ 5, 7, 8.3968 ],
			"rotation": { "origin": [ 3, 1, 8 ], "axis": "y", "angle": 22.5 },
			"faces": {
				"down": { "uv": [ 1.000391, 6.807631, 5.000391, 7.601231 ], "texture": "#metal" },
				"up": { "uv": [ 1.000391, 8.398769, 5.000391, 9.192369 ], "texture": "#metal" },
				"north": { "uv": [ 10.99961, 9, 14.99961, 15 ], "texture": "#metal" },
				"south": { "uv": [ 1.000391, 9, 5.000391, 15 ], "texture": "#metal" },
				"west": { "uv": [ 8.398769, 9, 9.192369, 15 ], "texture": "#metal" },
				"east": { "uv": [ 6.807631, 9, 7.601231, 15 ], "texture": "#metal" }
			}
		},
		{
			"__comment": "Box1",
			"from": [ 1, 0.999, 7.6032 ],
			"to": [ 5, 6.999, 8.3968 ],
			"faces": {
				"down": { "uv": [ 1, 7.6032, 5, 8.3968 ], "texture": "#metal" },
				"up": { "uv": [ 1, 7.6032, 5, 8.3968 ], "texture": "#metal" },
				"north": { "uv": [ 11, 9.000999, 15, 15.001 ], "texture": "#metal" },
				"south": { "uv": [ 1, 9.000999, 5, 15.001 ], "texture": "#metal" },
				"west": { "uv": [ 7.6032, 9.000999, 8.3968, 15.001 ], "texture": "#metal" },
				"east": { "uv": [ 7.6032, 9.000999, 8.3968, 15.001 ], "texture": "#metal" }
			}
		},
		{
			"__comment": "Box1",
			"from": [ 1, 0.998, 7.6032 ],
			"to": [ 5, 6.998, 8.3968 ],
			"rotation": { "origin": [ 3, 0.998, 8 ], "axis": "y", "angle": -22.5 },
			"faces": {
				"down": { "uv": [ 1.30409, 8.338363, 5.30409, 9.131963 ], "texture": "#metal" },
				"up": { "uv": [ 1.30409, 6.868037, 5.30409, 7.661637 ], "texture": "#metal" },
				"north": { "uv": [ 10.69591, 9.002, 14.69591, 15.002 ], "texture": "#metal" },
				"south": { "uv": [ 1.30409, 9.002, 5.30409, 15.002 ], "texture": "#metal" },
				"west": { "uv": [ 6.868037, 9.002, 7.661637, 15.002 ], "texture": "#metal" },
				"east": { "uv": [ 8.338363, 9.002, 9.131963, 15.002 ], "texture": "#metal" }
			}
		},
		{
			"__comment": "Box1",
			"from": [ 1, 0.997, 7.6032 ],
			"to": [ 5, 6.997, 8.3968 ],
			"rotation": { "origin": [ 3, 0.997, 8 ], "axis": "y", "angle": -45 },
			"faces": {
				"down": { "uv": [ 1.866367, 8.901194, 5.866367, 9.694794 ], "texture": "#metal" },
				"up": { "uv": [ 1.866367, 6.305206, 5.866367, 7.098806 ], "texture": "#metal" },
				"north": { "uv": [ 10.13363, 9.003, 14.13363, 15.003 ], "texture": "#metal" },
				"south": { "uv": [ 1.866367, 9.003, 5.866367, 15.003 ], "texture": "#metal" },
				"west": { "uv": [ 6.305206, 9.003, 7.098806, 15.003 ], "texture": "#metal" },
				"east": { "uv": [ 8.901194, 9.003, 9.694794, 15.003 ], "texture": "#metal" }
			}
		},
		{
			"__comment": "Box1",
			"from": [ 2.6032, 0.996, 6 ],
			"to": [ 3.3968, 6.996, 10 ],
			"rotation": { "origin": [ 3, 0.9960001, 8 ], "axis": "y", "angle": 22.5 },
			"faces": {
				"down": { "uv": [ 1.868038, 5.69591, 2.661638, 9.69591 ], "texture": "#metal" },
				"up": { "uv": [ 1.868038, 6.30409, 2.661638, 10.30409 ], "texture": "#metal" },
				"north": { "uv": [ 13.33836, 9.004, 14.13196, 15.004 ], "texture": "#metal" },
				"south": { "uv": [ 1.868038, 9.004, 2.661638, 15.004 ], "texture": "#metal" },
				"west": { "uv": [ 6.30409, 9.004, 10.30409, 15.004 ], "texture": "#metal" },
				"east": { "uv": [ 5.69591, 9.004, 9.69591, 15.004 ], "texture": "#metal" }
			}
		},
		{
			"__comment": "Box1",
			"from": [ 2.6032, 0.9949999, 6 ],
			"to": [ 3.3968, 6.995, 10 ],
			"faces": {
				"down": { "uv": [ 2.603199, 6, 3.396799, 10 ], "texture": "#metal" },
				"up": { "uv": [ 2.603199, 6, 3.396799, 10 ], "texture": "#metal" },
				"north": { "uv": [ 12.6032, 9.005, 13.3968, 15.005 ], "texture": "#metal" },
				"south": { "uv": [ 2.603199, 9.005, 3.396799, 15.005 ], "texture": "#metal" },
				"west": { "uv": [ 6, 9.005, 10, 15.005 ], "texture": "#metal" },
				"east": { "uv": [ 6, 9.005, 10, 15.005 ], "texture": "#metal" }
			}
		},
		{
			"__comment": "Box1",
			"from": [ 2.6032, 0.994, 6 ],
			"to": [ 3.3968, 6.994, 10 ],
			"rotation": { "origin": [ 3, 0.994, 8 ], "axis": "y", "angle": -22.5 },
			"faces": {
				"down": { "uv": [ 3.398771, 5.99961, 4.192371, 9.99961 ], "texture": "#metal" },
				"up": { "uv": [ 3.398771, 6.00039, 4.192371, 10.00039 ], "texture": "#metal" },
				"north": { "uv": [ 11.80763, 9.006001, 12.60123, 15.006 ], "texture": "#metal" },
				"south": { "uv": [ 3.398771, 9.006001, 4.192371, 15.006 ], "texture": "#metal" },
				"west": { "uv": [ 6.00039, 9.006001, 10.00039, 15.006 ], "texture": "#metal" },
				"east": { "uv": [ 5.99961, 9.006001, 9.99961, 15.006 ], "texture": "#metal" }
			}
		},
		{
			"__comment": "Box1",
			"from": [ 2.6032, 0.993, 6 ],
			"to": [ 3.3968, 6.993, 10 ],
			"rotation": { "origin": [ 3, 0.993, 8 ], "axis": "y", "angle": -45 },
			"faces": {
				"down": { "uv": [ 4.133635, 5.694796, 4.927235, 9.694796 ], "texture": "#metal" },
				"up": { "uv": [ 4.133635, 6.305204, 4.927235, 10.3052 ], "texture": "#metal" },
				"north": { "uv": [ 11.07277, 9.007, 11.86637, 15.007 ], "texture": "#metal" },
				"south": { "uv": [ 4.133635, 9.007, 4.927235, 15.007 ], "texture": "#metal" },
				"west": { "uv": [ 6.305204, 9.007, 10.3052, 15.007 ], "texture": "#metal" },
				"east": { "uv": [ 5.694796, 9.007, 9.694796, 15.007 ], "texture": "#metal" }
			}
		},
		{
			"__comment": "Box1",
			"from": [ 2.6032, 1, 1.75 ],
			"to": [ 3.3968, 7, 5.75 ],
			"rotation": { "origin": [ 3, 1, 3.75 ], "axis": "y", "angle": -45 },
			"faces": {
				"down": { "uv": [ 4.133635, 9.944796, 4.927235, 13.9448 ], "texture": "#metal" },
				"up": { "uv": [ 4.133635, 2.055204, 4.927235, 6.055204 ], "texture": "#metal" },
				"north": { "uv": [ 11.07277, 9, 11.86637, 15 ], "texture": "#metal" },
				"south": { "uv": [ 4.133635, 9, 4.927235, 15 ], "texture": "#metal" },
				"west": { "uv": [ 2.055204, 9, 6.055204, 15 ], "texture": "#metal" },
				"east": { "uv": [ 9.944796, 9, 13.9448, 15 ], "texture": "#metal" }
			}
		},
		{
			"__comment": "Box1",
			"from": [ 2.6032, 1.001, 1.75 ],
			"to": [ 3.3968, 7.001, 5.75 ],
			"rotation": { "origin": [ 3, 1.001, 3.75 ], "axis": "y", "angle": -22.5 },
			"faces": {
				"down": { "uv": [ 3.398771, 10.24961, 4.192371, 14.24961 ], "texture": "#metal" },
				"up": { "uv": [ 3.398771, 1.75039, 4.192371, 5.75039 ], "texture": "#metal" },
				"north": { "uv": [ 11.80763, 8.999001, 12.60123, 14.999 ], "texture": "#metal" },
				"south": { "uv": [ 3.398771, 8.999001, 4.192371, 14.999 ], "texture": "#metal" },
				"west": { "uv": [ 1.75039, 8.999001, 5.75039, 14.999 ], "texture": "#metal" },
				"east": { "uv": [ 10.24961, 8.999001, 14.24961, 14.999 ], "texture": "#metal" }
			}
		},
		{
			"__comment": "Box1",
			"from": [ 2.6032, 1.002, 1.75 ],
			"to": [ 3.3968, 7.002, 5.75 ],
			"faces": {
				"down": { "uv": [ 2.603199, 10.25, 3.396799, 14.25 ], "texture": "#metal" },
				"up": { "uv": [ 2.603199, 1.75, 3.396799, 5.75 ], "texture": "#metal" },
				"north": { "uv": [ 12.6032, 8.998, 13.3968, 14.998 ], "texture": "#metal" },
				"south": { "uv": [ 2.603199, 8.998, 3.396799, 14.998 ], "texture": "#metal" },
				"west": { "uv": [ 1.75, 8.998, 5.75, 14.998 ], "texture": "#metal" },
				"east": { "uv": [ 10.25, 8.998, 14.25, 14.998 ], "texture": "#metal" }
			}
		},
		{
			"__comment": "Box1",
			"from": [ 2.6032, 1.003, 1.75 ],
			"to": [ 3.3968, 7.003, 5.75 ],
			"rotation": { "origin": [ 3, 1.003, 3.75 ], "axis": "y", "angle": 22.5 },
			"faces": {
				"down": { "uv": [ 1.868038, 9.94591, 2.661638, 13.94591 ], "texture": "#metal" },
				"up": { "uv": [ 1.868038, 2.05409, 2.661638, 6.05409 ], "texture": "#metal" },
				"north": { "uv": [ 13.33836, 8.997, 14.13196, 14.997 ], "texture": "#metal" },
				"south": { "uv": [ 1.868038, 8.997, 2.661638, 14.997 ], "texture": "#metal" },
				"west": { "uv": [ 2.05409, 8.997, 6.05409, 14.997 ], "texture": "#metal" },
				"east": { "uv": [ 9.94591, 8.997, 13.94591, 14.997 ], "texture": "#metal" }
			}
		},
		{
			"__comment": "Box1",
			"from": [ 1, 1.004, 3.3532 ],
			"to": [ 5, 7.004, 4.1468 ],
			"rotation": { "origin": [ 3, 1.004, 3.75 ], "axis": "y", "angle": -45 },
			"faces": {
				"down": { "uv": [ 1.866367, 13.15119, 5.866367, 13.94479 ], "texture": "#metal" },
				"up": { "uv": [ 1.866367, 2.055206, 5.866367, 2.848805 ], "texture": "#metal" },
				"north": { "uv": [ 10.13363, 8.996, 14.13363, 14.996 ], "texture": "#metal" },
				"south": { "uv": [ 1.866367, 8.996, 5.866367, 14.996 ], "texture": "#metal" },
				"west": { "uv": [ 2.055206, 8.996, 2.848806, 14.996 ], "texture": "#metal" },
				"east": { "uv": [ 13.15119, 8.996, 13.94479, 14.996 ], "texture": "#metal" }
			}
		},
		{
			"__comment": "Box1",
			"from": [ 1, 1.005, 3.3532 ],
			"to": [ 5, 7.005, 4.1468 ],
			"rotation": { "origin": [ 3, 1.005, 3.75 ], "axis": "y", "angle": -22.5 },
			"faces": {
				"down": { "uv": [ 1.30409, 12.58836, 5.30409, 13.38196 ], "texture": "#metal" },
				"up": { "uv": [ 1.30409, 2.618037, 5.30409, 3.411637 ], "texture": "#metal" },
				"north": { "uv": [ 10.69591, 8.995, 14.69591, 14.995 ], "texture": "#metal" },
				"south": { "uv": [ 1.30409, 8.995, 5.30409, 14.995 ], "texture": "#metal" },
				"west": { "uv": [ 2.618037, 8.995, 3.411637, 14.995 ], "texture": "#metal" },
				"east": { "uv": [ 12.58836, 8.995, 13.38196, 14.995 ], "texture": "#metal" }
			}
		},
		{
			"__comment": "Box1",
			"from": [ 1, 1.006, 3.3532 ],
			"to": [ 5, 7.006, 4.1468 ],
			"faces": {
				"down": { "uv": [ 1, 11.8532, 5, 12.6468 ], "texture": "#metal" },
				"up": { "uv": [ 1, 3.3532, 5, 4.1468 ], "texture": "#metal" },
				"north": { "uv": [ 11, 8.993999, 15, 14.994 ], "texture": "#metal" },
				"south": { "uv": [ 1, 8.993999, 5, 14.994 ], "texture": "#metal" },
				"west": { "uv": [ 3.3532, 8.993999, 4.1468, 14.994 ], "texture": "#metal" },
				"east": { "uv": [ 11.8532, 8.993999, 12.6468, 14.994 ], "texture": "#metal" }
			}
		},
		{
			"__comment": "Box1",
			"from": [ 1, 1.007, 3.3532 ],
			"to": [ 5, 7.007, 4.1468 ],
			"rotation": { "origin": [ 3, 1.007, 3.75 ], "axis": "y", "angle": 22.5 },
			"faces": {
				"down": { "uv": [ 1.000391, 11.05763, 5.000391, 11.85123 ], "texture": "#metal" },
				"up": { "uv": [ 1.000391, 4.148769, 5.000391, 4.942369 ], "texture": "#metal" },
				"north": { "uv": [ 10.99961, 8.993, 14.99961, 14.993 ], "texture": "#metal" },
				"south": { "uv": [ 1.000391, 8.993, 5.000391, 14.993 ], "texture": "#metal" },
				"west": { "uv": [ 4.148769, 8.993, 4.942369, 14.993 ], "texture": "#metal" },
				"east": { "uv": [ 11.05763, 8.993, 11.85123, 14.993 ], "texture": "#metal" }
			}
		},
		{
			"__comment": "Box1",
			"from": [ 1, 1, 2.8532 ],
			"to": [ 5, 7, 3.6468 ],
			"rotation": { "origin": [ 3, 1, 3.25 ], "axis": "y", "angle": 22.5 },
			"faces": {
				"down": { "uv": [ 1.000391, 11.55763, 5.000391, 12.35123 ], "texture": "#metal" },
				"up": { "uv": [ 1.000391, 3.648769, 5.000391, 4.442369 ], "texture": "#metal" },
				"north": { "uv": [ 10.99961, 9, 14.99961, 15 ], "texture": "#metal" },
				"south": { "uv": [ 1.000391, 9, 5.000391, 15 ], "texture": "#metal" },
				"west": { "uv": [ 3.648769, 9, 4.442369, 15 ], "texture": "#metal" },
				"east": { "uv": [ 11.55763, 9, 12.35123, 15 ], "texture": "#metal" }
			}
		},
		{
			"__comment": "Box1",
			"from": [ 1, 0.999, 2.8532 ],
			"to": [ 5, 6.999, 3.6468 ],
			"faces": {
				"down": { "uv": [ 1, 12.3532, 5, 13.1468 ], "texture": "#metal" },
				"up": { "uv": [ 1, 2.8532, 5, 3.6468 ], "texture": "#metal" },
				"north": { "uv": [ 11, 9.000999, 15, 15.001 ], "texture": "#metal" },
				"south": { "uv": [ 1, 9.000999, 5, 15.001 ], "texture": "#metal" },
				"west": { "uv": [ 2.8532, 9.000999, 3.6468, 15.001 ], "texture": "#metal" },
				"east": { "uv": [ 12.3532, 9.000999, 13.1468, 15.001 ], "texture": "#metal" }
			}
		},
		{
			"__comment": "Box1",
			"from": [ 1, 0.998, 2.8532 ],
			"to": [ 5, 6.998, 3.6468 ],
			"rotation": { "origin": [ 3, 0.998, 3.25 ], "axis": "y", "angle": -22.5 },
			"faces": {
				"down": { "uv": [ 1.30409, 13.08836, 5.30409, 13.88196 ], "texture": "#metal" },
				"up": { "uv": [ 1.30409, 2.118037, 5.30409, 2.911637 ], "texture": "#metal" },
				"north": { "uv": [ 10.69591, 9.002, 14.69591, 15.002 ], "texture": "#metal" },
				"south": { "uv": [ 1.30409, 9.002, 5.30409, 15.002 ], "texture": "#metal" },
				"west": { "uv": [ 2.118037, 9.002, 2.911637, 15.002 ], "texture": "#metal" },
				"east": { "uv": [ 13.08836, 9.002, 13.88196, 15.002 ], "texture": "#metal" }
			}
		},
		{
			"__comment": "Box1",
			"from": [ 1, 0.997, 2.8532 ],
			"to": [ 5, 6.997, 3.6468 ],
			"rotation": { "origin": [ 3, 0.997, 3.25 ], "axis": "y", "angle": -45 },
			"faces": {
				"down": { "uv": [ 1.866367, 13.65119, 5.866367, 14.44479 ], "texture": "#metal" },
				"up": { "uv": [ 1.866367, 1.555206, 5.866367, 2.348805 ], "texture": "#metal" },
				"north": { "uv": [ 10.13363, 9.003, 14.13363, 15.003 ], "texture": "#metal" },
				"south": { "uv": [ 1.866367, 9.003, 5.866367, 15.003 ], "texture": "#metal" },
				"west": { "uv": [ 1.555206, 9.003, 2.348806, 15.003 ], "texture": "#metal" },
				"east": { "uv": [ 13.65119, 9.003, 14.44479, 15.003 ], "texture": "#metal" }
			}
		},
		{
			"__comment": "Box1",
			"from": [ 2.6032, 0.996, 1.25 ],
			"to": [ 3.3968, 6.996, 5.25 ],
			"rotation": { "origin": [ 3, 0.9960001, 3.25 ], "axis": "y", "angle": 22.5 },
			"faces": {
				"down": { "uv": [ 1.868038, 10.44591, 2.661638, 14.44591 ], "texture": "#metal" },
				"up": { "uv": [ 1.868038, 1.55409, 2.661638, 5.55409 ], "texture": "#metal" },
				"north": { "uv": [ 13.33836, 9.004, 14.13196, 15.004 ], "texture": "#metal" },
				"south": { "uv": [ 1.868038, 9.004, 2.661638, 15.004 ], "texture": "#metal" },
				"west": { "uv": [ 1.55409, 9.004, 5.55409, 15.004 ], "texture": "#metal" },
				"east": { "uv": [ 10.44591, 9.004, 14.44591, 15.004 ], "texture": "#metal" }
			}
		},
		{
			"__comment": "Box1",
			"from": [ 2.6032, 0.9949999, 1.25 ],
			"to": [ 3.3968, 6.995, 5.25 ],
			"faces": {
				"down": { "uv": [ 2.603199, 10.75, 3.396799, 14.75 ], "texture": "#metal" },
				"up": { "uv": [ 2.603199, 1.25, 3.396799, 5.25 ], "texture": "#metal" },
				"north": { "uv": [ 12.6032, 9.005, 13.3968, 15.005 ], "texture": "#metal" },
				"south": { "uv": [ 2.603199, 9.005, 3.396799, 15.005 ], "texture": "#metal" },
				"west": { "uv": [ 1.25, 9.005, 5.25, 15.005 ], "texture": "#metal" },
				"east": { "uv": [ 10.75, 9.005, 14.75, 15.005 ], "texture": "#metal" }
			}
		},
		{
			"__comment": "Box1",
			"from": [ 2.6032, 0.994, 1.25 ],
			"to": [ 3.3968, 6.994, 5.25 ],
			"rotation": { "origin": [ 3, 0.994, 3.25 ], "axis": "y", "angle": -22.5 },
			"faces": {
				"down": { "uv": [ 3.398771, 10.74961, 4.192371, 14.74961 ], "texture": "#metal" },
				"up": { "uv": [ 3.398771, 1.25039, 4.192371, 5.25039 ], "texture": "#metal" },
				"north": { "uv": [ 11.80763, 9.006001, 12.60123, 15.006 ], "texture": "#metal" },
				"south": { "uv": [ 3.398771, 9.006001, 4.192371, 15.006 ], "texture": "#metal" },
				"west": { "uv": [ 1.25039, 9.006001, 5.25039, 15.006 ], "texture": "#metal" },
				"east": { "uv": [ 10.74961, 9.006001, 14.74961, 15.006 ], "texture": "#metal" }
			}
		},
		{
			"__comment": "Box1",
			"from": [ 2.6032, 0.993, 1.25 ],
			"to": [ 3.3968, 6.993, 5.25 ],
			"rotation": { "origin": [ 3, 0.993, 3.25 ], "axis": "y", "angle": -45 },
			"faces": {
				"down": { "uv": [ 4.133635, 10.4448, 4.927235, 14.4448 ], "texture": "#metal" },
				"up": { "uv": [ 4.133635, 1.555204, 4.927235, 5.555204 ], "texture": "#metal" },
				"north": { "uv": [ 11.07277, 9.007, 11.86637, 15.007 ], "texture": "#metal" },
				"south": { "uv": [ 4.133635, 9.007, 4.927235, 15.007 ], "texture": "#metal" },
				"west": { "uv": [ 1.555204, 9.007, 5.555204, 15.007 ], "texture": "#metal" },
				"east": { "uv": [ 10.4448, 9.007, 14.4448, 15.007 ], "texture": "#metal" }
			}
		},
		{
			"__comment": "Box1",
			"from": [ 1, 7, 2.3532 ],
			"to": [ 5, 13, 3.1468 ],
			"rotation": { "origin": [ 3, 7, 2.75 ], "axis": "y", "angle": 22.5 },
			"faces": {
				"down": { "uv": [ 1.000391, 12.05763, 5.000391, 12.85123 ], "texture": "#metal" },
				"up": { "uv": [ 1.000391, 3.148769, 5.000391, 3.942369 ], "texture": "#metal" },
				"north": { "uv": [ 10.99961, 3, 14.99961, 9 ], "texture": "#metal" },
				"south": { "uv": [ 1.000391, 3, 5.000391, 9 ], "texture": "#metal" },
				"west": { "uv": [ 3.148769, 3, 3.942369, 9 ], "texture": "#metal" },
				"east": { "uv": [ 12.05763, 3, 12.85123, 9 ], "texture": "#metal" }
			}
		},
		{
			"__comment": "Box1",
			"from": [ 1, 6.999, 2.3532 ],
			"to": [ 5, 12.999, 3.1468 ],
			"faces": {
				"down": { "uv": [ 1, 12.8532, 5, 13.6468 ], "texture": "#metal" },
				"up": { "uv": [ 1, 2.3532, 5, 3.1468 ], "texture": "#metal" },
				"north": { "uv": [ 11, 3.000999, 15, 9.000999 ], "texture": "#metal" },
				"south": { "uv": [ 1, 3.000999, 5, 9.000999 ], "texture": "#metal" },
				"west": { "uv": [ 2.3532, 3.000999, 3.1468, 9.000999 ], "texture": "#metal" },
				"east": { "uv": [ 12.8532, 3.000999, 13.6468, 9.000999 ], "texture": "#metal" }
			}
		},
		{
			"__comment": "Box1",
			"from": [ 1, 6.998, 2.3532 ],
			"to": [ 5, 12.998, 3.1468 ],
			"rotation": { "origin": [ 3, 6.998, 2.75 ], "axis": "y", "angle": -22.5 },
			"faces": {
				"down": { "uv": [ 1.30409, 13.58836, 5.30409, 14.38196 ], "texture": "#metal" },
				"up": { "uv": [ 1.30409, 1.618037, 5.30409, 2.411637 ], "texture": "#metal" },
				"north": { "uv": [ 10.69591, 3.002, 14.69591, 9.002 ], "texture": "#metal" },
				"south": { "uv": [ 1.30409, 3.002, 5.30409, 9.002 ], "texture": "#metal" },
				"west": { "uv": [ 1.618037, 3.002, 2.411637, 9.002 ], "texture": "#metal" },
				"east": { "uv": [ 13.58836, 3.002, 14.38196, 9.002 ], "texture": "#metal" }
			}
		},
		{
			"__comment": "Box1",
			"from": [ 1, 6.997, 2.3532 ],
			"to": [ 5, 12.997, 3.1468 ],
			"rotation": { "origin": [ 3, 6.997, 2.75 ], "axis": "y", "angle": -45 },
			"faces": {
				"down": { "uv": [ 1.866367, 14.15119, 5.866367, 14.94479 ], "texture": "#metal" },
				"up": { "uv": [ 1.866367, 1.055206, 5.866367, 1.848806 ], "texture": "#metal" },
				"north": { "uv": [ 10.13363, 3.003, 14.13363, 9.003 ], "texture": "#metal" },
				"south": { "uv": [ 1.866367, 3.003, 5.866367, 9.003 ], "texture": "#metal" },
				"west": { "uv": [ 1.055206, 3.003, 1.848806, 9.003 ], "texture": "#metal" },
				"east": { "uv": [ 14.15119, 3.003, 14.94479, 9.003 ], "texture": "#metal" }
			}
		},
		{
			"__comment": "Box1",
			"from": [ 2.6032, 6.996, 0.75 ],
			"to": [ 3.3968, 12.996, 4.75 ],
			"rotation": { "origin": [ 3, 6.996, 2.75 ], "axis": "y", "angle": 22.5 },
			"faces": {
				"down": { "uv": [ 1.868038, 10.94591, 2.661638, 14.94591 ], "texture": "#metal" },
				"up": { "uv": [ 1.868038, 1.05409, 2.661638, 5.05409 ], "texture": "#metal" },
				"north": { "uv": [ 13.33836, 3.004, 14.13196, 9.004 ], "texture": "#metal" },
				"south": { "uv": [ 1.868038, 3.004, 2.661638, 9.004 ], "texture": "#metal" },
				"west": { "uv": [ 1.05409, 3.004, 5.05409, 9.004 ], "texture": "#metal" },
				"east": { "uv": [ 10.94591, 3.004, 14.94591, 9.004 ], "texture": "#metal" }
			}
		},
		{
			"__comment": "Box1",
			"from": [ 2.6032, 6.995, 0.75 ],
			"to": [ 3.3968, 12.995, 4.75 ],
			"faces": {
				"down": { "uv": [ 2.603199, 11.25, 3.396799, 15.25 ], "texture": "#metal" },
				"up": { "uv": [ 2.603199, 0.75, 3.396799, 4.75 ], "texture": "#metal" },
				"north": { "uv": [ 12.6032, 3.005, 13.3968, 9.005 ], "texture": "#metal" },
				"south": { "uv": [ 2.603199, 3.005, 3.396799, 9.005 ], "texture": "#metal" },
				"west": { "uv": [ 0.75, 3.005, 4.75, 9.005 ], "texture": "#metal" },
				"east": { "uv": [ 11.25, 3.005, 15.25, 9.005 ], "texture": "#metal" }
			}
		},
		{
			"__comment": "Box1",
			"from": [ 2.6032, 6.994, 0.75 ],
			"to": [ 3.3968, 12.994, 4.75 ],
			"rotation": { "origin": [ 3, 6.994, 2.75 ], "axis": "y", "angle": -22.5 },
			"faces": {
				"down": { "uv": [ 3.398771, 11.24961, 4.192371, 15.24961 ], "texture": "#metal" },
				"up": { "uv": [ 3.398771, 0.7503901, 4.192371, 4.75039 ], "texture": "#metal" },
				"north": { "uv": [ 11.80763, 3.006001, 12.60123, 9.006001 ], "texture": "#metal" },
				"south": { "uv": [ 3.398771, 3.006001, 4.192371, 9.006001 ], "texture": "#metal" },
				"west": { "uv": [ 0.7503901, 3.006001, 4.75039, 9.006001 ], "texture": "#metal" },
				"east": { "uv": [ 11.24961, 3.006001, 15.24961, 9.006001 ], "texture": "#metal" }
			}
		},
		{
			"__comment": "Box1",
			"from": [ 2.6032, 6.993, 0.75 ],
			"to": [ 3.3968, 12.993, 4.75 ],
			"rotation": { "origin": [ 3, 6.993, 2.75 ], "axis": "y", "angle": -45 },
			"faces": {
				"down": { "uv": [ 4.133635, 10.9448, 4.927235, 14.9448 ], "texture": "#metal" },
				"up": { "uv": [ 4.133635, 1.055204, 4.927235, 5.055204 ], "texture": "#metal" },
				"north": { "uv": [ 11.07277, 3.007, 11.86637, 9.007 ], "texture": "#metal" },
				"south": { "uv": [ 4.133635, 3.007, 4.927235, 9.007 ], "texture": "#metal" },
				"west": { "uv": [ 1.055204, 3.007, 5.055204, 9.007 ], "texture": "#metal" },
				"east": { "uv": [ 10.9448, 3.007, 14.9448, 9.007 ], "texture": "#metal" }
			}
		},
		{
			"__comment": "Box1",
			"from": [ 1, 7, 9.6032 ],
			"to": [ 5, 13, 10.3968 ],
			"rotation": { "origin": [ 3, 7, 10 ], "axis": "y", "angle": 22.5 },
			"faces": {
				"down": { "uv": [ 1.000391, 4.807631, 5.000391, 5.601231 ], "texture": "#metal" },
				"up": { "uv": [ 1.000391, 10.39877, 5.000391, 11.19237 ], "texture": "#metal" },
				"north": { "uv": [ 10.99961, 3, 14.99961, 9 ], "texture": "#metal" },
				"south": { "uv": [ 1.000391, 3, 5.000391, 9 ], "texture": "#metal" },
				"west": { "uv": [ 10.39877, 3, 11.19237, 9 ], "texture": "#metal" },
				"east": { "uv": [ 4.807631, 3, 5.601231, 9 ], "texture": "#metal" }
			}
		},
		{
			"__comment": "Box1",
			"from": [ 1, 6.999, 9.6032 ],
			"to": [ 5, 12.999, 10.3968 ],
			"faces": {
				"down": { "uv": [ 1, 5.6032, 5, 6.3968 ], "texture": "#metal" },
				"up": { "uv": [ 1, 9.6032, 5, 10.3968 ], "texture": "#metal" },
				"north": { "uv": [ 11, 3.000999, 15, 9.000999 ], "texture": "#metal" },
				"south": { "uv": [ 1, 3.000999, 5, 9.000999 ], "texture": "#metal" },
				"west": { "uv": [ 9.6032, 3.000999, 10.3968, 9.000999 ], "texture": "#metal" },
				"east": { "uv": [ 5.6032, 3.000999, 6.3968, 9.000999 ], "texture": "#metal" }
			}
		},
		{
			"__comment": "Box1",
			"from": [ 1, 6.998, 9.6032 ],
			"to": [ 5, 12.998, 10.3968 ],
			"rotation": { "origin": [ 3, 6.998, 10 ], "axis": "y", "angle": -22.5 },
			"faces": {
				"down": { "uv": [ 1.30409, 6.338363, 5.30409, 7.131963 ], "texture": "#metal" },
				"up": { "uv": [ 1.30409, 8.868037, 5.30409, 9.661637 ], "texture": "#metal" },
				"north": { "uv": [ 10.69591, 3.002, 14.69591, 9.002 ], "texture": "#metal" },
				"south": { "uv": [ 1.30409, 3.002, 5.30409, 9.002 ], "texture": "#metal" },
				"west": { "uv": [ 8.868037, 3.002, 9.661637, 9.002 ], "texture": "#metal" },
				"east": { "uv": [ 6.338363, 3.002, 7.131963, 9.002 ], "texture": "#metal" }
			}
		},
		{
			"__comment": "Box1",
			"from": [ 1, 6.997, 9.6032 ],
			"to": [ 5, 12.997, 10.3968 ],
			"rotation": { "origin": [ 3, 6.997, 10 ], "axis": "y", "angle": -45 },
			"faces": {
				"down": { "uv": [ 1.866367, 6.901194, 5.866367, 7.694794 ], "texture": "#metal" },
				"up": { "uv": [ 1.866367, 8.305206, 5.866367, 9.098806 ], "texture": "#metal" },
				"north": { "uv": [ 10.13363, 3.003, 14.13363, 9.003 ], "texture": "#metal" },
				"south": { "uv": [ 1.866367, 3.003, 5.866367, 9.003 ], "texture": "#metal" },
				"west": { "uv": [ 8.305206, 3.003, 9.098806, 9.003 ], "texture": "#metal" },
				"east": { "uv": [ 6.901194, 3.003, 7.694794, 9.003 ], "texture": "#metal" }
			}
		},
		{
			"__comment": "Box1",
			"from": [ 2.6032, 6.996, 8 ],
			"to": [ 3.3968, 12.996, 12 ],
			"rotation": { "origin": [ 3, 6.996, 10 ], "axis": "y", "angle": 22.5 },
			"faces": {
				"down": { "uv": [ 1.868038, 3.69591, 2.661638, 7.69591 ], "texture": "#metal" },
				"up": { "uv": [ 1.868038, 8.30409, 2.661638, 12.30409 ], "texture": "#metal" },
				"north": { "uv": [ 13.33836, 3.004, 14.13196, 9.004 ], "texture": "#metal" },
				"south": { "uv": [ 1.868038, 3.004, 2.661638, 9.004 ], "texture": "#metal" },
				"west": { "uv": [ 8.30409, 3.004, 12.30409, 9.004 ], "texture": "#metal" },
				"east": { "uv": [ 3.69591, 3.004, 7.69591, 9.004 ], "texture": "#metal" }
			}
		},
		{
			"__comment": "Box1",
			"from": [ 2.6032, 6.995, 8 ],
			"to": [ 3.3968, 12.995, 12 ],
			"faces": {
				"down": { "uv": [ 2.603199, 4, 3.396799, 8 ], "texture": "#metal" },
				"up": { "uv": [ 2.603199, 8, 3.396799, 12 ], "texture": "#metal" },
				"north": { "uv": [ 12.6032, 3.005, 13.3968, 9.005 ], "texture": "#metal" },
				"south": { "uv": [ 2.603199, 3.005, 3.396799, 9.005 ], "texture": "#metal" },
				"west": { "uv": [ 8, 3.005, 12, 9.005 ], "texture": "#metal" },
				"east": { "uv": [ 4, 3.005, 8, 9.005 ], "texture": "#metal" }
			}
		},
		{
			"__comment": "Box1",
			"from": [ 2.6032, 6.994, 8 ],
			"to": [ 3.3968, 12.994, 12 ],
			"rotation": { "origin": [ 3, 6.994, 10 ], "axis": "y", "angle": -22.5 },
			"faces": {
				"down": { "uv": [ 3.398771, 3.99961, 4.192371, 7.99961 ], "texture": "#metal" },
				"up": { "uv": [ 3.398771, 8.00039, 4.192371, 12.00039 ], "texture": "#metal" },
				"north": { "uv": [ 11.80763, 3.006001, 12.60123, 9.006001 ], "texture": "#metal" },
				"south": { "uv": [ 3.398771, 3.006001, 4.192371, 9.006001 ], "texture": "#metal" },
				"west": { "uv": [ 8.00039, 3.006001, 12.00039, 9.006001 ], "texture": "#metal" },
				"east": { "uv": [ 3.99961, 3.006001, 7.99961, 9.006001 ], "texture": "#metal" }
			}
		},
		{
			"__comment": "Box1",
			"from": [ 2.6032, 6.993, 8 ],
			"to": [ 3.3968, 12.993, 12 ],
			"rotation": { "origin": [ 3, 6.993, 10 ], "axis": "y", "angle": -45 },
			"faces": {
				"down": { "uv": [ 4.133635, 3.694796, 4.927235, 7.694796 ], "texture": "#metal" },
				"up": { "uv": [ 4.133635, 8.305204, 4.927235, 12.3052 ], "texture": "#metal" },
				"north": { "uv": [ 11.07277, 3.007, 11.86637, 9.007 ], "texture": "#metal" },
				"south": { "uv": [ 4.133635, 3.007, 4.927235, 9.007 ], "texture": "#metal" },
				"west": { "uv": [ 8.305204, 3.007, 12.3052, 9.007 ], "texture": "#metal" },
				"east": { "uv": [ 3.694796, 3.007, 7.694796, 9.007 ], "texture": "#metal" }
			}
		},
		{
			"__comment": "Box1",
			"from": [ 1, 1, 11.8532 ],
			"to": [ 5, 7, 12.6468 ],
			"rotation": { "origin": [ 3, 1, 12.25 ], "axis": "y", "angle": 22.5 },
			"faces": {
				"down": { "uv": [ 1.000391, 2.557631, 5.000391, 3.351231 ], "texture": "#metal" },
				"up": { "uv": [ 1.000391, 12.64877, 5.000391, 13.44237 ], "texture": "#metal" },
				"north": { "uv": [ 10.99961, 9, 14.99961, 15 ], "texture": "#metal" },
				"south": { "uv": [ 1.000391, 9, 5.000391, 15 ], "texture": "#metal" },
				"west": { "uv": [ 12.64877, 9, 13.44237, 15 ], "texture": "#metal" },
				"east": { "uv": [ 2.557631, 9, 3.351231, 15 ], "texture": "#metal" }
			}
		},
		{
			"__comment": "Box1",
			"from": [ 1, 0.999, 11.8532 ],
			"to": [ 5, 6.999, 12.6468 ],
			"faces": {
				"down": { "uv": [ 1, 3.3532, 5, 4.1468 ], "texture": "#metal" },
				"up": { "uv": [ 1, 11.8532, 5, 12.6468 ], "texture": "#metal" },
				"north": { "uv": [ 11, 9.000999, 15, 15.001 ], "texture": "#metal" },
				"south": { "uv": [ 1, 9.000999, 5, 15.001 ], "texture": "#metal" },
				"west": { "uv": [ 11.8532, 9.000999, 12.6468, 15.001 ], "texture": "#metal" },
				"east": { "uv": [ 3.3532, 9.000999, 4.1468, 15.001 ], "texture": "#metal" }
			}
		},
		{
			"__comment": "Box1",
			"from": [ 1, 0.998, 11.8532 ],
			"to": [ 5, 6.998, 12.6468 ],
			"rotation": { "origin": [ 3, 0.9980001, 12.25 ], "axis": "y", "angle": -22.5 },
			"faces": {
				"down": { "uv": [ 1.30409, 4.088363, 5.30409, 4.881963 ], "texture": "#metal" },
				"up": { "uv": [ 1.30409, 11.11804, 5.30409, 11.91164 ], "texture": "#metal" },
				"north": { "uv": [ 10.69591, 9.002, 14.69591, 15.002 ], "texture": "#metal" },
				"south": { "uv": [ 1.30409, 9.002, 5.30409, 15.002 ], "texture": "#metal" },
				"west": { "uv": [ 11.11804, 9.002, 11.91164, 15.002 ], "texture": "#metal" },
				"east": { "uv": [ 4.088363, 9.002, 4.881963, 15.002 ], "texture": "#metal" }
			}
		},
		{
			"__comment": "Box1",
			"from": [ 1, 0.997, 11.8532 ],
			"to": [ 5, 6.997, 12.6468 ],
			"rotation": { "origin": [ 3, 0.9969997, 12.25 ], "axis": "y", "angle": -45 },
			"faces": {
				"down": { "uv": [ 1.866367, 4.651194, 5.866367, 5.444794 ], "texture": "#metal" },
				"up": { "uv": [ 1.866367, 10.55521, 5.866367, 11.34881 ], "texture": "#metal" },
				"north": { "uv": [ 10.13363, 9.003, 14.13363, 15.003 ], "texture": "#metal" },
				"south": { "uv": [ 1.866367, 9.003, 5.866367, 15.003 ], "texture": "#metal" },
				"west": { "uv": [ 10.55521, 9.003, 11.34881, 15.003 ], "texture": "#metal" },
				"east": { "uv": [ 4.651194, 9.003, 5.444794, 15.003 ], "texture": "#metal" }
			}
		},
		{
			"__comment": "Box1",
			"from": [ 2.6032, 0.996, 10.25 ],
			"to": [ 3.3968, 6.996, 14.25 ],
			"rotation": { "origin": [ 3, 0.9960003, 12.25 ], "axis": "y", "angle": 22.5 },
			"faces": {
				"down": { "uv": [ 1.868038, 1.44591, 2.661638, 5.44591 ], "texture": "#metal" },
				"up": { "uv": [ 1.868038, 10.55409, 2.661638, 14.55409 ], "texture": "#metal" },
				"north": { "uv": [ 13.33836, 9.004, 14.13196, 15.004 ], "texture": "#metal" },
				"south": { "uv": [ 1.868038, 9.004, 2.661638, 15.004 ], "texture": "#metal" },
				"west": { "uv": [ 10.55409, 9.004, 14.55409, 15.004 ], "texture": "#metal" },
				"east": { "uv": [ 1.44591, 9.004, 5.44591, 15.004 ], "texture": "#metal" }
			}
		},
		{
			"__comment": "Box1",
			"from": [ 2.6032, 0.9949999, 10.25 ],
			"to": [ 3.3968, 6.995, 14.25 ],
			"faces": {
				"down": { "uv": [ 2.603199, 1.75, 3.396799, 5.75 ], "texture": "#metal" },
				"up": { "uv": [ 2.603199, 10.25, 3.396799, 14.25 ], "texture": "#metal" },
				"north": { "uv": [ 12.6032, 9.005, 13.3968, 15.005 ], "texture": "#metal" },
				"south": { "uv": [ 2.603199, 9.005, 3.396799, 15.005 ], "texture": "#metal" },
				"west": { "uv": [ 10.25, 9.005, 14.25, 15.005 ], "texture": "#metal" },
				"east": { "uv": [ 1.75, 9.005, 5.75, 15.005 ], "texture": "#metal" }
			}
		},
		{
			"__comment": "Box1",
			"from": [ 2.6032, 0.994, 10.25 ],
			"to": [ 3.3968, 6.994, 14.25 ],
			"rotation": { "origin": [ 3, 0.994, 12.25 ], "axis": "y", "angle": -22.5 },
			"faces": {
				"down": { "uv": [ 3.398771, 1.74961, 4.192371, 5.74961 ], "texture": "#metal" },
				"up": { "uv": [ 3.398771, 10.25039, 4.192371, 14.25039 ], "texture": "#metal" },
				"north": { "uv": [ 11.80763, 9.006001, 12.60123, 15.006 ], "texture": "#metal" },
				"south": { "uv": [ 3.398771, 9.006001, 4.192371, 15.006 ], "texture": "#metal" },
				"west": { "uv": [ 10.25039, 9.006001, 14.25039, 15.006 ], "texture": "#metal" },
				"east": { "uv": [ 1.74961, 9.006001, 5.74961, 15.006 ], "texture": "#metal" }
			}
		},
		{
			"__comment": "Box1",
			"from": [ 2.6032, 0.993, 10.25 ],
			"to": [ 3.3968, 6.993, 14.25 ],
			"rotation": { "origin": [ 3, 0.993, 12.25 ], "axis": "y", "angle": -45 },
			"faces": {
				"down": { "uv": [ 4.133635, 1.444796, 4.927235, 5.444796 ], "texture": "#metal" },
				"up": { "uv": [ 4.133635, 10.5552, 4.927235, 14.5552 ], "texture": "#metal" },
				"north": { "uv": [ 11.07277, 9.007, 11.86637, 15.007 ], "texture": "#metal" },
				"south": { "uv": [ 4.133635, 9.007, 4.927235, 15.007 ], "texture": "#metal" },
				"west": { "uv": [ 10.5552, 9.007, 14.5552, 15.007 ], "texture": "#metal" },
				"east": { "uv": [ 1.444796, 9.007, 5.444796, 15.007 ], "texture": "#metal" }
			}
		},
		{
			"__comment": "Box1",
			"from": [ 5, 7, 6.8532 ],
			"to": [ 9, 13, 7.6468 ],
			"rotation": { "origin": [ 7, 7, 7.25 ], "axis": "y", "angle": 22.5 },
			"faces": {
				"down": { "uv": [ 5.000391, 7.557631, 9.000391, 8.351231 ], "texture": "#metal" },
				"up": { "uv": [ 5.000391, 7.648769, 9.000391, 8.442369 ], "texture": "#metal" },
				"north": { "uv": [ 6.999609, 3, 10.99961, 9 ], "texture": "#metal" },
				"south": { "uv": [ 5.000391, 3, 9.000391, 9 ], "texture": "#metal" },
				"west": { "uv": [ 7.648769, 3, 8.442369, 9 ], "texture": "#metal" },
				"east": { "uv": [ 7.557631, 3, 8.351231, 9 ], "texture": "#metal" }
			}
		},
		{
			"__comment": "Box1",
			"from": [ 5, 6.999, 6.8532 ],
			"to": [ 9, 12.999, 7.6468 ],
			"faces": {
				"down": { "uv": [ 5, 8.3532, 9, 9.1468 ], "texture": "#metal" },
				"up": { "uv": [ 5, 6.8532, 9, 7.6468 ], "texture": "#metal" },
				"north": { "uv": [ 7, 3.000999, 11, 9.000999 ], "texture": "#metal" },
				"south": { "uv": [ 5, 3.000999, 9, 9.000999 ], "texture": "#metal" },
				"west": { "uv": [ 6.8532, 3.000999, 7.6468, 9.000999 ], "texture": "#metal" },
				"east": { "uv": [ 8.3532, 3.000999, 9.1468, 9.000999 ], "texture": "#metal" }
			}
		},
		{
			"__comment": "Box1",
			"from": [ 5, 6.998, 6.8532 ],
			"to": [ 9, 12.998, 7.6468 ],
			"rotation": { "origin": [ 7, 6.998, 7.25 ], "axis": "y", "angle": -22.5 },
			"faces": {
				"down": { "uv": [ 5.30409, 9.088363, 9.30409, 9.881963 ], "texture": "#metal" },
				"up": { "uv": [ 5.30409, 6.118037, 9.30409, 6.911637 ], "texture": "#metal" },
				"north": { "uv": [ 6.69591, 3.002, 10.69591, 9.002 ], "texture": "#metal" },
				"south": { "uv": [ 5.30409, 3.002, 9.30409, 9.002 ], "texture": "#metal" },
				"west": { "uv": [ 6.118037, 3.002, 6.911637, 9.002 ], "texture": "#metal" },
				"east": { "uv": [ 9.088363, 3.002, 9.881963, 9.002 ], "texture": "#metal" }
			}
		},
		{
			"__comment": "Box1",
			"from": [ 5, 6.997, 6.8532 ],
			"to": [ 9, 12.997, 7.6468 ],
			"rotation": { "origin": [ 7, 6.997, 7.25 ], "axis": "y", "angle": -45 },
			"faces": {
				"down": { "uv": [ 5.866367, 9.651194, 9.866367, 10.44479 ], "texture": "#metal" },
				"up": { "uv": [ 5.866367, 5.555206, 9.866367, 6.348806 ], "texture": "#metal" },
				"north": { "uv": [ 6.133633, 3.003, 10.13363, 9.003 ], "texture": "#metal" },
				"south": { "uv": [ 5.866367, 3.003, 9.866367, 9.003 ], "texture": "#metal" },
				"west": { "uv": [ 5.555206, 3.003, 6.348806, 9.003 ], "texture": "#metal" },
				"east": { "uv": [ 9.651194, 3.003, 10.44479, 9.003 ], "texture": "#metal" }
			}
		},
		{
			"__comment": "Box1",
			"from": [ 6.6032, 6.996, 5.25 ],
			"to": [ 7.3968, 12.996, 9.25 ],
			"rotation": { "origin": [ 7, 6.996, 7.25 ], "axis": "y", "angle": 22.5 },
			"faces": {
				"down": { "uv": [ 5.868038, 6.44591, 6.661638, 10.44591 ], "texture": "#metal" },
				"up": { "uv": [ 5.868038, 5.55409, 6.661638, 9.55409 ], "texture": "#metal" },
				"north": { "uv": [ 9.338362, 3.004, 10.13196, 9.004 ], "texture": "#metal" },
				"south": { "uv": [ 5.868038, 3.004, 6.661638, 9.004 ], "texture": "#metal" },
				"west": { "uv": [ 5.55409, 3.004, 9.55409, 9.004 ], "texture": "#metal" },
				"east": { "uv": [ 6.44591, 3.004, 10.44591, 9.004 ], "texture": "#metal" }
			}
		},
		{
			"__comment": "Box1",
			"from": [ 6.6032, 6.995, 5.25 ],
			"to": [ 7.3968, 12.995, 9.25 ],
			"faces": {
				"down": { "uv": [ 6.603199, 6.75, 7.396799, 10.75 ], "texture": "#metal" },
				"up": { "uv": [ 6.603199, 5.25, 7.396799, 9.25 ], "texture": "#metal" },
				"north": { "uv": [ 8.603201, 3.005, 9.396801, 9.005 ], "texture": "#metal" },
				"south": { "uv": [ 6.603199, 3.005, 7.396799, 9.005 ], "texture": "#metal" },
				"west": { "uv": [ 5.25, 3.005, 9.25, 9.005 ], "texture": "#metal" },
				"east": { "uv": [ 6.75, 3.005, 10.75, 9.005 ], "texture": "#metal" }
			}
		},
		{
			"__comment": "Box1",
			"from": [ 6.6032, 6.994, 5.25 ],
			"to": [ 7.3968, 12.994, 9.25 ],
			"rotation": { "origin": [ 7, 6.994, 7.25 ], "axis": "y", "angle": -22.5 },
			"faces": {
				"down": { "uv": [ 7.398771, 6.74961, 8.192371, 10.74961 ], "texture": "#metal" },
				"up": { "uv": [ 7.398771, 5.25039, 8.192371, 9.25039 ], "texture": "#metal" },
				"north": { "uv": [ 7.807629, 3.006001, 8.601229, 9.006001 ], "texture": "#metal" },
				"south": { "uv": [ 7.398771, 3.006001, 8.192371, 9.006001 ], "texture": "#metal" },
				"west": { "uv": [ 5.25039, 3.006001, 9.25039, 9.006001 ], "texture": "#metal" },
				"east": { "uv": [ 6.74961, 3.006001, 10.74961, 9.006001 ], "texture": "#metal" }
			}
		},
		{
			"__comment": "Box1",
			"from": [ 6.6032, 6.993, 5.25 ],
			"to": [ 7.3968, 12.993, 9.25 ],
			"rotation": { "origin": [ 7, 6.993, 7.25 ], "axis": "y", "angle": -45 },
			"faces": {
				"down": { "uv": [ 8.133635, 6.444796, 8.927235, 10.4448 ], "texture": "#metal" },
				"up": { "uv": [ 8.133635, 5.555204, 8.927235, 9.555204 ], "texture": "#metal" },
				"north": { "uv": [ 7.072765, 3.007, 7.866365, 9.007 ], "texture": "#metal" },
				"south": { "uv": [ 8.133635, 3.007, 8.927235, 9.007 ], "texture": "#metal" },
				"west": { "uv": [ 5.555204, 3.007, 9.555204, 9.007 ], "texture": "#metal" },
				"east": { "uv": [ 6.444796, 3.007, 10.4448, 9.007 ], "texture": "#metal" }
			}
		}
	]
}