{
	"__comment": "Designed by Ersatz with Cubik Studio - https://cubik.studio",
	"textures": {
		"particle": "blocks/planks_spruce",
		"wood": "blocks/planks_spruce",
		"white": "decoration/kitchen_shelves/white",
		"gray": "decoration/kitchen_shelves/gray"
	},
	"elements": [ 	 
		{
			"__comment": "Box1",
			"from": [ 0, 15, 0 ],
			"to": [ 16, 16, 16 ],
			"faces": {
				"down": { "uv": [ 0, 0, 16, 16 ], "texture": "#wood" },
				"up": { "uv": [ 0, 0, 16, 16 ], "texture": "#wood" },
				"north": { "uv": [ 0, 0, 16, 1 ], "texture": "#wood" },
				"south": { "uv": [ 0, 0, 16, 1 ], "texture": "#wood" },
				"west": { "uv": [ 0, 0, 16, 1 ], "texture": "#wood" },
				"east": { "uv": [ 0, 0, 16, 1 ], "texture": "#wood" }
			}
		},
		{
			"__comment": "Box1",
			"from": [ 1.5, 1, 13.125 ],
			"to": [ 9, 10, 14.625 ],
			"rotation": { "origin": [ 1.5, 1, 13.125 ], "axis": "x", "angle": -22.5 },
			"faces": {
				"down": { "uv": [ 1.5, 1.375, 9, 2.875 ], "texture": "#white" },
				"up": { "uv": [ 1.5, 13.125, 9, 14.625 ], "texture": "#white" },
				"north": { "uv": [ 7, 6, 14.5, 15 ], "texture": "#white" },
				"south": { "uv": [ 1.5, 6, 9, 15 ], "texture": "#white" },
				"west": { "uv": [ 13.125, 6, 14.625, 15 ], "texture": "#white" },
				"east": { "uv": [ 1.375, 6, 2.875, 15 ], "texture": "#white" }
			}
		},
		{
			"__comment": "Box1",
			"from": [ 0, 1, 15 ],
			"to": [ 16, 15, 16 ],
			"faces": {
				"down": { "uv": [ 0, 0, 16, 1 ], "texture": "#wood" },
				"up": { "uv": [ 0, 15, 16, 16 ], "texture": "#wood" },
				"north": { "uv": [ 0, 1, 16, 15 ], "texture": "#wood" },
				"south": { "uv": [ 0, 1, 16, 15 ], "texture": "#wood" },
				"west": { "uv": [ 15, 1, 16, 15 ], "texture": "#wood" },
				"east": { "uv": [ 0, 1, 1, 15 ], "texture": "#wood" }
			}
		},
		{
			"__comment": "Box1",
			"from": [ 0, 0, 0 ],
			"to": [ 16, 1, 16 ],
			"faces": {
				"down": { "uv": [ 0, 0, 16, 16 ], "texture": "#wood" },
				"up": { "uv": [ 0, 0, 16, 16 ], "texture": "#wood" },
				"north": { "uv": [ 0, 15, 16, 16 ], "texture": "#wood" },
				"south": { "uv": [ 0, 15, 16, 16 ], "texture": "#wood" },
				"west": { "uv": [ 0, 15, 16, 16 ], "texture": "#wood" },
				"east": { "uv": [ 0, 15, 16, 16 ], "texture": "#wood" }
			}
		},
		{
			"__comment": "Box1",
			"from": [ 0, 1, 0 ],
			"to": [ 16, 15, 1 ],
			"faces": {
				"down": { "uv": [ 0, 15, 16, 16 ], "texture": "#wood" },
				"up": { "uv": [ 0, 0, 16, 1 ], "texture": "#wood" },
				"north": { "uv": [ 0, 1, 16, 15 ], "texture": "#wood" },
				"south": { "uv": [ 0, 1, 16, 15 ], "texture": "#wood" },
				"west": { "uv": [ 0, 1, 1, 15 ], "texture": "#wood" },
				"east": { "uv": [ 15, 1, 16, 15 ], "texture": "#wood" }
			}
		},
		{
			"__comment": "Box1",
			"from": [ 9, 1, 1 ],
			"to": [ 16, 15, 15 ],
			"faces": {
				"down": { "uv": [ 9, 1, 16, 15 ], "texture": "#wood" },
				"up": { "uv": [ 9, 1, 16, 15 ], "texture": "#wood" },
				"north": { "uv": [ 0, 1, 7, 15 ], "texture": "#wood" },
				"south": { "uv": [ 9, 1, 16, 15 ], "texture": "#wood" },
				"west": { "uv": [ 1, 1, 15, 15 ], "texture": "#wood" },
				"east": { "uv": [ 1, 1, 15, 15 ], "texture": "#wood" }
			}
		},
		{
			"__comment": "Box1",
			"from": [ 0.5, 1, 1 ],
			"to": [ 9, 2.5, 10 ],
			"faces": {
				"down": { "uv": [ 0.5, 6, 9, 15 ], "texture": "#gray" },
				"up": { "uv": [ 0.5, 1, 9, 10 ], "texture": "#gray" },
				"north": { "uv": [ 7, 13.5, 15.5, 15 ], "texture": "#gray" },
				"south": { "uv": [ 0.5, 13.5, 9, 15 ], "texture": "#gray" },
				"west": { "uv": [ 1, 13.5, 10, 15 ], "texture": "#gray" },
				"east": { "uv": [ 6, 13.5, 15, 15 ], "texture": "#gray" }
			}
		},
		{
			"__comment": "Box1",
			"from": [ 1.5, 2.5, 1 ],
			"to": [ 9, 4, 9.5 ],
			"faces": {
				"down": { "uv": [ 1.5, 6.5, 9, 15 ], "texture": "#white" },
				"up": { "uv": [ 1.5, 1, 9, 9.5 ], "texture": "#white" },
				"north": { "uv": [ 7, 12, 14.5, 13.5 ], "texture": "#white" },
				"south": { "uv": [ 1.5, 12, 9, 13.5 ], "texture": "#white" },
				"west": { "uv": [ 1, 12, 9.5, 13.5 ], "texture": "#white" },
				"east": { "uv": [ 6.5, 12, 15, 13.5 ], "texture": "#white" }
			}
		},
		{
			"__comment": "Box1",
			"from": [ 1, 4, 1 ],
			"to": [ 9, 5.5, 10 ],
			"faces": {
				"down": { "uv": [ 1, 6, 9, 15 ], "texture": "#gray" },
				"up": { "uv": [ 1, 1, 9, 10 ], "texture": "#gray" },
				"north": { "uv": [ 7, 10.5, 15, 12 ], "texture": "#gray" },
				"south": { "uv": [ 1, 10.5, 9, 12 ], "texture": "#gray" },
				"west": { "uv": [ 1, 10.5, 10, 12 ], "texture": "#gray" },
				"east": { "uv": [ 6, 10.5, 15, 12 ], "texture": "#gray" }
			}
		},
		{
			"__comment": "Box1",
			"from": [ 1.5, 5.5, 1 ],
			"to": [ 9, 7, 10.5 ],
			"faces": {
				"down": { "uv": [ 1.5, 5.5, 9, 15 ], "texture": "#white" },
				"up": { "uv": [ 1.5, 1, 9, 10.5 ], "texture": "#white" },
				"north": { "uv": [ 7, 9, 14.5, 10.5 ], "texture": "#white" },
				"south": { "uv": [ 1.5, 9, 9, 10.5 ], "texture": "#white" },
				"west": { "uv": [ 1, 9, 10.5, 10.5 ], "texture": "#white" },
				"east": { "uv": [ 5.5, 9, 15, 10.5 ], "texture": "#white" }
			}
		},
		{
			"__comment": "Box1",
			"from": [ 1, 7, 1 ],
			"to": [ 9, 8.5, 10 ],
			"faces": {
				"down": { "uv": [ 1, 6, 9, 15 ], "texture": "#gray" },
				"up": { "uv": [ 1, 1, 9, 10 ], "texture": "#gray" },
				"north": { "uv": [ 7, 7.5, 15, 9 ], "texture": "#gray" },
				"south": { "uv": [ 1, 7.5, 9, 9 ], "texture": "#gray" },
				"west": { "uv": [ 1, 7.5, 10, 9 ], "texture": "#gray" },
				"east": { "uv": [ 6, 7.5, 15, 9 ], "texture": "#gray" }
			}
		}
	]
}