{
	"__comment": "Designed by Ersatz with Cubik Studio - https://cubik.studio",
	"ambientocclusion": false,
	"textures": {
		"particle": "blocks/planks_oak",
		"texture": "blocks/planks_oak"
	},
	"elements": [ 	 
		{
			"__comment": "Box2",
			"from": [ 13.5, 0, 13.5 ],
			"to": [ 14.5, 16, 16 ],
			"faces": {
				"down": { "uv": [ 13.5, 0, 14.5, 2.5 ], "texture": "#texture" },
				"up": { "uv": [ 13.5, 13.5, 14.5, 16 ], "texture": "#texture" },
				"north": { "uv": [ 1.5, 0, 2.5, 16 ], "texture": "#texture" },
				"south": { "uv": [ 13.5, 0, 14.5, 16 ], "texture": "#texture" },
				"west": { "uv": [ 13.5, 0, 16, 16 ], "texture": "#texture" },
				"east": { "uv": [ 0, 0, 2.5, 16 ], "texture": "#texture" }
			}
		},
		{
			"__comment": "Box2",
			"from": [ 2.5, 6, 13.75 ],
			"to": [ 13.5, 7, 15.75 ],
			"faces": {
				"down": { "uv": [ 2.5, 0.25, 13.5, 2.25 ], "texture": "#texture" },
				"up": { "uv": [ 2.5, 13.75, 13.5, 15.75 ], "texture": "#texture" },
				"north": { "uv": [ 2.5, 9, 13.5, 10 ], "texture": "#texture" },
				"south": { "uv": [ 2.5, 9, 13.5, 10 ], "texture": "#texture" },
				"west": { "uv": [ 13.75, 9, 15.75, 10 ], "texture": "#texture" },
				"east": { "uv": [ 0.25, 9, 2.25, 10 ], "texture": "#texture" }
			}
		},
		{
			"__comment": "Box2",
			"from": [ 1.5, 0, 13.5 ],
			"to": [ 2.5, 16, 16 ],
			"faces": {
				"down": { "uv": [ 1.5, 0, 2.5, 2.5 ], "texture": "#texture" },
				"up": { "uv": [ 1.5, 13.5, 2.5, 16 ], "texture": "#texture" },
				"north": { "uv": [ 13.5, 0, 14.5, 16 ], "texture": "#texture" },
				"south": { "uv": [ 1.5, 0, 2.5, 16 ], "texture": "#texture" },
				"west": { "uv": [ 13.5, 0, 16, 16 ], "texture": "#texture" },
				"east": { "uv": [ 0, 0, 2.5, 16 ], "texture": "#texture" }
			}
		},
		{
			"__comment": "Box2",
			"from": [ 2.5, 14, 13.75 ],
			"to": [ 13.5, 15, 15.75 ],
			"faces": {
				"down": { "uv": [ 2.5, 0.25, 13.5, 2.25 ], "texture": "#texture" },
				"up": { "uv": [ 2.5, 13.75, 13.5, 15.75 ], "texture": "#texture" },
				"north": { "uv": [ 2.5, 1, 13.5, 2 ], "texture": "#texture" },
				"south": { "uv": [ 2.5, 1, 13.5, 2 ], "texture": "#texture" },
				"west": { "uv": [ 13.75, 1, 15.75, 2 ], "texture": "#texture" },
				"east": { "uv": [ 0.25, 1, 2.25, 2 ], "texture": "#texture" }
			}
		},
		{
			"__comment": "Box2",
			"from": [ 2.5, 2, 13.75 ],
			"to": [ 13.5, 3, 15.75 ],
			"faces": {
				"down": { "uv": [ 2.5, 0.25, 13.5, 2.25 ], "texture": "#texture" },
				"up": { "uv": [ 2.5, 13.75, 13.5, 15.75 ], "texture": "#texture" },
				"north": { "uv": [ 2.5, 13, 13.5, 14 ], "texture": "#texture" },
				"south": { "uv": [ 2.5, 13, 13.5, 14 ], "texture": "#texture" },
				"west": { "uv": [ 13.75, 13, 15.75, 14 ], "texture": "#texture" },
				"east": { "uv": [ 0.25, 13, 2.25, 14 ], "texture": "#texture" }
			}
		},
		{
			"__comment": "Box2",
			"from": [ 2.5, 10, 13.75 ],
			"to": [ 13.5, 11, 15.75 ],
			"faces": {
				"down": { "uv": [ 2.5, 0.25, 13.5, 2.25 ], "texture": "#texture" },
				"up": { "uv": [ 2.5, 13.75, 13.5, 15.75 ], "texture": "#texture" },
				"north": { "uv": [ 2.5, 5, 13.5, 6 ], "texture": "#texture" },
				"south": { "uv": [ 2.5, 5, 13.5, 6 ], "texture": "#texture" },
				"west": { "uv": [ 13.75, 5, 15.75, 6 ], "texture": "#texture" },
				"east": { "uv": [ 0.25, 5, 2.25, 6 ], "texture": "#texture" }
			}
		}
	]
}