{
	"__comment": "Designed by Ersatz with Cubik Studio - https://cubik.studio",
	"ambientocclusion": false,
	"textures": {
		"particle": "decoration/village_pane/glass",
		"edge": "decoration/village_pane/glass_top",
		"pane": "decoration/village_pane/glass",
		"border": "decoration/village_pane/border"
	},
	"elements": [ 	 
		{
			"from": [ 7, 1, 1 ],
			"to": [ 9, 15, 7 ],
			"faces": {
				"west": { "uv": [ 1, 1, 7, 15 ], "texture": "#pane" },
				"east": { "uv": [ 9, 1, 15, 15 ], "texture": "#pane" }
			}
		},
		{
			"__comment": "Box2",
			"from": [ 6, 15, 0 ],
			"to": [ 10, 16, 7 ],
			"faces": {
				"down": { "uv": [ 6, 0, 10, 7 ], "texture": "#border", "rotation": 180 },
				"up": { "uv": [ 6, 9, 10, 16 ], "texture": "#border", "rotation": 180 },
				"west": { "uv": [ 0, 0, 7, 1 ], "texture": "#border" },
				"east": { "uv": [ 9, 0, 16, 1 ], "texture": "#border" }
			}
		},
		{
			"__comment": "Box2",
			"from": [ 6, 1, 0 ],
			"to": [ 10, 15, 1 ],
			"faces": {
				"south": { "uv": [ 6, 1, 10, 15 ], "texture": "#border" },
				"west": { "uv": [ 0, 1, 1, 15 ], "texture": "#border" },
				"east": { "uv": [ 15, 1, 16, 15 ], "texture": "#border" }
			}
		},
		{
			"__comment": "Box2",
			"from": [ 6, 0, 0 ],
			"to": [ 10, 1, 7 ],
			"faces": {
				"down": { "uv": [ 6, 0, 10, 7 ], "texture": "#border", "rotation": 180 },
				"up": { "uv": [ 6, 9, 10, 16 ], "texture": "#border", "rotation": 180 },
				"west": { "uv": [ 0, 15, 7, 16 ], "texture": "#border" },
				"east": { "uv": [ 9, 15, 16, 16 ], "texture": "#border" }
			}
		}
	]
}