{
	"__comment": "Designed by Ersatz with Cubik Studio - https://cubik.studio",
	"ambientocclusion": false,
	"textures": {
		"particle": "decoration/village_pane/glass",
		"edge": "decoration/village_pane/glass_top",
		"border": "decoration/village_pane/border"
	},
	"elements": [ 	 
		{
			"__comment": "Box2",
			"from": [ 7, 15, 6 ],
			"to": [ 9, 16, 10 ],
			"faces": {
				"down": { "uv": [ 7, 6, 9, 10 ], "texture": "#border" },
				"up": { "uv": [ 7, 6, 9, 10 ], "texture": "#border" },
				"north": { "uv": [ 7, 0, 9, 1 ], "texture": "#border" },
				"south": { "uv": [ 7, 0, 9, 1 ], "texture": "#border" }
			}
		},
		{
			"__comment": "Box2",
			"from": [ 7, 0, 6 ],
			"to": [ 9, 1, 10 ],
			"faces": {
				"down": { "uv": [ 7, 6, 9, 10 ], "texture": "#border" },
				"up": { "uv": [ 7, 6, 9, 10 ], "texture": "#border" },
				"north": { "uv": [ 7, 15, 9, 16 ], "texture": "#border" },
				"south": { "uv": [ 7, 15, 9, 16 ], "texture": "#border" }
			}
		}
	]
}