{
	"__comment": "Designed by Ersatz with Cubik Studio - https://cubik.studio",
	"ambientocclusion": false,
	"textures": {
		"particle": "decoration/village_pane/glass",
		"pane": "decoration/village_pane/glass",
		"border": "decoration/village_pane/border"
	},
	"elements": [ 	 
		{
			"from": [ 7, 1, 7 ],
			"to": [ 9, 15, 9 ],
			"faces": {
				"north": { "uv": [ 7, 1, 9, 15 ], "texture": "#pane" }
			}
		},
		{
			"__comment": "Box2",
			"from": [ 7, 15, 6 ],
			"to": [ 9, 16, 10 ],
			"faces": {
				"down": { "uv": [ 7, 6, 9, 10 ], "texture": "#border" },
				"up": { "uv": [ 7, 6, 9, 10 ], "texture": "#border" },
				"north": { "uv": [ 7, 0, 9, 1 ], "texture": "#border" },
				"south": { "uv": [ 7, 0, 9, 1 ], "texture": "#border" }
			}
		},
		{
			"__comment": "Box2",
			"from": [ 7, 0, 6 ],
			"to": [ 9, 1, 10 ],
			"faces": {
				"down": { "uv": [ 7, 6, 9, 10 ], "texture": "#border" },
				"up": { "uv": [ 7, 6, 9, 10 ], "texture": "#border" },
				"north": { "uv": [ 7, 15, 9, 16 ], "texture": "#border" },
				"south": { "uv": [ 7, 15, 9, 16 ], "texture": "#border" }
			}
		},
		{
			"__comment": "Box2",
			"from": [ 6, 0, 6 ],
			"to": [ 7, 1, 7 ],
			"faces": {
				"down": { "uv": [ 6, 9, 7, 10 ], "texture": "#border" },
				"up": { "uv": [ 6, 6, 7, 7 ], "texture": "#border" },
				"north": { "uv": [ 9, 15, 10, 16 ], "texture": "#border" },
				"west": { "uv": [ 6, 15, 7, 16 ], "texture": "#border" }
			}
		},
		{
			"__comment": "Box2",
			"from": [ 9, 0, 6 ],
			"to": [ 10, 1, 7 ],
			"faces": {
				"down": { "uv": [ 9, 9, 10, 10 ], "texture": "#border" },
				"up": { "uv": [ 9, 6, 10, 7 ], "texture": "#border" },
				"north": { "uv": [ 6, 15, 7, 16 ], "texture": "#border" },
				"west": { "uv": [ 6, 15, 7, 16 ], "texture": "#border" }
			}
		},
		{
			"__comment": "Box2",
			"from": [ 6, 15, 6 ],
			"to": [ 7, 16, 7 ],
			"faces": {
				"down": { "uv": [ 6, 9, 7, 10 ], "texture": "#border" },
				"up": { "uv": [ 6, 6, 7, 7 ], "texture": "#border" },
				"north": { "uv": [ 9, 0, 10, 1 ], "texture": "#border" },
				"west": { "uv": [ 6, 0, 7, 1 ], "texture": "#border" }
			}
		},
		{
			"__comment": "Box2",
			"from": [ 9, 15, 6 ],
			"to": [ 10, 16, 7 ],
			"faces": {
				"down": { "uv": [ 9, 9, 10, 10 ], "texture": "#border" },
				"up": { "uv": [ 9, 6, 10, 7 ], "texture": "#border" },
				"north": { "uv": [ 6, 0, 7, 1 ], "texture": "#border" },
				"west": { "uv": [ 6, 0, 7, 1 ], "texture": "#border" }
			}
		}
	]
}