{
	"__comment": "Designed by Ersatz with Cubik Studio - https://cubik.studio",
	"textures": {
		"particle": "blocks/concrete_gray",
		"metal": "blocks/anvil_base",
		"metal2": "blocks/concrete_gray",
		"glass": "decoration/indoor_lights/glass",
		"light": "decoration/indoor_lights/light"
	},
	"elements": [ 	 
		{
			"__comment": "Box1",
			"from": [ 12, 9, 11.5 ],
			"to": [ 13, 15, 12 ],
			"faces": {
				"down": { "uv": [ 12, 4, 13, 4.5 ], "texture": "#metal2" },
				"up": { "uv": [ 12, 11.5, 13, 12 ], "texture": "#metal2" },
				"north": { "uv": [ 3, 10, 4, 16 ], "texture": "#metal2" },
				"south": { "uv": [ 12, 10, 13, 16 ], "texture": "#metal2" },
				"west": { "uv": [ 11.5, 10, 12, 16 ], "texture": "#metal2" },
				"east": { "uv": [ 4, 10, 4.5, 16 ], "texture": "#metal2" }
			}
		},
		{
			"__comment": "Box1",
			"from": [ 5, 15, 5 ],
			"to": [ 11, 16, 11 ],
			"faces": {
				"down": { "uv": [ 5, 5, 11, 11 ], "texture": "#metal" },
				"up": { "uv": [ 5, 5, 11, 11 ], "texture": "#metal" },
				"north": { "uv": [ 5, 9, 11, 10 ], "texture": "#metal" },
				"south": { "uv": [ 5, 9, 11, 10 ], "texture": "#metal" },
				"west": { "uv": [ 5, 9, 11, 10 ], "texture": "#metal" },
				"east": { "uv": [ 5, 9, 11, 10 ], "texture": "#metal" }
			}
		},
		{
			"__comment": "Box1",
			"from": [ 6.75, 5.5, 6.75 ],
			"to": [ 9.25, 9.5, 9.25 ],
			"faces": {
				"down": { "uv": [ 6.75, 6.75, 9.25, 9.25 ], "texture": "#light" },
				"up": { "uv": [ 6.75, 6.75, 9.25, 9.25 ], "texture": "#light" },
				"north": { "uv": [ 6.75, 15.5, 9.25, 16 ], "texture": "#light" },
				"south": { "uv": [ 6.75, 15.5, 9.25, 16 ], "texture": "#light" },
				"west": { "uv": [ 6.75, 15.5, 9.25, 16 ], "texture": "#light" },
				"east": { "uv": [ 6.75, 15.5, 9.25, 16 ], "texture": "#light" }
			}
		},
		{
			"__comment": "Box1",
			"from": [ 3, 9, 3 ],
			"to": [ 4.5, 15, 4 ],
			"faces": {
				"down": { "uv": [ 3, 12, 4.5, 13 ], "texture": "#metal2" },
				"up": { "uv": [ 3, 3, 4.5, 4 ], "texture": "#metal2" },
				"north": { "uv": [ 11.5, 10, 13, 16 ], "texture": "#metal2" },
				"south": { "uv": [ 3, 10, 4.5, 16 ], "texture": "#metal2" },
				"west": { "uv": [ 3, 10, 4, 16 ], "texture": "#metal2" },
				"east": { "uv": [ 12, 10, 13, 16 ], "texture": "#metal2" }
			}
		},
		{
			"__comment": "Box1",
			"from": [ 11.5, 9, 3 ],
			"to": [ 13, 15, 4 ],
			"faces": {
				"down": { "uv": [ 11.5, 12, 13, 13 ], "texture": "#metal2" },
				"up": { "uv": [ 11.5, 3, 13, 4 ], "texture": "#metal2" },
				"north": { "uv": [ 3, 10, 4.5, 16 ], "texture": "#metal2" },
				"south": { "uv": [ 11.5, 10, 13, 16 ], "texture": "#metal2" },
				"west": { "uv": [ 3, 10, 4, 16 ], "texture": "#metal2" },
				"east": { "uv": [ 12, 10, 13, 16 ], "texture": "#metal2" }
			}
		},
		{
			"__comment": "Box1",
			"from": [ 11.5, 3, 3 ],
			"to": [ 13, 9, 4 ],
			"faces": {
				"down": { "uv": [ 11.5, 12, 13, 13 ], "texture": "#metal2" },
				"up": { "uv": [ 11.5, 3, 13, 4 ], "texture": "#metal2" },
				"north": { "uv": [ 3, 0, 4.5, 6 ], "texture": "#metal2" },
				"south": { "uv": [ 11.5, 0, 13, 6 ], "texture": "#metal2" },
				"west": { "uv": [ 3, 0, 4, 6 ], "texture": "#metal2" },
				"east": { "uv": [ 12, 0, 13, 6 ], "texture": "#metal2" }
			}
		},
		{
			"__comment": "Box1",
			"from": [ 3, 9, 12 ],
			"to": [ 4.5, 15, 13 ],
			"faces": {
				"down": { "uv": [ 3, 3, 4.5, 4 ], "texture": "#metal2" },
				"up": { "uv": [ 3, 12, 4.5, 13 ], "texture": "#metal2" },
				"north": { "uv": [ 11.5, 10, 13, 16 ], "texture": "#metal2" },
				"south": { "uv": [ 3, 10, 4.5, 16 ], "texture": "#metal2" },
				"west": { "uv": [ 12, 10, 13, 16 ], "texture": "#metal2" },
				"east": { "uv": [ 3, 10, 4, 16 ], "texture": "#metal2" }
			}
		},
		{
			"__comment": "Box1",
			"from": [ 3, 9, 11.5 ],
			"to": [ 4, 15, 12 ],
			"faces": {
				"down": { "uv": [ 3, 4, 4, 4.5 ], "texture": "#metal2" },
				"up": { "uv": [ 3, 11.5, 4, 12 ], "texture": "#metal2" },
				"north": { "uv": [ 12, 10, 13, 16 ], "texture": "#metal2" },
				"south": { "uv": [ 3, 10, 4, 16 ], "texture": "#metal2" },
				"west": { "uv": [ 11.5, 10, 12, 16 ], "texture": "#metal2" },
				"east": { "uv": [ 4, 10, 4.5, 16 ], "texture": "#metal2" }
			}
		},
		{
			"__comment": "Box1",
			"from": [ 4.5, 13.5, 12 ],
			"to": [ 11.5, 15, 13 ],
			"faces": {
				"down": { "uv": [ 4.5, 3, 11.5, 4 ], "texture": "#metal2" },
				"up": { "uv": [ 4.5, 12, 11.5, 13 ], "texture": "#metal2" },
				"north": { "uv": [ 4.5, 1, 11.5, 2.5 ], "texture": "#metal2" },
				"south": { "uv": [ 4.5, 1, 11.5, 2.5 ], "texture": "#metal2" },
				"west": { "uv": [ 12, 1, 13, 2.5 ], "texture": "#metal2" },
				"east": { "uv": [ 3, 1, 4, 2.5 ], "texture": "#metal2" }
			}
		},
		{
			"__comment": "Box1",
			"from": [ 12, 3, 11.5 ],
			"to": [ 13, 9, 12 ],
			"faces": {
				"down": { "uv": [ 12, 4, 13, 4.5 ], "texture": "#metal2" },
				"up": { "uv": [ 12, 11.5, 13, 12 ], "texture": "#metal2" },
				"north": { "uv": [ 3, 0, 4, 6 ], "texture": "#metal2" },
				"south": { "uv": [ 12, 0, 13, 6 ], "texture": "#metal2" },
				"west": { "uv": [ 11.5, 0, 12, 6 ], "texture": "#metal2" },
				"east": { "uv": [ 4, 0, 4.5, 6 ], "texture": "#metal2" }
			}
		},
		{
			"__comment": "Box1",
			"from": [ 3, 9, 4 ],
			"to": [ 4, 15, 4.5 ],
			"faces": {
				"down": { "uv": [ 3, 11.5, 4, 12 ], "texture": "#metal2" },
				"up": { "uv": [ 3, 4, 4, 4.5 ], "texture": "#metal2" },
				"north": { "uv": [ 12, 10, 13, 16 ], "texture": "#metal2" },
				"south": { "uv": [ 3, 10, 4, 16 ], "texture": "#metal2" },
				"west": { "uv": [ 4, 10, 4.5, 16 ], "texture": "#metal2" },
				"east": { "uv": [ 11.5, 10, 12, 16 ], "texture": "#metal2" }
			}
		},
		{
			"__comment": "Box1",
			"from": [ 12, 13.5, 4.5 ],
			"to": [ 13, 15, 11.5 ],
			"faces": {
				"down": { "uv": [ 12, 4.5, 13, 11.5 ], "texture": "#metal2" },
				"up": { "uv": [ 12, 4.5, 13, 11.5 ], "texture": "#metal2" },
				"north": { "uv": [ 3, 10, 4, 11.5 ], "texture": "#metal2" },
				"south": { "uv": [ 12, 10, 13, 11.5 ], "texture": "#metal2" },
				"west": { "uv": [ 4.5, 10, 11.5, 11.5 ], "texture": "#metal2" },
				"east": { "uv": [ 4.5, 10, 11.5, 11.5 ], "texture": "#metal2" }
			}
		},
		{
			"__comment": "Box1",
			"from": [ 4, 13.5, 4 ],
			"to": [ 12, 15, 12 ],
			"faces": {
				"down": { "uv": [ 4, 4, 12, 12 ], "texture": "#metal2" },
				"up": { "uv": [ 4, 4, 12, 12 ], "texture": "#metal2" },
				"north": { "uv": [ 4, 10, 12, 11.5 ], "texture": "#metal2" },
				"south": { "uv": [ 4, 10, 12, 11.5 ], "texture": "#metal2" },
				"west": { "uv": [ 4, 10, 12, 11.5 ], "texture": "#metal2" },
				"east": { "uv": [ 4, 10, 12, 11.5 ], "texture": "#metal2" }
			}
		},
		{
			"__comment": "Box1",
			"from": [ 3, 13.5, 13 ],
			"to": [ 13, 14, 14 ],
			"faces": {
				"down": { "uv": [ 3, 2, 13, 3 ], "texture": "#metal2" },
				"up": { "uv": [ 3, 13, 13, 14 ], "texture": "#metal2" },
				"north": { "uv": [ 3, 11, 13, 11.5 ], "texture": "#metal2" },
				"south": { "uv": [ 3, 11, 13, 11.5 ], "texture": "#metal2" },
				"west": { "uv": [ 13, 11, 14, 11.5 ], "texture": "#metal2" },
				"east": { "uv": [ 2, 11, 3, 11.5 ], "texture": "#metal2" }
			}
		},
		{
			"__comment": "Box1",
			"from": [ 4.5, 13.5, 3 ],
			"to": [ 11.5, 15, 4 ],
			"faces": {
				"down": { "uv": [ 4.5, 12, 11.5, 13 ], "texture": "#metal2" },
				"up": { "uv": [ 4.5, 3, 11.5, 4 ], "texture": "#metal2" },
				"north": { "uv": [ 4.5, 10, 11.5, 11.5 ], "texture": "#metal2" },
				"south": { "uv": [ 4.5, 10, 11.5, 11.5 ], "texture": "#metal2" },
				"west": { "uv": [ 3, 10, 4, 11.5 ], "texture": "#metal2" },
				"east": { "uv": [ 12, 10, 13, 11.5 ], "texture": "#metal2" }
			}
		},
		{
			"__comment": "Box1",
			"from": [ 11.5, 3, 4.5 ],
			"to": [ 12, 3.5, 11.5 ],
			"faces": {
				"down": { "uv": [ 11.5, 4.5, 12, 11.5 ], "texture": "#metal2" },
				"up": { "uv": [ 11.5, 4.5, 12, 11.5 ], "texture": "#metal2" },
				"north": { "uv": [ 4, 5.5, 4.5, 6 ], "texture": "#metal2" },
				"south": { "uv": [ 11.5, 5.5, 12, 6 ], "texture": "#metal2" },
				"west": { "uv": [ 4.5, 5.5, 11.5, 6 ], "texture": "#metal2" },
				"east": { "uv": [ 4.5, 5.5, 11.5, 6 ], "texture": "#metal2" }
			}
		},
		{
			"__comment": "Box1",
			"from": [ 11.5, 9, 12 ],
			"to": [ 13, 15, 13 ],
			"faces": {
				"down": { "uv": [ 11.5, 3, 13, 4 ], "texture": "#metal2" },
				"up": { "uv": [ 11.5, 12, 13, 13 ], "texture": "#metal2" },
				"north": { "uv": [ 3, 10, 4.5, 16 ], "texture": "#metal2" },
				"south": { "uv": [ 11.5, 10, 13, 16 ], "texture": "#metal2" },
				"west": { "uv": [ 12, 10, 13, 16 ], "texture": "#metal2" },
				"east": { "uv": [ 3, 10, 4, 16 ], "texture": "#metal2" }
			}
		},
		{
			"__comment": "Box1",
			"from": [ 11.5, 3, 12 ],
			"to": [ 13, 9, 13 ],
			"faces": {
				"down": { "uv": [ 11.5, 3, 13, 4 ], "texture": "#metal2" },
				"up": { "uv": [ 11.5, 12, 13, 13 ], "texture": "#metal2" },
				"north": { "uv": [ 3, 0, 4.5, 6 ], "texture": "#metal2" },
				"south": { "uv": [ 11.5, 0, 13, 6 ], "texture": "#metal2" },
				"west": { "uv": [ 12, 0, 13, 6 ], "texture": "#metal2" },
				"east": { "uv": [ 3, 0, 4, 6 ], "texture": "#metal2" }
			}
		},
		{
			"__comment": "Box1",
			"from": [ 3, 3, 12 ],
			"to": [ 4.5, 9, 13 ],
			"faces": {
				"down": { "uv": [ 3, 3, 4.5, 4 ], "texture": "#metal2" },
				"up": { "uv": [ 3, 12, 4.5, 13 ], "texture": "#metal2" },
				"north": { "uv": [ 11.5, 0, 13, 6 ], "texture": "#metal2" },
				"south": { "uv": [ 3, 0, 4.5, 6 ], "texture": "#metal2" },
				"west": { "uv": [ 12, 0, 13, 6 ], "texture": "#metal2" },
				"east": { "uv": [ 3, 0, 4, 6 ], "texture": "#metal2" }
			}
		},
		{
			"__comment": "Box1",
			"from": [ 3, 3, 3 ],
			"to": [ 4.5, 9, 4 ],
			"faces": {
				"down": { "uv": [ 3, 12, 4.5, 13 ], "texture": "#metal2" },
				"up": { "uv": [ 3, 3, 4.5, 4 ], "texture": "#metal2" },
				"north": { "uv": [ 11.5, 0, 13, 6 ], "texture": "#metal2" },
				"south": { "uv": [ 3, 0, 4.5, 6 ], "texture": "#metal2" },
				"west": { "uv": [ 3, 0, 4, 6 ], "texture": "#metal2" },
				"east": { "uv": [ 12, 0, 13, 6 ], "texture": "#metal2" }
			}
		},
		{
			"__comment": "Box1",
			"from": [ 12, 9, 4 ],
			"to": [ 13, 15, 4.5 ],
			"faces": {
				"down": { "uv": [ 12, 11.5, 13, 12 ], "texture": "#metal2" },
				"up": { "uv": [ 12, 4, 13, 4.5 ], "texture": "#metal2" },
				"north": { "uv": [ 3, 10, 4, 16 ], "texture": "#metal2" },
				"south": { "uv": [ 12, 10, 13, 16 ], "texture": "#metal2" },
				"west": { "uv": [ 4, 10, 4.5, 16 ], "texture": "#metal2" },
				"east": { "uv": [ 11.5, 10, 12, 16 ], "texture": "#metal2" }
			}
		},
		{
			"__comment": "Box1",
			"from": [ 12, 3, 4 ],
			"to": [ 13, 9, 4.5 ],
			"faces": {
				"down": { "uv": [ 12, 11.5, 13, 12 ], "texture": "#metal2" },
				"up": { "uv": [ 12, 4, 13, 4.5 ], "texture": "#metal2" },
				"north": { "uv": [ 3, 0, 4, 6 ], "texture": "#metal2" },
				"south": { "uv": [ 12, 0, 13, 6 ], "texture": "#metal2" },
				"west": { "uv": [ 4, 0, 4.5, 6 ], "texture": "#metal2" },
				"east": { "uv": [ 11.5, 0, 12, 6 ], "texture": "#metal2" }
			}
		},
		{
			"__comment": "Box1",
			"from": [ 3, 3, 11.5 ],
			"to": [ 4, 9, 12 ],
			"faces": {
				"down": { "uv": [ 3, 4, 4, 4.5 ], "texture": "#metal2" },
				"up": { "uv": [ 3, 11.5, 4, 12 ], "texture": "#metal2" },
				"north": { "uv": [ 12, 0, 13, 6 ], "texture": "#metal2" },
				"south": { "uv": [ 3, 0, 4, 6 ], "texture": "#metal2" },
				"west": { "uv": [ 11.5, 0, 12, 6 ], "texture": "#metal2" },
				"east": { "uv": [ 4, 0, 4.5, 6 ], "texture": "#metal2" }
			}
		},
		{
			"__comment": "Box1",
			"from": [ 3, 3, 4 ],
			"to": [ 4, 9, 4.5 ],
			"faces": {
				"down": { "uv": [ 3, 11.5, 4, 12 ], "texture": "#metal2" },
				"up": { "uv": [ 3, 4, 4, 4.5 ], "texture": "#metal2" },
				"north": { "uv": [ 12, 0, 13, 6 ], "texture": "#metal2" },
				"south": { "uv": [ 3, 0, 4, 6 ], "texture": "#metal2" },
				"west": { "uv": [ 4, 0, 4.5, 6 ], "texture": "#metal2" },
				"east": { "uv": [ 11.5, 0, 12, 6 ], "texture": "#metal2" }
			}
		},
		{
			"__comment": "Box1",
			"from": [ 4.5, 8, 12 ],
			"to": [ 11.5, 9, 12.5 ],
			"faces": {
				"down": { "uv": [ 4.5, 3.5, 11.5, 4 ], "texture": "#metal2" },
				"up": { "uv": [ 4.5, 12, 11.5, 12.5 ], "texture": "#metal2" },
				"north": { "uv": [ 4.5, 0, 11.5, 1 ], "texture": "#metal2" },
				"south": { "uv": [ 4.5, 0, 11.5, 1 ], "texture": "#metal2" },
				"west": { "uv": [ 12, 0, 12.5, 1 ], "texture": "#metal2" },
				"east": { "uv": [ 3.5, 0, 4, 1 ], "texture": "#metal2" }
			}
		},
		{
			"__comment": "Box1",
			"from": [ 4, 3, 4 ],
			"to": [ 12, 3.5, 4.5 ],
			"faces": {
				"down": { "uv": [ 4, 11.5, 12, 12 ], "texture": "#metal2" },
				"up": { "uv": [ 4, 4, 12, 4.5 ], "texture": "#metal2" },
				"north": { "uv": [ 4, 5.5, 12, 6 ], "texture": "#metal2" },
				"south": { "uv": [ 4, 5.5, 12, 6 ], "texture": "#metal2" },
				"west": { "uv": [ 4, 5.5, 4.5, 6 ], "texture": "#metal2" },
				"east": { "uv": [ 11.5, 5.5, 12, 6 ], "texture": "#metal2" }
			}
		},
		{
			"__comment": "Box1",
			"from": [ 4, 3, 4.5 ],
			"to": [ 4.5, 3.5, 11.5 ],
			"faces": {
				"down": { "uv": [ 4, 4.5, 4.5, 11.5 ], "texture": "#metal2" },
				"up": { "uv": [ 4, 4.5, 4.5, 11.5 ], "texture": "#metal2" },
				"north": { "uv": [ 11.5, 5.5, 12, 6 ], "texture": "#metal2" },
				"south": { "uv": [ 4, 5.5, 4.5, 6 ], "texture": "#metal2" },
				"west": { "uv": [ 4.5, 5.5, 11.5, 6 ], "texture": "#metal2" },
				"east": { "uv": [ 4.5, 5.5, 11.5, 6 ], "texture": "#metal2" }
			}
		},
		{
			"__comment": "Box1",
			"from": [ 4, 3, 11.5 ],
			"to": [ 12, 3.5, 12 ],
			"faces": {
				"down": { "uv": [ 4, 4, 12, 4.5 ], "texture": "#metal2" },
				"up": { "uv": [ 4, 11.5, 12, 12 ], "texture": "#metal2" },
				"north": { "uv": [ 4, 5.5, 12, 6 ], "texture": "#metal2" },
				"south": { "uv": [ 4, 5.5, 12, 6 ], "texture": "#metal2" },
				"west": { "uv": [ 11.5, 5.5, 12, 6 ], "texture": "#metal2" },
				"east": { "uv": [ 4, 5.5, 4.5, 6 ], "texture": "#metal2" }
			}
		},
		{
			"__comment": "Box1",
			"from": [ 4.5, 3, 12 ],
			"to": [ 11.5, 3.5, 12.5 ],
			"faces": {
				"down": { "uv": [ 4.5, 3.5, 11.5, 4 ], "texture": "#metal2" },
				"up": { "uv": [ 4.5, 12, 11.5, 12.5 ], "texture": "#metal2" },
				"north": { "uv": [ 4.5, 5.5, 11.5, 6 ], "texture": "#metal2" },
				"south": { "uv": [ 4.5, 5.5, 11.5, 6 ], "texture": "#metal2" },
				"west": { "uv": [ 12, 5.5, 12.5, 6 ], "texture": "#metal2" },
				"east": { "uv": [ 3.5, 5.5, 4, 6 ], "texture": "#metal2" }
			}
		},
		{
			"__comment": "Box1",
			"from": [ 4.5, 3, 3.5 ],
			"to": [ 11.5, 3.5, 4 ],
			"faces": {
				"down": { "uv": [ 4.5, 12, 11.5, 12.5 ], "texture": "#metal2" },
				"up": { "uv": [ 4.5, 3.5, 11.5, 4 ], "texture": "#metal2" },
				"north": { "uv": [ 4.5, 5.5, 11.5, 6 ], "texture": "#metal2" },
				"south": { "uv": [ 4.5, 5.5, 11.5, 6 ], "texture": "#metal2" },
				"west": { "uv": [ 3.5, 5.5, 4, 6 ], "texture": "#metal2" },
				"east": { "uv": [ 12, 5.5, 12.5, 6 ], "texture": "#metal2" }
			}
		},
		{
			"__comment": "Box1",
			"from": [ 3.5, 3, 4.5 ],
			"to": [ 4, 3.5, 11.5 ],
			"faces": {
				"down": { "uv": [ 3.5, 4.5, 4, 11.5 ], "texture": "#metal2" },
				"up": { "uv": [ 3.5, 4.5, 4, 11.5 ], "texture": "#metal2" },
				"north": { "uv": [ 12, 5.5, 12.5, 6 ], "texture": "#metal2" },
				"south": { "uv": [ 3.5, 5.5, 4, 6 ], "texture": "#metal2" },
				"west": { "uv": [ 4.5, 5.5, 11.5, 6 ], "texture": "#metal2" },
				"east": { "uv": [ 4.5, 5.5, 11.5, 6 ], "texture": "#metal2" }
			}
		},
		{
			"__comment": "Box1",
			"from": [ 7.25, 9.5, 7.25 ],
			"to": [ 8.75, 13.5, 8.75 ],
			"faces": {
				"down": { "uv": [ 7.25, 7.25, 8.75, 8.75 ], "texture": "#metal" },
				"up": { "uv": [ 7.25, 7.25, 8.75, 8.75 ], "texture": "#metal" },
				"north": { "uv": [ 7.25, 11.5, 8.75, 15.5 ], "texture": "#metal" },
				"south": { "uv": [ 7.25, 11.5, 8.75, 15.5 ], "texture": "#metal" },
				"west": { "uv": [ 7.25, 11.5, 8.75, 15.5 ], "texture": "#metal" },
				"east": { "uv": [ 7.25, 11.5, 8.75, 15.5 ], "texture": "#metal" }
			}
		},
		{
			"__comment": "Box1",
			"from": [ 3, 13.5, 4.5 ],
			"to": [ 4, 15, 11.5 ],
			"faces": {
				"down": { "uv": [ 3, 4.5, 4, 11.5 ], "texture": "#metal2" },
				"up": { "uv": [ 3, 4.5, 4, 11.5 ], "texture": "#metal2" },
				"north": { "uv": [ 12, 10, 13, 11.5 ], "texture": "#metal2" },
				"south": { "uv": [ 3, 10, 4, 11.5 ], "texture": "#metal2" },
				"west": { "uv": [ 4.5, 10, 11.5, 11.5 ], "texture": "#metal2" },
				"east": { "uv": [ 4.5, 10, 11.5, 11.5 ], "texture": "#metal2" }
			}
		},
		{
			"__comment": "Box1",
			"from": [ 2, 13.5, 2 ],
			"to": [ 3, 14, 14 ],
			"faces": {
				"down": { "uv": [ 2, 2, 3, 14 ], "texture": "#metal2" },
				"up": { "uv": [ 2, 2, 3, 14 ], "texture": "#metal2" },
				"north": { "uv": [ 13, 11, 14, 11.5 ], "texture": "#metal2" },
				"south": { "uv": [ 2, 11, 3, 11.5 ], "texture": "#metal2" },
				"west": { "uv": [ 2, 11, 14, 11.5 ], "texture": "#metal2" },
				"east": { "uv": [ 2, 11, 14, 11.5 ], "texture": "#metal2" }
			}
		},
		{
			"__comment": "Box1",
			"from": [ 13, 13.5, 2 ],
			"to": [ 14, 14, 14 ],
			"faces": {
				"down": { "uv": [ 13, 2, 14, 14 ], "texture": "#metal2" },
				"up": { "uv": [ 13, 2, 14, 14 ], "texture": "#metal2" },
				"north": { "uv": [ 2, 11, 3, 11.5 ], "texture": "#metal2" },
				"south": { "uv": [ 13, 11, 14, 11.5 ], "texture": "#metal2" },
				"west": { "uv": [ 2, 11, 14, 11.5 ], "texture": "#metal2" },
				"east": { "uv": [ 2, 11, 14, 11.5 ], "texture": "#metal2" }
			}
		},
		{
			"__comment": "Box1",
			"from": [ 3, 13.5, 2 ],
			"to": [ 13, 14, 3 ],
			"faces": {
				"down": { "uv": [ 3, 13, 13, 14 ], "texture": "#metal2" },
				"up": { "uv": [ 3, 2, 13, 3 ], "texture": "#metal2" },
				"north": { "uv": [ 3, 11, 13, 11.5 ], "texture": "#metal2" },
				"south": { "uv": [ 3, 11, 13, 11.5 ], "texture": "#metal2" },
				"west": { "uv": [ 2, 11, 3, 11.5 ], "texture": "#metal2" },
				"east": { "uv": [ 13, 11, 14, 11.5 ], "texture": "#metal2" }
			}
		},
		{
			"__comment": "Box1",
			"from": [ 12, 3, 4.5 ],
			"to": [ 12.5, 3.5, 11.5 ],
			"faces": {
				"down": { "uv": [ 12, 4.5, 12.5, 11.5 ], "texture": "#metal2" },
				"up": { "uv": [ 12, 4.5, 12.5, 11.5 ], "texture": "#metal2" },
				"north": { "uv": [ 3.5, 5.5, 4, 6 ], "texture": "#metal2" },
				"south": { "uv": [ 12, 5.5, 12.5, 6 ], "texture": "#metal2" },
				"west": { "uv": [ 4.5, 5.5, 11.5, 6 ], "texture": "#metal2" },
				"east": { "uv": [ 4.5, 5.5, 11.5, 6 ], "texture": "#metal2" }
			}
		},
		{
			"__comment": "Box1",
			"from": [ 12, 8, 4.5 ],
			"to": [ 12.5, 9, 11.5 ],
			"faces": {
				"down": { "uv": [ 12, 4.5, 12.5, 11.5 ], "texture": "#metal2" },
				"up": { "uv": [ 12, 4.5, 12.5, 11.5 ], "texture": "#metal2" },
				"north": { "uv": [ 3.5, 0, 4, 1 ], "texture": "#metal2" },
				"south": { "uv": [ 12, 0, 12.5, 1 ], "texture": "#metal2" },
				"west": { "uv": [ 4.5, 0, 11.5, 1 ], "texture": "#metal2" },
				"east": { "uv": [ 4.5, 0, 11.5, 1 ], "texture": "#metal2" }
			}
		},
		{
			"__comment": "Box1",
			"from": [ 3.5, 8, 4.5 ],
			"to": [ 4, 9, 11.5 ],
			"faces": {
				"down": { "uv": [ 3.5, 4.5, 4, 11.5 ], "texture": "#metal2" },
				"up": { "uv": [ 3.5, 4.5, 4, 11.5 ], "texture": "#metal2" },
				"north": { "uv": [ 12, 0, 12.5, 1 ], "texture": "#metal2" },
				"south": { "uv": [ 3.5, 0, 4, 1 ], "texture": "#metal2" },
				"west": { "uv": [ 4.5, 0, 11.5, 1 ], "texture": "#metal2" },
				"east": { "uv": [ 4.5, 0, 11.5, 1 ], "texture": "#metal2" }
			}
		},
		{
			"__comment": "Box1",
			"from": [ 4.5, 8, 3.5 ],
			"to": [ 11.5, 9, 4 ],
			"faces": {
				"down": { "uv": [ 4.5, 12, 11.5, 12.5 ], "texture": "#metal2" },
				"up": { "uv": [ 4.5, 3.5, 11.5, 4 ], "texture": "#metal2" },
				"north": { "uv": [ 4.5, 0, 11.5, 1 ], "texture": "#metal2" },
				"south": { "uv": [ 4.5, 0, 11.5, 1 ], "texture": "#metal2" },
				"west": { "uv": [ 3.5, 0, 4, 1 ], "texture": "#metal2" },
				"east": { "uv": [ 12, 0, 12.5, 1 ], "texture": "#metal2" }
			}
		},
		{
			"__comment": "PlaneZ52",
			"from": [ 4.5, 3.5, 12.25 ],
			"to": [ 11.5, 8, 12.251 ],
			"faces": {
				"south": { "uv": [ 4.5, 1, 11.5, 5.5 ], "texture": "#glass" }
			}
		},
		{
			"__comment": "PlaneZ52",
			"from": [ 4.5, 3.5, 3.75 ],
			"to": [ 11.5, 8, 3.751 ],
			"faces": {
				"north": { "uv": [ 4.5, 1, 11.5, 5.5 ], "texture": "#glass" }
			}
		},
		{
			"__comment": "PlaneZ52",
			"from": [ 4.5, 9, 3.75 ],
			"to": [ 11.5, 13.5, 3.751 ],
			"faces": {
				"north": { "uv": [ 4.5, 11.5, 11.5, 16 ], "texture": "#glass" }
			}
		},
		{
			"__comment": "PlaneZ52",
			"from": [ 4.5, 9, 12.25 ],
			"to": [ 11.5, 13.5, 12.251 ],
			"faces": {
				"south": { "uv": [ 4.5, 11.5, 11.5, 16 ], "texture": "#glass" }
			}
		},
		{
			"__comment": "PlaneX56",
			"from": [ 12.25, 3.5, 4.5 ],
			"to": [ 12.251, 8, 11.5 ],
			"faces": {
				"east": { "uv": [ 4.5, 1, 11.5, 5.5 ], "texture": "#glass" }
			}
		},
		{
			"__comment": "PlaneX56",
			"from": [ 3.75, 3.5, 4.5 ],
			"to": [ 3.751, 8, 11.5 ],
			"faces": {
				"west": { "uv": [ 4.5, 1, 11.5, 5.5 ], "texture": "#glass" }
			}
		},
		{
			"__comment": "PlaneX56",
			"from": [ 3.75, 9, 4.5 ],
			"to": [ 3.751, 13.5, 11.5 ],
			"faces": {
				"west": { "uv": [ 4.5, 11.5, 11.5, 16 ], "texture": "#glass" }
			}
		},
		{
			"__comment": "PlaneX56",
			"from": [ 12.25, 9, 4.5 ],
			"to": [ 12.251, 13.5, 11.5 ],
			"faces": {
				"east": { "uv": [ 4.5, 11.5, 11.5, 16 ], "texture": "#glass" }
			}
		},
		{
			"__comment": "PlaneY52",
			"from": [ 4, 3.25, 4 ],
			"to": [ 12, 3.251, 12 ],
			"faces": {
				"down": { "uv": [ 4, 4, 12, 12 ], "texture": "#glass" }
			}
		}
	],
	"display": {
		"head": {
			"translation":  [ 0, -4.8, 0 ],
			"scale":  [ 1.6, 1.6, 1.6 ]
		}
	}
}