{
	"__comment": "Designed by Ersatz with Cubik Studio - https://cubik.studio",
	"textures": {
		"particle": "blocks/anvil_base",
		"anchor": "blocks/planks_spruce",
		"wire": "blocks/anvil_base",
		"red": "decoration/outdoor_lights/red",
		"green": "decoration/outdoor_lights/green",
		"gray": "blocks/hardened_clay_stained_cyan"
	},
	"elements": [ 	 
		{
			"__comment": "wire1",
			"from": [ 7, 16.75, 0 ],
			"to": [ 9, 18.75, 5 ],
			"faces": {
				"down": { "uv": [ 7, 11, 9, 16 ], "texture": "#anchor" },
				"up": { "uv": [ 7, 0, 9, 5 ], "texture": "#anchor" },
				"north": { "uv": [ 7, 2, 9, 4 ], "texture": "#anchor" },
				"south": { "uv": [ 7, 2, 9, 4 ], "texture": "#anchor" },
				"west": { "uv": [ 0, 2, 5, 4 ], "texture": "#anchor" },
				"east": { "uv": [ 11, 2, 16, 4 ], "texture": "#anchor" }
			}
		},
		{
			"__comment": "green",
			"from": [ 11.25, 10.75, 1.75 ],
			"to": [ 12.75, 12.25, 2.25 ],
			"faces": {
				"down": { "uv": [ 11.25, 13.75, 12.75, 14.25 ], "texture": "#green" },
				"up": { "uv": [ 11.25, 1.75, 12.75, 2.25 ], "texture": "#green" },
				"north": { "uv": [ 3.25, 8.5, 4.75, 10 ], "texture": "#green" },
				"south": { "uv": [ 11.25, 8.5, 12.75, 10 ], "texture": "#green" },
				"west": { "uv": [ 1.75, 8.5, 2.25, 10 ], "texture": "#green" },
				"east": { "uv": [ 13.75, 8.5, 14.25, 10 ], "texture": "#green" }
			}
		},
		{
			"__comment": "green1",
			"from": [ 11.25, 12.75, 4.25 ],
			"to": [ 12.75, 15.25, 4.75 ],
			"faces": {
				"down": { "uv": [ 11.25, 11.25, 12.75, 11.75 ], "texture": "#green" },
				"up": { "uv": [ 11.25, 4.25, 12.75, 4.75 ], "texture": "#green" },
				"north": { "uv": [ 3.25, 5.5, 4.75, 8 ], "texture": "#green" },
				"south": { "uv": [ 11.25, 5.5, 12.75, 8 ], "texture": "#green" },
				"west": { "uv": [ 4.25, 5.5, 4.75, 8 ], "texture": "#green" },
				"east": { "uv": [ 11.25, 5.5, 11.75, 8 ], "texture": "#green" }
			}
		},
		{
			"__comment": "green2",
			"from": [ 11.25, 12.75, 1.25 ],
			"to": [ 12.75, 15.25, 1.75 ],
			"faces": {
				"down": { "uv": [ 11.25, 14.25, 12.75, 14.75 ], "texture": "#green" },
				"up": { "uv": [ 11.25, 1.25, 12.75, 1.75 ], "texture": "#green" },
				"north": { "uv": [ 3.25, 5.5, 4.75, 8 ], "texture": "#green" },
				"south": { "uv": [ 11.25, 5.5, 12.75, 8 ], "texture": "#green" },
				"west": { "uv": [ 1.25, 5.5, 1.75, 8 ], "texture": "#green" },
				"east": { "uv": [ 14.25, 5.5, 14.75, 8 ], "texture": "#green" }
			}
		},
		{
			"__comment": "green3",
			"from": [ 13.25, 12.75, 2.25 ],
			"to": [ 13.75, 15.25, 3.75 ],
			"faces": {
				"down": { "uv": [ 13.25, 12.25, 13.75, 13.75 ], "texture": "#green" },
				"up": { "uv": [ 13.25, 2.25, 13.75, 3.75 ], "texture": "#green" },
				"north": { "uv": [ 2.25, 5.5, 2.75, 8 ], "texture": "#green" },
				"south": { "uv": [ 13.25, 5.5, 13.75, 8 ], "texture": "#green" },
				"west": { "uv": [ 2.25, 5.5, 3.75, 8 ], "texture": "#green" },
				"east": { "uv": [ 12.25, 5.5, 13.75, 8 ], "texture": "#green" }
			}
		},
		{
			"__comment": "green4",
			"from": [ 10.25, 12.75, 2.25 ],
			"to": [ 10.75, 15.25, 3.75 ],
			"faces": {
				"down": { "uv": [ 10.25, 12.25, 10.75, 13.75 ], "texture": "#green" },
				"up": { "uv": [ 10.25, 2.25, 10.75, 3.75 ], "texture": "#green" },
				"north": { "uv": [ 5.25, 5.5, 5.75, 8 ], "texture": "#green" },
				"south": { "uv": [ 10.25, 5.5, 10.75, 8 ], "texture": "#green" },
				"west": { "uv": [ 2.25, 5.5, 3.75, 8 ], "texture": "#green" },
				"east": { "uv": [ 12.25, 5.5, 13.75, 8 ], "texture": "#green" }
			}
		},
		{
			"__comment": "green5",
			"from": [ 11.75, 8.75, 2.25 ],
			"to": [ 12.25, 9.25, 2.75 ],
			"faces": {
				"down": { "uv": [ 11.75, 13.25, 12.25, 13.75 ], "texture": "#green" },
				"up": { "uv": [ 11.75, 2.25, 12.25, 2.75 ], "texture": "#green" },
				"north": { "uv": [ 3.75, 11.5, 4.25, 12 ], "texture": "#green" },
				"south": { "uv": [ 11.75, 11.5, 12.25, 12 ], "texture": "#green" },
				"west": { "uv": [ 2.25, 11.5, 2.75, 12 ], "texture": "#green" },
				"east": { "uv": [ 13.25, 11.5, 13.75, 12 ], "texture": "#green" }
			}
		},
		{
			"__comment": "green6",
			"from": [ 11.25, 9.25, 2.25 ],
			"to": [ 12.75, 10.75, 3.75 ],
			"faces": {
				"down": { "uv": [ 11.25, 12.25, 12.75, 13.75 ], "texture": "#green" },
				"up": { "uv": [ 11.25, 2.25, 12.75, 3.75 ], "texture": "#green" },
				"north": { "uv": [ 3.25, 10, 4.75, 11.5 ], "texture": "#green" },
				"south": { "uv": [ 11.25, 10, 12.75, 11.5 ], "texture": "#green" },
				"west": { "uv": [ 2.25, 10, 3.75, 11.5 ], "texture": "#green" },
				"east": { "uv": [ 12.25, 10, 13.75, 11.5 ], "texture": "#green" }
			}
		},
		{
			"__comment": "green7",
			"from": [ 10.75, 12.25, 1.75 ],
			"to": [ 13.25, 15.25, 4.25 ],
			"faces": {
				"down": { "uv": [ 10.75, 11.75, 13.25, 14.25 ], "texture": "#green" },
				"up": { "uv": [ 10.75, 1.75, 13.25, 4.25 ], "texture": "#green" },
				"north": { "uv": [ 2.75, 5.5, 5.25, 8.5 ], "texture": "#green" },
				"south": { "uv": [ 10.75, 5.5, 13.25, 8.5 ], "texture": "#green" },
				"west": { "uv": [ 1.75, 5.5, 4.25, 8.5 ], "texture": "#green" },
				"east": { "uv": [ 11.75, 5.5, 14.25, 8.5 ], "texture": "#green" }
			}
		},
		{
			"__comment": "green8",
			"from": [ 10.75, 10.75, 2.25 ],
			"to": [ 13.25, 12.25, 3.75 ],
			"faces": {
				"down": { "uv": [ 10.75, 12.25, 13.25, 13.75 ], "texture": "#green" },
				"up": { "uv": [ 10.75, 2.25, 13.25, 3.75 ], "texture": "#green" },
				"north": { "uv": [ 2.75, 8.5, 5.25, 10 ], "texture": "#green" },
				"south": { "uv": [ 10.75, 8.5, 13.25, 10 ], "texture": "#green" },
				"west": { "uv": [ 2.25, 8.5, 3.75, 10 ], "texture": "#green" },
				"east": { "uv": [ 12.25, 8.5, 13.75, 10 ], "texture": "#green" }
			}
		},
		{
			"__comment": "green9",
			"from": [ 11.25, 10.75, 3.75 ],
			"to": [ 12.75, 12.25, 4.25 ],
			"faces": {
				"down": { "uv": [ 11.25, 11.75, 12.75, 12.25 ], "texture": "#green" },
				"up": { "uv": [ 11.25, 3.75, 12.75, 4.25 ], "texture": "#green" },
				"north": { "uv": [ 3.25, 8.5, 4.75, 10 ], "texture": "#green" },
				"south": { "uv": [ 11.25, 8.5, 12.75, 10 ], "texture": "#green" },
				"west": { "uv": [ 3.75, 8.5, 4.25, 10 ], "texture": "#green" },
				"east": { "uv": [ 11.75, 8.5, 12.25, 10 ], "texture": "#green" }
			}
		},
		{
			"__comment": "green10",
			"from": [ 11.25, 8.75, 2.75 ],
			"to": [ 12.75, 9.25, 3.25 ],
			"faces": {
				"down": { "uv": [ 11.25, 12.75, 12.75, 13.25 ], "texture": "#green" },
				"up": { "uv": [ 11.25, 2.75, 12.75, 3.25 ], "texture": "#green" },
				"north": { "uv": [ 3.25, 11.5, 4.75, 12 ], "texture": "#green" },
				"south": { "uv": [ 11.25, 11.5, 12.75, 12 ], "texture": "#green" },
				"west": { "uv": [ 2.75, 11.5, 3.25, 12 ], "texture": "#green" },
				"east": { "uv": [ 12.75, 11.5, 13.25, 12 ], "texture": "#green" }
			}
		},
		{
			"__comment": "green11",
			"from": [ 11.75, 7.75, 2.75 ],
			"to": [ 12.25, 8.75, 3.25 ],
			"faces": {
				"down": { "uv": [ 11.75, 12.75, 12.25, 13.25 ], "texture": "#green" },
				"up": { "uv": [ 11.75, 2.75, 12.25, 3.25 ], "texture": "#green" },
				"north": { "uv": [ 3.75, 12, 4.25, 13 ], "texture": "#green" },
				"south": { "uv": [ 11.75, 12, 12.25, 13 ], "texture": "#green" },
				"west": { "uv": [ 2.75, 12, 3.25, 13 ], "texture": "#green" },
				"east": { "uv": [ 12.75, 12, 13.25, 13 ], "texture": "#green" }
			}
		},
		{
			"__comment": "green12",
			"from": [ 11.75, 8.75, 3.25 ],
			"to": [ 12.25, 9.25, 3.75 ],
			"faces": {
				"down": { "uv": [ 11.75, 12.25, 12.25, 12.75 ], "texture": "#green" },
				"up": { "uv": [ 11.75, 3.25, 12.25, 3.75 ], "texture": "#green" },
				"north": { "uv": [ 3.75, 11.5, 4.25, 12 ], "texture": "#green" },
				"south": { "uv": [ 11.75, 11.5, 12.25, 12 ], "texture": "#green" },
				"west": { "uv": [ 3.25, 11.5, 3.75, 12 ], "texture": "#green" },
				"east": { "uv": [ 12.25, 11.5, 12.75, 12 ], "texture": "#green" }
			}
		},
		{
			"__comment": "red",
			"from": [ 3.25, 10.75, 1.75 ],
			"to": [ 4.75, 12.25, 2.25 ],
			"faces": {
				"down": { "uv": [ 3.25, 13.75, 4.75, 14.25 ], "texture": "#red" },
				"up": { "uv": [ 3.25, 1.75, 4.75, 2.25 ], "texture": "#red" },
				"north": { "uv": [ 11.25, 8.5, 12.75, 10 ], "texture": "#red" },
				"south": { "uv": [ 3.25, 8.5, 4.75, 10 ], "texture": "#red" },
				"west": { "uv": [ 1.75, 8.5, 2.25, 10 ], "texture": "#red" },
				"east": { "uv": [ 13.75, 8.5, 14.25, 10 ], "texture": "#red" }
			}
		},
		{
			"__comment": "red2",
			"from": [ 3.25, 12.75, 4.25 ],
			"to": [ 4.75, 15.25, 4.75 ],
			"faces": {
				"down": { "uv": [ 3.25, 11.25, 4.75, 11.75 ], "texture": "#red" },
				"up": { "uv": [ 3.25, 4.25, 4.75, 4.75 ], "texture": "#red" },
				"north": { "uv": [ 11.25, 5.5, 12.75, 8 ], "texture": "#red" },
				"south": { "uv": [ 3.25, 5.5, 4.75, 8 ], "texture": "#red" },
				"west": { "uv": [ 4.25, 5.5, 4.75, 8 ], "texture": "#red" },
				"east": { "uv": [ 11.25, 5.5, 11.75, 8 ], "texture": "#red" }
			}
		},
		{
			"__comment": "red3",
			"from": [ 3.25, 12.75, 1.25 ],
			"to": [ 4.75, 15.25, 1.75 ],
			"faces": {
				"down": { "uv": [ 3.25, 14.25, 4.75, 14.75 ], "texture": "#red" },
				"up": { "uv": [ 3.25, 1.25, 4.75, 1.75 ], "texture": "#red" },
				"north": { "uv": [ 11.25, 5.5, 12.75, 8 ], "texture": "#red" },
				"south": { "uv": [ 3.25, 5.5, 4.75, 8 ], "texture": "#red" },
				"west": { "uv": [ 1.25, 5.5, 1.75, 8 ], "texture": "#red" },
				"east": { "uv": [ 14.25, 5.5, 14.75, 8 ], "texture": "#red" }
			}
		},
		{
			"__comment": "red4",
			"from": [ 5.25, 12.75, 2.25 ],
			"to": [ 5.75, 15.25, 3.75 ],
			"faces": {
				"down": { "uv": [ 5.25, 12.25, 5.75, 13.75 ], "texture": "#red" },
				"up": { "uv": [ 5.25, 2.25, 5.75, 3.75 ], "texture": "#red" },
				"north": { "uv": [ 10.25, 5.5, 10.75, 8 ], "texture": "#red" },
				"south": { "uv": [ 5.25, 5.5, 5.75, 8 ], "texture": "#red" },
				"west": { "uv": [ 2.25, 5.5, 3.75, 8 ], "texture": "#red" },
				"east": { "uv": [ 12.25, 5.5, 13.75, 8 ], "texture": "#red" }
			}
		},
		{
			"__comment": "red5",
			"from": [ 2.25, 12.75, 2.25 ],
			"to": [ 2.75, 15.25, 3.75 ],
			"faces": {
				"down": { "uv": [ 2.25, 12.25, 2.75, 13.75 ], "texture": "#red" },
				"up": { "uv": [ 2.25, 2.25, 2.75, 3.75 ], "texture": "#red" },
				"north": { "uv": [ 13.25, 5.5, 13.75, 8 ], "texture": "#red" },
				"south": { "uv": [ 2.25, 5.5, 2.75, 8 ], "texture": "#red" },
				"west": { "uv": [ 2.25, 5.5, 3.75, 8 ], "texture": "#red" },
				"east": { "uv": [ 12.25, 5.5, 13.75, 8 ], "texture": "#red" }
			}
		},
		{
			"__comment": "red1",
			"from": [ 3.75, 8.75, 2.25 ],
			"to": [ 4.25, 9.25, 2.75 ],
			"faces": {
				"down": { "uv": [ 3.75, 13.25, 4.25, 13.75 ], "texture": "#red" },
				"up": { "uv": [ 3.75, 2.25, 4.25, 2.75 ], "texture": "#red" },
				"north": { "uv": [ 11.75, 11.5, 12.25, 12 ], "texture": "#red" },
				"south": { "uv": [ 3.75, 11.5, 4.25, 12 ], "texture": "#red" },
				"west": { "uv": [ 2.25, 11.5, 2.75, 12 ], "texture": "#red" },
				"east": { "uv": [ 13.25, 11.5, 13.75, 12 ], "texture": "#red" }
			}
		},
		{
			"__comment": "red1",
			"from": [ 3.25, 9.25, 2.25 ],
			"to": [ 4.75, 10.75, 3.75 ],
			"faces": {
				"down": { "uv": [ 3.25, 12.25, 4.75, 13.75 ], "texture": "#red" },
				"up": { "uv": [ 3.25, 2.25, 4.75, 3.75 ], "texture": "#red" },
				"north": { "uv": [ 11.25, 10, 12.75, 11.5 ], "texture": "#red" },
				"south": { "uv": [ 3.25, 10, 4.75, 11.5 ], "texture": "#red" },
				"west": { "uv": [ 2.25, 10, 3.75, 11.5 ], "texture": "#red" },
				"east": { "uv": [ 12.25, 10, 13.75, 11.5 ], "texture": "#red" }
			}
		},
		{
			"__comment": "red",
			"from": [ 2.75, 10.75, 2.25 ],
			"to": [ 5.25, 12.25, 3.75 ],
			"faces": {
				"down": { "uv": [ 2.75, 12.25, 5.25, 13.75 ], "texture": "#red" },
				"up": { "uv": [ 2.75, 2.25, 5.25, 3.75 ], "texture": "#red" },
				"north": { "uv": [ 10.75, 8.5, 13.25, 10 ], "texture": "#red" },
				"south": { "uv": [ 2.75, 8.5, 5.25, 10 ], "texture": "#red" },
				"west": { "uv": [ 2.25, 8.5, 3.75, 10 ], "texture": "#red" },
				"east": { "uv": [ 12.25, 8.5, 13.75, 10 ], "texture": "#red" }
			}
		},
		{
			"__comment": "red",
			"from": [ 3.25, 10.75, 3.75 ],
			"to": [ 4.75, 12.25, 4.25 ],
			"faces": {
				"down": { "uv": [ 3.25, 11.75, 4.75, 12.25 ], "texture": "#red" },
				"up": { "uv": [ 3.25, 3.75, 4.75, 4.25 ], "texture": "#red" },
				"north": { "uv": [ 11.25, 8.5, 12.75, 10 ], "texture": "#red" },
				"south": { "uv": [ 3.25, 8.5, 4.75, 10 ], "texture": "#red" },
				"west": { "uv": [ 3.75, 8.5, 4.25, 10 ], "texture": "#red" },
				"east": { "uv": [ 11.75, 8.5, 12.25, 10 ], "texture": "#red" }
			}
		},
		{
			"__comment": "red1",
			"from": [ 3.25, 8.75, 2.75 ],
			"to": [ 4.75, 9.25, 3.25 ],
			"faces": {
				"down": { "uv": [ 3.25, 12.75, 4.75, 13.25 ], "texture": "#red" },
				"up": { "uv": [ 3.25, 2.75, 4.75, 3.25 ], "texture": "#red" },
				"north": { "uv": [ 11.25, 11.5, 12.75, 12 ], "texture": "#red" },
				"south": { "uv": [ 3.25, 11.5, 4.75, 12 ], "texture": "#red" },
				"west": { "uv": [ 2.75, 11.5, 3.25, 12 ], "texture": "#red" },
				"east": { "uv": [ 12.75, 11.5, 13.25, 12 ], "texture": "#red" }
			}
		},
		{
			"__comment": "red1",
			"from": [ 3.75, 7.75, 2.75 ],
			"to": [ 4.25, 8.75, 3.25 ],
			"faces": {
				"down": { "uv": [ 3.75, 12.75, 4.25, 13.25 ], "texture": "#red" },
				"up": { "uv": [ 3.75, 2.75, 4.25, 3.25 ], "texture": "#red" },
				"north": { "uv": [ 11.75, 12, 12.25, 13 ], "texture": "#red" },
				"south": { "uv": [ 3.75, 12, 4.25, 13 ], "texture": "#red" },
				"west": { "uv": [ 2.75, 12, 3.25, 13 ], "texture": "#red" },
				"east": { "uv": [ 12.75, 12, 13.25, 13 ], "texture": "#red" }
			}
		},
		{
			"__comment": "red1",
			"from": [ 3.75, 8.75, 3.25 ],
			"to": [ 4.25, 9.25, 3.75 ],
			"faces": {
				"down": { "uv": [ 3.75, 12.25, 4.25, 12.75 ], "texture": "#red" },
				"up": { "uv": [ 3.75, 3.25, 4.25, 3.75 ], "texture": "#red" },
				"north": { "uv": [ 11.75, 11.5, 12.25, 12 ], "texture": "#red" },
				"south": { "uv": [ 3.75, 11.5, 4.25, 12 ], "texture": "#red" },
				"west": { "uv": [ 3.25, 11.5, 3.75, 12 ], "texture": "#red" },
				"east": { "uv": [ 12.25, 11.5, 12.75, 12 ], "texture": "#red" }
			}
		},
		{
			"__comment": "red",
			"from": [ 2.75, 12.25, 1.75 ],
			"to": [ 5.25, 15.25, 4.25 ],
			"faces": {
				"down": { "uv": [ 2.75, 11.75, 5.25, 14.25 ], "texture": "#red" },
				"up": { "uv": [ 2.75, 1.75, 5.25, 4.25 ], "texture": "#red" },
				"north": { "uv": [ 10.75, 5.5, 13.25, 8.5 ], "texture": "#red" },
				"south": { "uv": [ 2.75, 5.5, 5.25, 8.5 ], "texture": "#red" },
				"west": { "uv": [ 1.75, 5.5, 4.25, 8.5 ], "texture": "#red" },
				"east": { "uv": [ 11.75, 5.5, 14.25, 8.5 ], "texture": "#red" }
			}
		},
		{
			"__comment": "gray",
			"from": [ 5.5, 15.25, 2 ],
			"to": [ 6, 17.25, 4 ],
			"faces": {
				"down": { "uv": [ 5.5, 12, 6, 14 ], "texture": "#gray" },
				"up": { "uv": [ 5.5, 2, 6, 4 ], "texture": "#gray" },
				"north": { "uv": [ 10, 3.5, 10.5, 5.5 ], "texture": "#gray" },
				"south": { "uv": [ 5.5, 3.5, 6, 5.5 ], "texture": "#gray" },
				"west": { "uv": [ 2, 3.5, 4, 5.5 ], "texture": "#gray" },
				"east": { "uv": [ 12, 3.5, 14, 5.5 ], "texture": "#gray" }
			}
		},
		{
			"__comment": "gray",
			"from": [ 3, 15.25, 1 ],
			"to": [ 5, 17.25, 5 ],
			"faces": {
				"down": { "uv": [ 3, 11, 5, 15 ], "texture": "#gray" },
				"up": { "uv": [ 3, 1, 5, 5 ], "texture": "#gray" },
				"north": { "uv": [ 11, 3.5, 13, 5.5 ], "texture": "#gray" },
				"south": { "uv": [ 3, 3.5, 5, 5.5 ], "texture": "#gray" },
				"west": { "uv": [ 1, 3.5, 5, 5.5 ], "texture": "#gray" },
				"east": { "uv": [ 11, 3.5, 15, 5.5 ], "texture": "#gray" }
			}
		},
		{
			"__comment": "gray",
			"from": [ 11.625, 17.25, 4 ],
			"to": [ 12.375, 20.75, 4.75 ],
			"faces": {
				"down": { "uv": [ 11.625, 11.25, 12.375, 12 ], "texture": "#gray" },
				"up": { "uv": [ 11.625, 4, 12.375, 4.75 ], "texture": "#gray" },
				"north": { "uv": [ 3.625, 0, 4.375, 3.5 ], "texture": "#gray" },
				"south": { "uv": [ 11.625, 0, 12.375, 3.5 ], "texture": "#gray" },
				"west": { "uv": [ 4, 0, 4.75, 3.5 ], "texture": "#gray" },
				"east": { "uv": [ 11.25, 0, 12, 3.5 ], "texture": "#gray" }
			}
		},
		{
			"__comment": "gray",
			"from": [ 2.5, 15.25, 1.5 ],
			"to": [ 3, 17.25, 4.5 ],
			"faces": {
				"down": { "uv": [ 2.5, 11.5, 3, 14.5 ], "texture": "#gray" },
				"up": { "uv": [ 2.5, 1.5, 3, 4.5 ], "texture": "#gray" },
				"north": { "uv": [ 13, 3.5, 13.5, 5.5 ], "texture": "#gray" },
				"south": { "uv": [ 2.5, 3.5, 3, 5.5 ], "texture": "#gray" },
				"west": { "uv": [ 1.5, 3.5, 4.5, 5.5 ], "texture": "#gray" },
				"east": { "uv": [ 11.5, 3.5, 14.5, 5.5 ], "texture": "#gray" }
			}
		},
		{
			"__comment": "gray",
			"from": [ 2, 15.25, 2 ],
			"to": [ 2.5, 17.25, 4 ],
			"faces": {
				"down": { "uv": [ 2, 12, 2.5, 14 ], "texture": "#gray" },
				"up": { "uv": [ 2, 2, 2.5, 4 ], "texture": "#gray" },
				"north": { "uv": [ 13.5, 3.5, 14, 5.5 ], "texture": "#gray" },
				"south": { "uv": [ 2, 3.5, 2.5, 5.5 ], "texture": "#gray" },
				"west": { "uv": [ 2, 3.5, 4, 5.5 ], "texture": "#gray" },
				"east": { "uv": [ 12, 3.5, 14, 5.5 ], "texture": "#gray" }
			}
		},
		{
			"__comment": "gray",
			"from": [ 13.5, 15.25, 2 ],
			"to": [ 14, 17.25, 4 ],
			"faces": {
				"down": { "uv": [ 13.5, 12, 14, 14 ], "texture": "#gray" },
				"up": { "uv": [ 13.5, 2, 14, 4 ], "texture": "#gray" },
				"north": { "uv": [ 2, 3.5, 2.5, 5.5 ], "texture": "#gray" },
				"south": { "uv": [ 13.5, 3.5, 14, 5.5 ], "texture": "#gray" },
				"west": { "uv": [ 2, 3.5, 4, 5.5 ], "texture": "#gray" },
				"east": { "uv": [ 12, 3.5, 14, 5.5 ], "texture": "#gray" }
			}
		},
		{
			"__comment": "gray",
			"from": [ 11, 15.25, 1 ],
			"to": [ 13, 17.25, 5 ],
			"faces": {
				"down": { "uv": [ 11, 11, 13, 15 ], "texture": "#gray" },
				"up": { "uv": [ 11, 1, 13, 5 ], "texture": "#gray" },
				"north": { "uv": [ 3, 3.5, 5, 5.5 ], "texture": "#gray" },
				"south": { "uv": [ 11, 3.5, 13, 5.5 ], "texture": "#gray" },
				"west": { "uv": [ 1, 3.5, 5, 5.5 ], "texture": "#gray" },
				"east": { "uv": [ 11, 3.5, 15, 5.5 ], "texture": "#gray" }
			}
		},
		{
			"__comment": "gray",
			"from": [ 13, 15.25, 1.5 ],
			"to": [ 13.5, 17.25, 4.5 ],
			"faces": {
				"down": { "uv": [ 13, 11.5, 13.5, 14.5 ], "texture": "#gray" },
				"up": { "uv": [ 13, 1.5, 13.5, 4.5 ], "texture": "#gray" },
				"north": { "uv": [ 2.5, 3.5, 3, 5.5 ], "texture": "#gray" },
				"south": { "uv": [ 13, 3.5, 13.5, 5.5 ], "texture": "#gray" },
				"west": { "uv": [ 1.5, 3.5, 4.5, 5.5 ], "texture": "#gray" },
				"east": { "uv": [ 11.5, 3.5, 14.5, 5.5 ], "texture": "#gray" }
			}
		},
		{
			"__comment": "gray",
			"from": [ 10.5, 15.25, 1.5 ],
			"to": [ 11, 17.25, 4.5 ],
			"faces": {
				"down": { "uv": [ 10.5, 11.5, 11, 14.5 ], "texture": "#gray" },
				"up": { "uv": [ 10.5, 1.5, 11, 4.5 ], "texture": "#gray" },
				"north": { "uv": [ 5, 3.5, 5.5, 5.5 ], "texture": "#gray" },
				"south": { "uv": [ 10.5, 3.5, 11, 5.5 ], "texture": "#gray" },
				"west": { "uv": [ 1.5, 3.5, 4.5, 5.5 ], "texture": "#gray" },
				"east": { "uv": [ 11.5, 3.5, 14.5, 5.5 ], "texture": "#gray" }
			}
		},
		{
			"__comment": "gray",
			"from": [ 10, 15.25, 2 ],
			"to": [ 10.5, 17.25, 4 ],
			"faces": {
				"down": { "uv": [ 10, 12, 10.5, 14 ], "texture": "#gray" },
				"up": { "uv": [ 10, 2, 10.5, 4 ], "texture": "#gray" },
				"north": { "uv": [ 5.5, 3.5, 6, 5.5 ], "texture": "#gray" },
				"south": { "uv": [ 10, 3.5, 10.5, 5.5 ], "texture": "#gray" },
				"west": { "uv": [ 2, 3.5, 4, 5.5 ], "texture": "#gray" },
				"east": { "uv": [ 12, 3.5, 14, 5.5 ], "texture": "#gray" }
			}
		},
		{
			"__comment": "gray",
			"from": [ 5, 15.25, 1.5 ],
			"to": [ 5.5, 17.25, 4.5 ],
			"faces": {
				"down": { "uv": [ 5, 11.5, 5.5, 14.5 ], "texture": "#gray" },
				"up": { "uv": [ 5, 1.5, 5.5, 4.5 ], "texture": "#gray" },
				"north": { "uv": [ 10.5, 3.5, 11, 5.5 ], "texture": "#gray" },
				"south": { "uv": [ 5, 3.5, 5.5, 5.5 ], "texture": "#gray" },
				"west": { "uv": [ 1.5, 3.5, 4.5, 5.5 ], "texture": "#gray" },
				"east": { "uv": [ 11.5, 3.5, 14.5, 5.5 ], "texture": "#gray" }
			}
		},
		{
			"__comment": "gray",
			"from": [ 11.625, 20.75, 2 ],
			"to": [ 12.375, 21.5, 4 ],
			"faces": {
				"down": { "uv": [ 11.625, 12, 12.375, 14 ], "texture": "#gray" },
				"up": { "uv": [ 11.625, 2, 12.375, 4 ], "texture": "#gray" },
				"north": { "uv": [ 3.625, 15.25, 4.375, 16 ], "texture": "#gray" },
				"south": { "uv": [ 11.625, 15.25, 12.375, 16 ], "texture": "#gray" },
				"west": { "uv": [ 2, 15.25, 4, 16 ], "texture": "#gray" },
				"east": { "uv": [ 12, 15.25, 14, 16 ], "texture": "#gray" }
			}
		},
		{
			"__comment": "gray",
			"from": [ 11.624, 20.75, 4 ],
			"to": [ 12.374, 21.5, 5.0625 ],
			"rotation": { "origin": [ 11.624, 21.5, 4 ], "axis": "x", "angle": 45 },
			"faces": {
				"down": { "uv": [ 11.624, 11.46783, 12.374, 12.53033 ], "texture": "#gray" },
				"up": { "uv": [ 11.624, 3.469669, 12.374, 4.532169 ], "texture": "#gray" },
				"north": { "uv": [ 3.625999, 15.03033, 4.375999, 15.78033 ], "texture": "#gray" },
				"south": { "uv": [ 11.624, 15.03033, 12.374, 15.78033 ], "texture": "#gray" },
				"west": { "uv": [ 3.46967, 15.03033, 4.53217, 15.78033 ], "texture": "#gray" },
				"east": { "uv": [ 11.46783, 15.03033, 12.53033, 15.78033 ], "texture": "#gray" }
			}
		},
		{
			"__comment": "wire",
			"from": [ 0, 18.75, 2 ],
			"to": [ 16, 20.75, 4 ],
			"faces": {
				"down": { "uv": [ 0, 12, 16, 14 ], "texture": "#wire" },
				"up": { "uv": [ 0, 2, 16, 4 ], "texture": "#wire" },
				"north": { "uv": [ 0, 0, 16, 2 ], "texture": "#wire" },
				"south": { "uv": [ 0, 0, 16, 2 ], "texture": "#wire" },
				"west": { "uv": [ 2, 0, 4, 2 ], "texture": "#wire" },
				"east": { "uv": [ 12, 0, 14, 2 ], "texture": "#wire" }
			}
		},
		{
			"__comment": "gray",
			"from": [ 11.625, 17.25, 1.25 ],
			"to": [ 12.375, 20.75, 2 ],
			"faces": {
				"down": { "uv": [ 11.625, 14, 12.375, 14.75 ], "texture": "#gray" },
				"up": { "uv": [ 11.625, 1.25, 12.375, 2 ], "texture": "#gray" },
				"north": { "uv": [ 3.625, 0, 4.375, 3.5 ], "texture": "#gray" },
				"south": { "uv": [ 11.625, 0, 12.375, 3.5 ], "texture": "#gray" },
				"west": { "uv": [ 1.25, 0, 2, 3.5 ], "texture": "#gray" },
				"east": { "uv": [ 14, 0, 14.75, 3.5 ], "texture": "#gray" }
			}
		},
		{
			"__comment": "gray",
			"from": [ 11.626, 20.75, 1.25 ],
			"to": [ 12.376, 21.8125, 2 ],
			"rotation": { "origin": [ 11.626, 20.75, 1.25 ], "axis": "x", "angle": 45 },
			"faces": {
				"down": { "uv": [ 11.626, 14, 12.376, 14.75 ], "texture": "#gray" },
				"up": { "uv": [ 11.626, 1.25, 12.376, 2 ], "texture": "#gray" },
				"north": { "uv": [ 3.624001, 14.9375, 4.374001, 16 ], "texture": "#gray" },
				"south": { "uv": [ 11.626, 14.9375, 12.376, 16 ], "texture": "#gray" },
				"west": { "uv": [ 1.25, 14.9375, 2, 16 ], "texture": "#gray" },
				"east": { "uv": [ 14, 14.9375, 14.75, 16 ], "texture": "#gray" }
			}
		},
		{
			"__comment": "wire",
			"from": [ 11.75, 17.25, 2.75 ],
			"to": [ 12.25, 18.75, 3.25 ],
			"faces": {
				"down": { "uv": [ 11.75, 12.75, 12.25, 13.25 ], "texture": "#wire" },
				"up": { "uv": [ 11.75, 2.75, 12.25, 3.25 ], "texture": "#wire" },
				"north": { "uv": [ 3.75, 2, 4.25, 3.5 ], "texture": "#wire" },
				"south": { "uv": [ 11.75, 2, 12.25, 3.5 ], "texture": "#wire" },
				"west": { "uv": [ 2.75, 2, 3.25, 3.5 ], "texture": "#wire" },
				"east": { "uv": [ 12.75, 2, 13.25, 3.5 ], "texture": "#wire" }
			}
		},
		{
			"__comment": "wire",
			"from": [ 3.75, 17.25, 2.75 ],
			"to": [ 4.25, 18.75, 3.25 ],
			"faces": {
				"down": { "uv": [ 3.75, 12.75, 4.25, 13.25 ], "texture": "#wire" },
				"up": { "uv": [ 3.75, 2.75, 4.25, 3.25 ], "texture": "#wire" },
				"north": { "uv": [ 11.75, 2, 12.25, 3.5 ], "texture": "#wire" },
				"south": { "uv": [ 3.75, 2, 4.25, 3.5 ], "texture": "#wire" },
				"west": { "uv": [ 2.75, 2, 3.25, 3.5 ], "texture": "#wire" },
				"east": { "uv": [ 12.75, 2, 13.25, 3.5 ], "texture": "#wire" }
			}
		},
		{
			"__comment": "gray",
			"from": [ 3.625, 17.25, 4 ],
			"to": [ 4.375, 20.75, 4.75 ],
			"faces": {
				"down": { "uv": [ 3.625, 11.25, 4.375, 12 ], "texture": "#gray" },
				"up": { "uv": [ 3.625, 4, 4.375, 4.75 ], "texture": "#gray" },
				"north": { "uv": [ 11.625, 0, 12.375, 3.5 ], "texture": "#gray" },
				"south": { "uv": [ 3.625, 0, 4.375, 3.5 ], "texture": "#gray" },
				"west": { "uv": [ 4, 0, 4.75, 3.5 ], "texture": "#gray" },
				"east": { "uv": [ 11.25, 0, 12, 3.5 ], "texture": "#gray" }
			}
		},
		{
			"__comment": "gray",
			"from": [ 3.625, 20.75, 2 ],
			"to": [ 4.375, 21.5, 4 ],
			"faces": {
				"down": { "uv": [ 3.625, 12, 4.375, 14 ], "texture": "#gray" },
				"up": { "uv": [ 3.625, 2, 4.375, 4 ], "texture": "#gray" },
				"north": { "uv": [ 11.625, 15.25, 12.375, 16 ], "texture": "#gray" },
				"south": { "uv": [ 3.625, 15.25, 4.375, 16 ], "texture": "#gray" },
				"west": { "uv": [ 2, 15.25, 4, 16 ], "texture": "#gray" },
				"east": { "uv": [ 12, 15.25, 14, 16 ], "texture": "#gray" }
			}
		},
		{
			"__comment": "gray",
			"from": [ 3.624, 20.75, 4 ],
			"to": [ 4.374, 21.5, 5.0625 ],
			"rotation": { "origin": [ 3.624, 21.5, 4 ], "axis": "x", "angle": 45 },
			"faces": {
				"down": { "uv": [ 3.624, 11.46783, 4.374, 12.53033 ], "texture": "#gray" },
				"up": { "uv": [ 3.624, 3.469669, 4.374, 4.532169 ], "texture": "#gray" },
				"north": { "uv": [ 11.626, 15.03033, 12.376, 15.78033 ], "texture": "#gray" },
				"south": { "uv": [ 3.624, 15.03033, 4.374, 15.78033 ], "texture": "#gray" },
				"west": { "uv": [ 3.46967, 15.03033, 4.53217, 15.78033 ], "texture": "#gray" },
				"east": { "uv": [ 11.46783, 15.03033, 12.53033, 15.78033 ], "texture": "#gray" }
			}
		},
		{
			"__comment": "gray",
			"from": [ 3.626, 20.75, 1.25 ],
			"to": [ 4.376, 21.8125, 2 ],
			"rotation": { "origin": [ 3.626, 20.75, 1.25 ], "axis": "x", "angle": 45 },
			"faces": {
				"down": { "uv": [ 3.626, 14, 4.376, 14.75 ], "texture": "#gray" },
				"up": { "uv": [ 3.626, 1.25, 4.376, 2 ], "texture": "#gray" },
				"north": { "uv": [ 11.624, 14.9375, 12.374, 16 ], "texture": "#gray" },
				"south": { "uv": [ 3.626, 14.9375, 4.376, 16 ], "texture": "#gray" },
				"west": { "uv": [ 1.25, 14.9375, 2, 16 ], "texture": "#gray" },
				"east": { "uv": [ 14, 14.9375, 14.75, 16 ], "texture": "#gray" }
			}
		},
		{
			"__comment": "gray",
			"from": [ 3.625, 17.25, 1.25 ],
			"to": [ 4.375, 20.75, 2 ],
			"faces": {
				"down": { "uv": [ 3.625, 14, 4.375, 14.75 ], "texture": "#gray" },
				"up": { "uv": [ 3.625, 1.25, 4.375, 2 ], "texture": "#gray" },
				"north": { "uv": [ 11.625, 0, 12.375, 3.5 ], "texture": "#gray" },
				"south": { "uv": [ 3.625, 0, 4.375, 3.5 ], "texture": "#gray" },
				"west": { "uv": [ 1.25, 0, 2, 3.5 ], "texture": "#gray" },
				"east": { "uv": [ 14, 0, 14.75, 3.5 ], "texture": "#gray" }
			}
		}
	],
	"display": {
		"head": {
			"rotation":  [ 0, 180, 0 ],
			"translation":  [ 0, -10, 0 ],
			"scale":  [ 1.6, 1.6, 1.6 ]
		}
	}
}