{
	"__comment": "Designed by Ersatz with Cubik Studio - https://cubik.studio",
	"textures": {
		"particle": "blocks/log_big_oak",
		"bark": "blocks/log_big_oak",
		"inner": "blocks/log_oak_top"
	},
	"elements": [ 	 
		{
			"__comment": "log",
			"from": [ 7, 9, 0.5 ],
			"to": [ 9, 11, 15.5 ],
			"faces": {
				"down": { "uv": [ 7, 0.5, 9, 15.5 ], "texture": "#inner" },
				"up": { "uv": [ 7, 0.5, 9, 15.5 ], "texture": "#inner" },
				"north": { "uv": [ 7, 5, 9, 7 ], "texture": "#inner" },
				"south": { "uv": [ 7, 5, 9, 7 ], "texture": "#inner" },
				"west": { "uv": [ 0.5, 5, 15.5, 7 ], "texture": "#inner" },
				"east": { "uv": [ 0.5, 5, 15.5, 7 ], "texture": "#inner" }
			}
		},
		{
			"__comment": "log1",
			"from": [ 6, 8, 0.5 ],
			"to": [ 10, 9, 15.5 ],
			"faces": {
				"down": { "uv": [ 6, 0.5, 10, 15.5 ], "texture": "#bark" },
				"up": { "uv": [ 6, 0.5, 10, 15.5 ], "texture": "#bark" },
				"north": { "uv": [ 6, 7, 10, 8 ], "texture": "#bark" },
				"south": { "uv": [ 6, 7, 10, 8 ], "texture": "#bark" },
				"west": { "uv": [ 0.5, 7, 15.5, 8 ], "texture": "#bark" },
				"east": { "uv": [ 0.5, 7, 15.5, 8 ], "texture": "#bark" }
			}
		},
		{
			"__comment": "log2",
			"from": [ 6, 11, 0.5 ],
			"to": [ 10, 12, 15.5 ],
			"faces": {
				"down": { "uv": [ 6, 0.5, 10, 15.5 ], "texture": "#bark" },
				"up": { "uv": [ 6, 0.5, 10, 15.5 ], "texture": "#bark" },
				"north": { "uv": [ 6, 4, 10, 5 ], "texture": "#bark" },
				"south": { "uv": [ 6, 4, 10, 5 ], "texture": "#bark" },
				"west": { "uv": [ 0.5, 4, 15.5, 5 ], "texture": "#bark" },
				"east": { "uv": [ 0.5, 4, 15.5, 5 ], "texture": "#bark" }
			}
		},
		{
			"__comment": "log3",
			"from": [ 6, 9, 0.5 ],
			"to": [ 7, 11, 15.5 ],
			"faces": {
				"down": { "uv": [ 6, 0.5, 7, 15.5 ], "texture": "#bark" },
				"up": { "uv": [ 6, 0.5, 7, 15.5 ], "texture": "#bark" },
				"north": { "uv": [ 9, 4.999999, 10, 6.999999 ], "texture": "#bark" },
				"south": { "uv": [ 6, 4.999999, 7, 6.999999 ], "texture": "#bark" },
				"west": { "uv": [ 0.5, 4.999999, 15.5, 6.999999 ], "texture": "#bark" },
				"east": { "uv": [ 0.5, 4.999999, 15.5, 6.999999 ], "texture": "#bark" }
			}
		},
		{
			"__comment": "log4",
			"from": [ 9, 9, 0.5 ],
			"to": [ 10, 11, 15.5 ],
			"faces": {
				"down": { "uv": [ 9, 0.5, 10, 15.5 ], "texture": "#bark" },
				"up": { "uv": [ 9, 0.5, 10, 15.5 ], "texture": "#bark" },
				"north": { "uv": [ 6, 5, 7, 7 ], "texture": "#bark" },
				"south": { "uv": [ 9, 5, 10, 7 ], "texture": "#bark" },
				"west": { "uv": [ 0.5, 5, 15.5, 7 ], "texture": "#bark" },
				"east": { "uv": [ 0.5, 5, 15.5, 7 ], "texture": "#bark" }
			}
		},
		{
			"__comment": "log",
			"from": [ 1, 1, 0 ],
			"to": [ 3, 3, 16 ],
			"faces": {
				"down": { "uv": [ 1, 0, 3, 16 ], "texture": "#inner" },
				"up": { "uv": [ 1, 0, 3, 16 ], "texture": "#inner" },
				"north": { "uv": [ 13, 13, 15, 15 ], "texture": "#inner" },
				"south": { "uv": [ 1, 13, 3, 15 ], "texture": "#inner" },
				"west": { "uv": [ 0, 13, 16, 15 ], "texture": "#inner" },
				"east": { "uv": [ 0, 13, 16, 15 ], "texture": "#inner" }
			}
		},
		{
			"__comment": "log1",
			"from": [ 0, 0, 0 ],
			"to": [ 4, 1, 16 ],
			"faces": {
				"down": { "uv": [ 0, 0, 4, 16 ], "texture": "#bark" },
				"up": { "uv": [ 0, 0, 4, 16 ], "texture": "#bark" },
				"north": { "uv": [ 12, 15, 16, 16 ], "texture": "#bark" },
				"south": { "uv": [ 0, 15, 4, 16 ], "texture": "#bark" },
				"west": { "uv": [ 0, 15, 16, 16 ], "texture": "#bark" },
				"east": { "uv": [ 0, 15, 16, 16 ], "texture": "#bark" }
			}
		},
		{
			"__comment": "log2",
			"from": [ 0, 3, 0 ],
			"to": [ 4, 4, 16 ],
			"faces": {
				"down": { "uv": [ 0, 0, 4, 16 ], "texture": "#bark" },
				"up": { "uv": [ 0, 0, 4, 16 ], "texture": "#bark" },
				"north": { "uv": [ 12, 12, 16, 13 ], "texture": "#bark" },
				"south": { "uv": [ 0, 12, 4, 13 ], "texture": "#bark" },
				"west": { "uv": [ 0, 12, 16, 13 ], "texture": "#bark" },
				"east": { "uv": [ 0, 12, 16, 13 ], "texture": "#bark" }
			}
		},
		{
			"__comment": "log3",
			"from": [ 0, 1, 0 ],
			"to": [ 1, 3, 16 ],
			"faces": {
				"down": { "uv": [ 0, 0, 1, 16 ], "texture": "#bark" },
				"up": { "uv": [ 0, 0, 1, 16 ], "texture": "#bark" },
				"north": { "uv": [ 15, 13, 16, 15 ], "texture": "#bark" },
				"south": { "uv": [ 0, 13, 1, 15 ], "texture": "#bark" },
				"west": { "uv": [ 0, 13, 16, 15 ], "texture": "#bark" },
				"east": { "uv": [ 0, 13, 16, 15 ], "texture": "#bark" }
			}
		},
		{
			"__comment": "log4",
			"from": [ 3, 1, 0 ],
			"to": [ 4, 3, 16 ],
			"faces": {
				"down": { "uv": [ 3, 0, 4, 16 ], "texture": "#bark" },
				"up": { "uv": [ 3, 0, 4, 16 ], "texture": "#bark" },
				"north": { "uv": [ 12, 13, 13, 15 ], "texture": "#bark" },
				"south": { "uv": [ 3, 13, 4, 15 ], "texture": "#bark" },
				"west": { "uv": [ 0, 13, 16, 15 ], "texture": "#bark" },
				"east": { "uv": [ 0, 13, 16, 15 ], "texture": "#bark" }
			}
		},
		{
			"__comment": "log",
			"from": [ 12, 1, 0.5 ],
			"to": [ 14, 3, 15.5 ],
			"faces": {
				"down": { "uv": [ 12, 0.5, 14, 15.5 ], "texture": "#inner" },
				"up": { "uv": [ 12, 0.5, 14, 15.5 ], "texture": "#inner" },
				"north": { "uv": [ 2, 13, 4, 15 ], "texture": "#inner" },
				"south": { "uv": [ 12, 13, 14, 15 ], "texture": "#inner" },
				"west": { "uv": [ 0.5, 13, 15.5, 15 ], "texture": "#inner" },
				"east": { "uv": [ 0.5, 13, 15.5, 15 ], "texture": "#inner" }
			}
		},
		{
			"__comment": "log1",
			"from": [ 11, 0, 0.5 ],
			"to": [ 15, 1, 15.5 ],
			"faces": {
				"down": { "uv": [ 11, 0.5, 15, 15.5 ], "texture": "#bark" },
				"up": { "uv": [ 11, 0.5, 15, 15.5 ], "texture": "#bark" },
				"north": { "uv": [ 1, 15, 5, 16 ], "texture": "#bark" },
				"south": { "uv": [ 11, 15, 15, 16 ], "texture": "#bark" },
				"west": { "uv": [ 0.5, 15, 15.5, 16 ], "texture": "#bark" },
				"east": { "uv": [ 0.5, 15, 15.5, 16 ], "texture": "#bark" }
			}
		},
		{
			"__comment": "log2",
			"from": [ 11, 3, 0.5 ],
			"to": [ 15, 4, 15.5 ],
			"faces": {
				"down": { "uv": [ 11, 0.5, 15, 15.5 ], "texture": "#bark" },
				"up": { "uv": [ 11, 0.5, 15, 15.5 ], "texture": "#bark" },
				"north": { "uv": [ 1, 12, 5, 13 ], "texture": "#bark" },
				"south": { "uv": [ 11, 12, 15, 13 ], "texture": "#bark" },
				"west": { "uv": [ 0.5, 12, 15.5, 13 ], "texture": "#bark" },
				"east": { "uv": [ 0.5, 12, 15.5, 13 ], "texture": "#bark" }
			}
		},
		{
			"__comment": "log3",
			"from": [ 11, 1, 0.5 ],
			"to": [ 12, 3, 15.5 ],
			"faces": {
				"down": { "uv": [ 11, 0.5, 12, 15.5 ], "texture": "#bark" },
				"up": { "uv": [ 11, 0.5, 12, 15.5 ], "texture": "#bark" },
				"north": { "uv": [ 4, 13, 5, 15 ], "texture": "#bark" },
				"south": { "uv": [ 11, 13, 12, 15 ], "texture": "#bark" },
				"west": { "uv": [ 0.5, 13, 15.5, 15 ], "texture": "#bark" },
				"east": { "uv": [ 0.5, 13, 15.5, 15 ], "texture": "#bark" }
			}
		},
		{
			"__comment": "log4",
			"from": [ 14, 1, 0.5 ],
			"to": [ 15, 3, 15.5 ],
			"faces": {
				"down": { "uv": [ 14, 0.5, 15, 15.5 ], "texture": "#bark" },
				"up": { "uv": [ 14, 0.5, 15, 15.5 ], "texture": "#bark" },
				"north": { "uv": [ 1, 13, 2, 15 ], "texture": "#bark" },
				"south": { "uv": [ 14, 13, 15, 15 ], "texture": "#bark" },
				"west": { "uv": [ 0.5, 13, 15.5, 15 ], "texture": "#bark" },
				"east": { "uv": [ 0.5, 13, 15.5, 15 ], "texture": "#bark" }
			}
		},
		{
			"__comment": "log",
			"from": [ 7, 1, 1 ],
			"to": [ 9, 3, 16 ],
			"faces": {
				"down": { "uv": [ 7, 0, 9, 15 ], "texture": "#inner" },
				"up": { "uv": [ 7, 1, 9, 16 ], "texture": "#inner" },
				"north": { "uv": [ 7, 13, 9, 15 ], "texture": "#inner" },
				"south": { "uv": [ 7, 13, 9, 15 ], "texture": "#inner" },
				"west": { "uv": [ 1, 13, 16, 15 ], "texture": "#inner" },
				"east": { "uv": [ 0, 13, 15, 15 ], "texture": "#inner" }
			}
		},
		{
			"__comment": "log1",
			"from": [ 6, 0, 1 ],
			"to": [ 10, 1, 16 ],
			"faces": {
				"down": { "uv": [ 6, 0, 10, 15 ], "texture": "#bark" },
				"up": { "uv": [ 6, 1, 10, 16 ], "texture": "#bark" },
				"north": { "uv": [ 6, 15, 10, 16 ], "texture": "#bark" },
				"south": { "uv": [ 6, 15, 10, 16 ], "texture": "#bark" },
				"west": { "uv": [ 1, 15, 16, 16 ], "texture": "#bark" },
				"east": { "uv": [ 0, 15, 15, 16 ], "texture": "#bark" }
			}
		},
		{
			"__comment": "log2",
			"from": [ 6, 3, 1 ],
			"to": [ 10, 4, 16 ],
			"faces": {
				"down": { "uv": [ 6, 0, 10, 15 ], "texture": "#bark" },
				"up": { "uv": [ 6, 1, 10, 16 ], "texture": "#bark" },
				"north": { "uv": [ 6, 12, 10, 13 ], "texture": "#bark" },
				"south": { "uv": [ 6, 12, 10, 13 ], "texture": "#bark" },
				"west": { "uv": [ 1, 12, 16, 13 ], "texture": "#bark" },
				"east": { "uv": [ 0, 12, 15, 13 ], "texture": "#bark" }
			}
		},
		{
			"__comment": "log3",
			"from": [ 6, 1, 1 ],
			"to": [ 7, 3, 16 ],
			"faces": {
				"down": { "uv": [ 6, 0, 7, 15 ], "texture": "#bark" },
				"up": { "uv": [ 6, 1, 7, 16 ], "texture": "#bark" },
				"north": { "uv": [ 9, 13, 10, 15 ], "texture": "#bark" },
				"south": { "uv": [ 6, 13, 7, 15 ], "texture": "#bark" },
				"west": { "uv": [ 1, 13, 16, 15 ], "texture": "#bark" },
				"east": { "uv": [ 0, 13, 15, 15 ], "texture": "#bark" }
			}
		},
		{
			"__comment": "log4",
			"from": [ 9, 1, 1 ],
			"to": [ 10, 3, 16 ],
			"faces": {
				"down": { "uv": [ 9, 0, 10, 15 ], "texture": "#bark" },
				"up": { "uv": [ 9, 1, 10, 16 ], "texture": "#bark" },
				"north": { "uv": [ 6, 13, 7, 15 ], "texture": "#bark" },
				"south": { "uv": [ 9, 13, 10, 15 ], "texture": "#bark" },
				"west": { "uv": [ 1, 13, 16, 15 ], "texture": "#bark" },
				"east": { "uv": [ 0, 13, 15, 15 ], "texture": "#bark" }
			}
		},
		{
			"__comment": "log",
			"from": [ 10, 5, 0 ],
			"to": [ 12, 7, 15 ],
			"faces": {
				"down": { "uv": [ 10, 1, 12, 16 ], "texture": "#inner" },
				"up": { "uv": [ 10, 0, 12, 15 ], "texture": "#inner" },
				"north": { "uv": [ 4, 9, 6, 11 ], "texture": "#inner" },
				"south": { "uv": [ 10, 9, 12, 11 ], "texture": "#inner" },
				"west": { "uv": [ 0, 9, 15, 11 ], "texture": "#inner" },
				"east": { "uv": [ 1, 9, 16, 11 ], "texture": "#inner" }
			}
		},
		{
			"__comment": "log1",
			"from": [ 9, 4, 0 ],
			"to": [ 13, 5, 15 ],
			"faces": {
				"down": { "uv": [ 9, 1, 13, 16 ], "texture": "#bark" },
				"up": { "uv": [ 9, 0, 13, 15 ], "texture": "#bark" },
				"north": { "uv": [ 3, 11, 7, 12 ], "texture": "#bark" },
				"south": { "uv": [ 9, 11, 13, 12 ], "texture": "#bark" },
				"west": { "uv": [ 0, 11, 15, 12 ], "texture": "#bark" },
				"east": { "uv": [ 1, 11, 16, 12 ], "texture": "#bark" }
			}
		},
		{
			"__comment": "log2",
			"from": [ 9, 7, 0 ],
			"to": [ 13, 8, 15 ],
			"faces": {
				"down": { "uv": [ 9, 1, 13, 16 ], "texture": "#bark" },
				"up": { "uv": [ 9, 0, 13, 15 ], "texture": "#bark" },
				"north": { "uv": [ 3, 8, 7, 9 ], "texture": "#bark" },
				"south": { "uv": [ 9, 8, 13, 9 ], "texture": "#bark" },
				"west": { "uv": [ 0, 8, 15, 9 ], "texture": "#bark" },
				"east": { "uv": [ 1, 8, 16, 9 ], "texture": "#bark" }
			}
		},
		{
			"__comment": "log3",
			"from": [ 9, 5, 0 ],
			"to": [ 10, 7, 15 ],
			"faces": {
				"down": { "uv": [ 9, 1, 10, 16 ], "texture": "#bark" },
				"up": { "uv": [ 9, 0, 10, 15 ], "texture": "#bark" },
				"north": { "uv": [ 6, 9, 7, 11 ], "texture": "#bark" },
				"south": { "uv": [ 9, 9, 10, 11 ], "texture": "#bark" },
				"west": { "uv": [ 0, 9, 15, 11 ], "texture": "#bark" },
				"east": { "uv": [ 1, 9, 16, 11 ], "texture": "#bark" }
			}
		},
		{
			"__comment": "log4",
			"from": [ 12, 5, 0 ],
			"to": [ 13, 7, 15 ],
			"faces": {
				"down": { "uv": [ 12, 1, 13, 16 ], "texture": "#bark" },
				"up": { "uv": [ 12, 0, 13, 15 ], "texture": "#bark" },
				"north": { "uv": [ 3, 9, 4, 11 ], "texture": "#bark" },
				"south": { "uv": [ 12, 9, 13, 11 ], "texture": "#bark" },
				"west": { "uv": [ 0, 9, 15, 11 ], "texture": "#bark" },
				"east": { "uv": [ 1, 9, 16, 11 ], "texture": "#bark" }
			}
		},
		{
			"__comment": "log4",
			"from": [ 6, 5, 0 ],
			"to": [ 7, 7, 15 ],
			"faces": {
				"down": { "uv": [ 6, 1, 7, 16 ], "texture": "#bark" },
				"up": { "uv": [ 6, 0, 7, 15 ], "texture": "#bark" },
				"north": { "uv": [ 9, 9, 10, 11 ], "texture": "#bark" },
				"south": { "uv": [ 6, 9, 7, 11 ], "texture": "#bark" },
				"west": { "uv": [ 0, 9, 15, 11 ], "texture": "#bark" },
				"east": { "uv": [ 1, 9, 16, 11 ], "texture": "#bark" }
			}
		},
		{
			"__comment": "log",
			"from": [ 4, 5, 0 ],
			"to": [ 6, 7, 15 ],
			"faces": {
				"down": { "uv": [ 4, 1, 6, 16 ], "texture": "#inner" },
				"up": { "uv": [ 4, 0, 6, 15 ], "texture": "#inner" },
				"north": { "uv": [ 10, 9, 12, 11 ], "texture": "#inner" },
				"south": { "uv": [ 4, 9, 6, 11 ], "texture": "#inner" },
				"west": { "uv": [ 0, 9, 15, 11 ], "texture": "#inner" },
				"east": { "uv": [ 1, 9, 16, 11 ], "texture": "#inner" }
			}
		},
		{
			"__comment": "log1",
			"from": [ 3, 4, 0 ],
			"to": [ 7, 5, 15 ],
			"faces": {
				"down": { "uv": [ 3, 1, 7, 16 ], "texture": "#bark" },
				"up": { "uv": [ 3, 0, 7, 15 ], "texture": "#bark" },
				"north": { "uv": [ 9, 11, 13, 12 ], "texture": "#bark" },
				"south": { "uv": [ 3, 11, 7, 12 ], "texture": "#bark" },
				"west": { "uv": [ 0, 11, 15, 12 ], "texture": "#bark" },
				"east": { "uv": [ 1, 11, 16, 12 ], "texture": "#bark" }
			}
		},
		{
			"__comment": "log2",
			"from": [ 3, 7, 0 ],
			"to": [ 7, 8, 15 ],
			"faces": {
				"down": { "uv": [ 3, 1, 7, 16 ], "texture": "#bark" },
				"up": { "uv": [ 3, 0, 7, 15 ], "texture": "#bark" },
				"north": { "uv": [ 9, 8, 13, 9 ], "texture": "#bark" },
				"south": { "uv": [ 3, 8, 7, 9 ], "texture": "#bark" },
				"west": { "uv": [ 0, 8, 15, 9 ], "texture": "#bark" },
				"east": { "uv": [ 1, 8, 16, 9 ], "texture": "#bark" }
			}
		},
		{
			"__comment": "log3",
			"from": [ 3, 5, 0 ],
			"to": [ 4, 7, 15 ],
			"faces": {
				"down": { "uv": [ 3, 1, 4, 16 ], "texture": "#bark" },
				"up": { "uv": [ 3, 0, 4, 15 ], "texture": "#bark" },
				"north": { "uv": [ 12, 9, 13, 11 ], "texture": "#bark" },
				"south": { "uv": [ 3, 9, 4, 11 ], "texture": "#bark" },
				"west": { "uv": [ 0, 9, 15, 11 ], "texture": "#bark" },
				"east": { "uv": [ 1, 9, 16, 11 ], "texture": "#bark" }
			}
		}
	]
}