{
	"__comment": "Designed by Ersatz with Cubik Studio - https://cubik.studio",
	"textures": {
		"particle": "blocks/log_big_oak",
		"bark": "blocks/log_big_oak",
		"inner": "blocks/log_oak_top"
	},
	"elements": [ 	 
		{
			"__comment": "log",
			"from": [ 2.5, 1, 0.5 ],
			"to": [ 4.5, 3, 15.5 ],
			"faces": {
				"down": { "uv": [ 2.5, 0.5, 4.5, 15.5 ], "texture": "#inner" },
				"up": { "uv": [ 2.5, 0.5, 4.5, 15.5 ], "texture": "#inner" },
				"north": { "uv": [ 11.5, 13, 13.5, 15 ], "texture": "#inner" },
				"south": { "uv": [ 2.5, 13, 4.5, 15 ], "texture": "#inner" },
				"west": { "uv": [ 0.5, 13, 15.5, 15 ], "texture": "#inner" },
				"east": { "uv": [ 0.5, 13, 15.5, 15 ], "texture": "#inner" }
			}
		},
		{
			"__comment": "log1",
			"from": [ 1.5, 0, 0.5 ],
			"to": [ 5.5, 1, 15.5 ],
			"faces": {
				"down": { "uv": [ 1.5, 0.5, 5.5, 15.5 ], "texture": "#bark" },
				"up": { "uv": [ 1.5, 0.5, 5.5, 15.5 ], "texture": "#bark" },
				"north": { "uv": [ 10.5, 15, 14.5, 16 ], "texture": "#bark" },
				"south": { "uv": [ 1.5, 15, 5.5, 16 ], "texture": "#bark" },
				"west": { "uv": [ 0.5, 15, 15.5, 16 ], "texture": "#bark" },
				"east": { "uv": [ 0.5, 15, 15.5, 16 ], "texture": "#bark" }
			}
		},
		{
			"__comment": "log2",
			"from": [ 1.5, 3, 0.5 ],
			"to": [ 5.5, 4, 15.5 ],
			"faces": {
				"down": { "uv": [ 1.5, 0.5, 5.5, 15.5 ], "texture": "#bark" },
				"up": { "uv": [ 1.5, 0.5, 5.5, 15.5 ], "texture": "#bark" },
				"north": { "uv": [ 10.5, 12, 14.5, 13 ], "texture": "#bark" },
				"south": { "uv": [ 1.5, 12, 5.5, 13 ], "texture": "#bark" },
				"west": { "uv": [ 0.5, 12, 15.5, 13 ], "texture": "#bark" },
				"east": { "uv": [ 0.5, 12, 15.5, 13 ], "texture": "#bark" }
			}
		},
		{
			"__comment": "log3",
			"from": [ 1.5, 1, 0.5 ],
			"to": [ 2.5, 3, 15.5 ],
			"faces": {
				"down": { "uv": [ 1.5, 0.5, 2.5, 15.5 ], "texture": "#bark" },
				"up": { "uv": [ 1.5, 0.5, 2.5, 15.5 ], "texture": "#bark" },
				"north": { "uv": [ 13.5, 13, 14.5, 15 ], "texture": "#bark" },
				"south": { "uv": [ 1.5, 13, 2.5, 15 ], "texture": "#bark" },
				"west": { "uv": [ 0.5, 13, 15.5, 15 ], "texture": "#bark" },
				"east": { "uv": [ 0.5, 13, 15.5, 15 ], "texture": "#bark" }
			}
		},
		{
			"__comment": "log4",
			"from": [ 4.5, 1, 0.5 ],
			"to": [ 5.5, 3, 15.5 ],
			"faces": {
				"down": { "uv": [ 4.5, 0.5, 5.5, 15.5 ], "texture": "#bark" },
				"up": { "uv": [ 4.5, 0.5, 5.5, 15.5 ], "texture": "#bark" },
				"north": { "uv": [ 10.5, 13, 11.5, 15 ], "texture": "#bark" },
				"south": { "uv": [ 4.5, 13, 5.5, 15 ], "texture": "#bark" },
				"west": { "uv": [ 0.5, 13, 15.5, 15 ], "texture": "#bark" },
				"east": { "uv": [ 0.5, 13, 15.5, 15 ], "texture": "#bark" }
			}
		},
		{
			"__comment": "log",
			"from": [ 12, 1, 1 ],
			"to": [ 14, 3, 16 ],
			"faces": {
				"down": { "uv": [ 12, 0, 14, 15 ], "texture": "#inner" },
				"up": { "uv": [ 12, 1, 14, 16 ], "texture": "#inner" },
				"north": { "uv": [ 2, 13, 4, 15 ], "texture": "#inner" },
				"south": { "uv": [ 12, 13, 14, 15 ], "texture": "#inner" },
				"west": { "uv": [ 1, 13, 16, 15 ], "texture": "#inner" },
				"east": { "uv": [ 0, 13, 15, 15 ], "texture": "#inner" }
			}
		},
		{
			"__comment": "log1",
			"from": [ 11, 0, 1 ],
			"to": [ 15, 1, 16 ],
			"faces": {
				"down": { "uv": [ 11, 0, 15, 15 ], "texture": "#bark" },
				"up": { "uv": [ 11, 1, 15, 16 ], "texture": "#bark" },
				"north": { "uv": [ 1, 15, 5, 16 ], "texture": "#bark" },
				"south": { "uv": [ 11, 15, 15, 16 ], "texture": "#bark" },
				"west": { "uv": [ 1, 15, 16, 16 ], "texture": "#bark" },
				"east": { "uv": [ 0, 15, 15, 16 ], "texture": "#bark" }
			}
		},
		{
			"__comment": "log2",
			"from": [ 11, 3, 1 ],
			"to": [ 15, 4, 16 ],
			"faces": {
				"down": { "uv": [ 11, 0, 15, 15 ], "texture": "#bark" },
				"up": { "uv": [ 11, 1, 15, 16 ], "texture": "#bark" },
				"north": { "uv": [ 1, 12, 5, 13 ], "texture": "#bark" },
				"south": { "uv": [ 11, 12, 15, 13 ], "texture": "#bark" },
				"west": { "uv": [ 1, 12, 16, 13 ], "texture": "#bark" },
				"east": { "uv": [ 0, 12, 15, 13 ], "texture": "#bark" }
			}
		},
		{
			"__comment": "log3",
			"from": [ 11, 1, 1 ],
			"to": [ 12, 3, 16 ],
			"faces": {
				"down": { "uv": [ 11, 0, 12, 15 ], "texture": "#bark" },
				"up": { "uv": [ 11, 1, 12, 16 ], "texture": "#bark" },
				"north": { "uv": [ 4, 13, 5, 15 ], "texture": "#bark" },
				"south": { "uv": [ 11, 13, 12, 15 ], "texture": "#bark" },
				"west": { "uv": [ 1, 13, 16, 15 ], "texture": "#bark" },
				"east": { "uv": [ 0, 13, 15, 15 ], "texture": "#bark" }
			}
		},
		{
			"__comment": "log4",
			"from": [ 14, 1, 1 ],
			"to": [ 15, 3, 16 ],
			"faces": {
				"down": { "uv": [ 14, 0, 15, 15 ], "texture": "#bark" },
				"up": { "uv": [ 14, 1, 15, 16 ], "texture": "#bark" },
				"north": { "uv": [ 1, 13, 2, 15 ], "texture": "#bark" },
				"south": { "uv": [ 14, 13, 15, 15 ], "texture": "#bark" },
				"west": { "uv": [ 1, 13, 16, 15 ], "texture": "#bark" },
				"east": { "uv": [ 0, 13, 15, 15 ], "texture": "#bark" }
			}
		},
		{
			"__comment": "log",
			"from": [ 7.5, 1, 0.5 ],
			"to": [ 9.5, 3, 15.5 ],
			"faces": {
				"down": { "uv": [ 7.5, 0.5, 9.5, 15.5 ], "texture": "#inner" },
				"up": { "uv": [ 7.5, 0.5, 9.5, 15.5 ], "texture": "#inner" },
				"north": { "uv": [ 6.5, 13, 8.5, 15 ], "texture": "#inner" },
				"south": { "uv": [ 7.5, 13, 9.5, 15 ], "texture": "#inner" },
				"west": { "uv": [ 0.5, 13, 15.5, 15 ], "texture": "#inner" },
				"east": { "uv": [ 0.5, 13, 15.5, 15 ], "texture": "#inner" }
			}
		},
		{
			"__comment": "log1",
			"from": [ 6.5, 0, 0.5 ],
			"to": [ 10.5, 1, 15.5 ],
			"faces": {
				"down": { "uv": [ 6.5, 0.5, 10.5, 15.5 ], "texture": "#bark" },
				"up": { "uv": [ 6.5, 0.5, 10.5, 15.5 ], "texture": "#bark" },
				"north": { "uv": [ 5.5, 15, 9.5, 16 ], "texture": "#bark" },
				"south": { "uv": [ 6.5, 15, 10.5, 16 ], "texture": "#bark" },
				"west": { "uv": [ 0.5, 15, 15.5, 16 ], "texture": "#bark" },
				"east": { "uv": [ 0.5, 15, 15.5, 16 ], "texture": "#bark" }
			}
		},
		{
			"__comment": "log2",
			"from": [ 6.5, 3, 0.5 ],
			"to": [ 10.5, 4, 15.5 ],
			"faces": {
				"down": { "uv": [ 6.5, 0.5, 10.5, 15.5 ], "texture": "#bark" },
				"up": { "uv": [ 6.5, 0.5, 10.5, 15.5 ], "texture": "#bark" },
				"north": { "uv": [ 5.5, 12, 9.5, 13 ], "texture": "#bark" },
				"south": { "uv": [ 6.5, 12, 10.5, 13 ], "texture": "#bark" },
				"west": { "uv": [ 0.5, 12, 15.5, 13 ], "texture": "#bark" },
				"east": { "uv": [ 0.5, 12, 15.5, 13 ], "texture": "#bark" }
			}
		},
		{
			"__comment": "log3",
			"from": [ 6.5, 1, 0.5 ],
			"to": [ 7.5, 3, 15.5 ],
			"faces": {
				"down": { "uv": [ 6.5, 0.5, 7.5, 15.5 ], "texture": "#bark" },
				"up": { "uv": [ 6.5, 0.5, 7.5, 15.5 ], "texture": "#bark" },
				"north": { "uv": [ 8.5, 13, 9.5, 15 ], "texture": "#bark" },
				"south": { "uv": [ 6.5, 13, 7.5, 15 ], "texture": "#bark" },
				"west": { "uv": [ 0.5, 13, 15.5, 15 ], "texture": "#bark" },
				"east": { "uv": [ 0.5, 13, 15.5, 15 ], "texture": "#bark" }
			}
		},
		{
			"__comment": "log4",
			"from": [ 9.5, 1, 0.5 ],
			"to": [ 10.5, 3, 15.5 ],
			"faces": {
				"down": { "uv": [ 9.5, 0.5, 10.5, 15.5 ], "texture": "#bark" },
				"up": { "uv": [ 9.5, 0.5, 10.5, 15.5 ], "texture": "#bark" },
				"north": { "uv": [ 5.5, 13, 6.5, 15 ], "texture": "#bark" },
				"south": { "uv": [ 9.5, 13, 10.5, 15 ], "texture": "#bark" },
				"west": { "uv": [ 0.5, 13, 15.5, 15 ], "texture": "#bark" },
				"east": { "uv": [ 0.5, 13, 15.5, 15 ], "texture": "#bark" }
			}
		},
		{
			"__comment": "log",
			"from": [ 10, 5, 1.5 ],
			"to": [ 12, 7, 16.5 ],
			"rotation": { "origin": [ 12, 5, 1.5 ], "axis": "y", "angle": -22.5 },
			"faces": {
				"down": { "uv": [ 10, 1, 12, 16 ], "texture": "#inner" },
				"up": { "uv": [ 10, 0, 12, 15 ], "texture": "#inner" },
				"north": { "uv": [ 4, 9, 6, 11 ], "texture": "#inner" },
				"south": { "uv": [ 10, 9, 12, 11 ], "texture": "#inner" },
				"west": { "uv": [ 0, 9, 15, 11 ], "texture": "#inner" },
				"east": { "uv": [ 1, 9, 16, 11 ], "texture": "#inner" }
			}
		},
		{
			"__comment": "log1",
			"from": [ 9, 4, 1.5 ],
			"to": [ 13, 5, 16.5 ],
			"rotation": { "origin": [ 12, 5, 1.5 ], "axis": "y", "angle": -22.5 },
			"faces": {
				"down": { "uv": [ 9, 1, 13, 16 ], "texture": "#bark" },
				"up": { "uv": [ 9, 0, 13, 15 ], "texture": "#bark" },
				"north": { "uv": [ 3, 11, 7, 12 ], "texture": "#bark" },
				"south": { "uv": [ 9, 11, 13, 12 ], "texture": "#bark" },
				"west": { "uv": [ 0, 11, 15, 12 ], "texture": "#bark" },
				"east": { "uv": [ 1, 11, 16, 12 ], "texture": "#bark" }
			}
		},
		{
			"__comment": "log2",
			"from": [ 9, 7, 1.5 ],
			"to": [ 13, 8, 16.5 ],
			"rotation": { "origin": [ 12, 5, 1.5 ], "axis": "y", "angle": -22.5 },
			"faces": {
				"down": { "uv": [ 9, 1, 13, 16 ], "texture": "#bark" },
				"up": { "uv": [ 9, 0, 13, 15 ], "texture": "#bark" },
				"north": { "uv": [ 3, 8, 7, 9 ], "texture": "#bark" },
				"south": { "uv": [ 9, 8, 13, 9 ], "texture": "#bark" },
				"west": { "uv": [ 0, 8, 15, 9 ], "texture": "#bark" },
				"east": { "uv": [ 1, 8, 16, 9 ], "texture": "#bark" }
			}
		},
		{
			"__comment": "log3",
			"from": [ 9, 5, 1.5 ],
			"to": [ 10, 7, 16.5 ],
			"rotation": { "origin": [ 12, 5, 1.5 ], "axis": "y", "angle": -22.5 },
			"faces": {
				"down": { "uv": [ 9, 1, 10, 16 ], "texture": "#bark" },
				"up": { "uv": [ 9, 0, 10, 15 ], "texture": "#bark" },
				"north": { "uv": [ 6, 9, 7, 11 ], "texture": "#bark" },
				"south": { "uv": [ 9, 9, 10, 11 ], "texture": "#bark" },
				"west": { "uv": [ 0, 9, 15, 11 ], "texture": "#bark" },
				"east": { "uv": [ 1, 9, 16, 11 ], "texture": "#bark" }
			}
		},
		{
			"__comment": "log4",
			"from": [ 12, 5, 1.5 ],
			"to": [ 13, 7, 16.5 ],
			"rotation": { "origin": [ 12, 5, 1.5 ], "axis": "y", "angle": -22.5 },
			"faces": {
				"down": { "uv": [ 12, 1, 13, 16 ], "texture": "#bark" },
				"up": { "uv": [ 12, 0, 13, 15 ], "texture": "#bark" },
				"north": { "uv": [ 3, 9, 4, 11 ], "texture": "#bark" },
				"south": { "uv": [ 12, 9, 13, 11 ], "texture": "#bark" },
				"west": { "uv": [ 0, 9, 15, 11 ], "texture": "#bark" },
				"east": { "uv": [ 1, 9, 16, 11 ], "texture": "#bark" }
			}
		}
	]
}