{
	"__comment": "Designed by Ersatz with Cubik Studio - https://cubik.studio",
	"textures": {
		"particle": "blocks/log_big_oak",
		"bark": "blocks/log_big_oak",
		"inner": "blocks/log_oak_top"
	},
	"elements": [ 	 
		{
			"__comment": "log",
			"from": [ 13.5, 9, 2 ],
			"to": [ 15.5, 11, 17 ],
			"rotation": { "origin": [ 13.5, 9, 2 ], "axis": "y", "angle": -45 },
			"faces": {
				"down": { "uv": [ 8, 0.5, 10, 15.5 ], "texture": "#inner" },
				"up": { "uv": [ 8, 0.5, 10, 15.5 ], "texture": "#inner" },
				"north": { "uv": [ 6, 9, 8, 11 ], "texture": "#inner" },
				"south": { "uv": [ 8, 9, 10, 11 ], "texture": "#inner" },
				"west": { "uv": [ 0.5, 9, 15.5, 11 ], "texture": "#inner" },
				"east": { "uv": [ 0.5, 9, 15.5, 11 ], "texture": "#inner" }
			}
		},
		{
			"__comment": "log1",
			"from": [ 12.5, 8, 2 ],
			"to": [ 16.5, 9, 17 ],
			"rotation": { "origin": [ 13.5, 9, 2 ], "axis": "y", "angle": -45 },
			"faces": {
				"down": { "uv": [ 7, 0.5, 11, 15.5 ], "texture": "#bark" },
				"up": { "uv": [ 7, 0.5, 11, 15.5 ], "texture": "#bark" },
				"north": { "uv": [ 5, 11, 9, 12 ], "texture": "#bark" },
				"south": { "uv": [ 7, 11, 11, 12 ], "texture": "#bark" },
				"west": { "uv": [ 0.5, 11, 15.5, 12 ], "texture": "#bark" },
				"east": { "uv": [ 0.5, 11, 15.5, 12 ], "texture": "#bark" }
			}
		},
		{
			"__comment": "log2",
			"from": [ 12.5, 11, 2 ],
			"to": [ 16.5, 12, 17 ],
			"rotation": { "origin": [ 13.5, 9, 2 ], "axis": "y", "angle": -45 },
			"faces": {
				"down": { "uv": [ 7, 0.5, 11, 15.5 ], "texture": "#bark" },
				"up": { "uv": [ 7, 0.5, 11, 15.5 ], "texture": "#bark" },
				"north": { "uv": [ 5, 8, 9, 9 ], "texture": "#bark" },
				"south": { "uv": [ 7, 8, 11, 9 ], "texture": "#bark" },
				"west": { "uv": [ 0.5, 8, 15.5, 9 ], "texture": "#bark" },
				"east": { "uv": [ 0.5, 8, 15.5, 9 ], "texture": "#bark" }
			}
		},
		{
			"__comment": "log3",
			"from": [ 12.5, 9, 2 ],
			"to": [ 13.5, 11, 17 ],
			"rotation": { "origin": [ 13.5, 9, 2 ], "axis": "y", "angle": -45 },
			"faces": {
				"down": { "uv": [ 7, 0.5, 8, 15.5 ], "texture": "#bark" },
				"up": { "uv": [ 7, 0.5, 8, 15.5 ], "texture": "#bark" },
				"north": { "uv": [ 8, 9, 9, 11 ], "texture": "#bark" },
				"south": { "uv": [ 7, 9, 8, 11 ], "texture": "#bark" },
				"west": { "uv": [ 0.5, 9, 15.5, 11 ], "texture": "#bark" },
				"east": { "uv": [ 0.5, 9, 15.5, 11 ], "texture": "#bark" }
			}
		},
		{
			"__comment": "log4",
			"from": [ 15.5, 9, 2 ],
			"to": [ 16.5, 11, 17 ],
			"rotation": { "origin": [ 13.5, 9, 2 ], "axis": "y", "angle": -45 },
			"faces": {
				"down": { "uv": [ 10, 0.5, 11, 15.5 ], "texture": "#bark" },
				"up": { "uv": [ 10, 0.5, 11, 15.5 ], "texture": "#bark" },
				"north": { "uv": [ 5, 9, 6, 11 ], "texture": "#bark" },
				"south": { "uv": [ 10, 9, 11, 11 ], "texture": "#bark" },
				"west": { "uv": [ 0.5, 9, 15.5, 11 ], "texture": "#bark" },
				"east": { "uv": [ 0.5, 9, 15.5, 11 ], "texture": "#bark" }
			}
		},
		{
			"__comment": "log",
			"from": [ 2, 1, 0 ],
			"to": [ 4, 3, 16 ],
			"faces": {
				"down": { "uv": [ 2, 0, 4, 16 ], "texture": "#inner" },
				"up": { "uv": [ 2, 0, 4, 16 ], "texture": "#inner" },
				"north": { "uv": [ 12, 13, 14, 15 ], "texture": "#inner" },
				"south": { "uv": [ 2, 13, 4, 15 ], "texture": "#inner" },
				"west": { "uv": [ 0, 13, 16, 15 ], "texture": "#inner" },
				"east": { "uv": [ 0, 13, 16, 15 ], "texture": "#inner" }
			}
		},
		{
			"__comment": "log1",
			"from": [ 1, 0, 0 ],
			"to": [ 5, 1, 16 ],
			"faces": {
				"down": { "uv": [ 1, 0, 5, 16 ], "texture": "#bark" },
				"up": { "uv": [ 1, 0, 5, 16 ], "texture": "#bark" },
				"north": { "uv": [ 11, 15, 15, 16 ], "texture": "#bark" },
				"south": { "uv": [ 1, 15, 5, 16 ], "texture": "#bark" },
				"west": { "uv": [ 0, 15, 16, 16 ], "texture": "#bark" },
				"east": { "uv": [ 0, 15, 16, 16 ], "texture": "#bark" }
			}
		},
		{
			"__comment": "log2",
			"from": [ 1, 3, 0 ],
			"to": [ 5, 4, 16 ],
			"faces": {
				"down": { "uv": [ 1, 0, 5, 16 ], "texture": "#bark" },
				"up": { "uv": [ 1, 0, 5, 16 ], "texture": "#bark" },
				"north": { "uv": [ 11, 12, 15, 13 ], "texture": "#bark" },
				"south": { "uv": [ 1, 12, 5, 13 ], "texture": "#bark" },
				"west": { "uv": [ 0, 12, 16, 13 ], "texture": "#bark" },
				"east": { "uv": [ 0, 12, 16, 13 ], "texture": "#bark" }
			}
		},
		{
			"__comment": "log3",
			"from": [ 1, 1, 0 ],
			"to": [ 2, 3, 16 ],
			"faces": {
				"down": { "uv": [ 1, 0, 2, 16 ], "texture": "#bark" },
				"up": { "uv": [ 1, 0, 2, 16 ], "texture": "#bark" },
				"north": { "uv": [ 14, 13, 15, 15 ], "texture": "#bark" },
				"south": { "uv": [ 1, 13, 2, 15 ], "texture": "#bark" },
				"west": { "uv": [ 0, 13, 16, 15 ], "texture": "#bark" },
				"east": { "uv": [ 0, 13, 16, 15 ], "texture": "#bark" }
			}
		},
		{
			"__comment": "log4",
			"from": [ 4, 1, 0 ],
			"to": [ 5, 3, 16 ],
			"faces": {
				"down": { "uv": [ 4, 0, 5, 16 ], "texture": "#bark" },
				"up": { "uv": [ 4, 0, 5, 16 ], "texture": "#bark" },
				"north": { "uv": [ 11, 13, 12, 15 ], "texture": "#bark" },
				"south": { "uv": [ 4, 13, 5, 15 ], "texture": "#bark" },
				"west": { "uv": [ 0, 13, 16, 15 ], "texture": "#bark" },
				"east": { "uv": [ 0, 13, 16, 15 ], "texture": "#bark" }
			}
		},
		{
			"__comment": "log",
			"from": [ 13, 1, 0 ],
			"to": [ 15, 3, 15 ],
			"faces": {
				"down": { "uv": [ 13, 1, 15, 16 ], "texture": "#inner" },
				"up": { "uv": [ 13, 0, 15, 15 ], "texture": "#inner" },
				"north": { "uv": [ 1, 13, 3, 15 ], "texture": "#inner" },
				"south": { "uv": [ 13, 13, 15, 15 ], "texture": "#inner" },
				"west": { "uv": [ 0, 13, 15, 15 ], "texture": "#inner" },
				"east": { "uv": [ 1, 13, 16, 15 ], "texture": "#inner" }
			}
		},
		{
			"__comment": "log1",
			"from": [ 12, 0, 0 ],
			"to": [ 16, 1, 15 ],
			"faces": {
				"down": { "uv": [ 12, 1, 16, 16 ], "texture": "#bark" },
				"up": { "uv": [ 12, 0, 16, 15 ], "texture": "#bark" },
				"north": { "uv": [ 0, 15, 4, 16 ], "texture": "#bark" },
				"south": { "uv": [ 12, 15, 16, 16 ], "texture": "#bark" },
				"west": { "uv": [ 0, 15, 15, 16 ], "texture": "#bark" },
				"east": { "uv": [ 1, 15, 16, 16 ], "texture": "#bark" }
			}
		},
		{
			"__comment": "log2",
			"from": [ 12, 3, 0 ],
			"to": [ 16, 4, 15 ],
			"faces": {
				"down": { "uv": [ 12, 1, 16, 16 ], "texture": "#bark" },
				"up": { "uv": [ 12, 0, 16, 15 ], "texture": "#bark" },
				"north": { "uv": [ 0, 12, 4, 13 ], "texture": "#bark" },
				"south": { "uv": [ 12, 12, 16, 13 ], "texture": "#bark" },
				"west": { "uv": [ 0, 12, 15, 13 ], "texture": "#bark" },
				"east": { "uv": [ 1, 12, 16, 13 ], "texture": "#bark" }
			}
		},
		{
			"__comment": "log3",
			"from": [ 12, 1, 0 ],
			"to": [ 13, 3, 15 ],
			"faces": {
				"down": { "uv": [ 12, 1, 13, 16 ], "texture": "#bark" },
				"up": { "uv": [ 12, 0, 13, 15 ], "texture": "#bark" },
				"north": { "uv": [ 3, 13, 4, 15 ], "texture": "#bark" },
				"south": { "uv": [ 12, 13, 13, 15 ], "texture": "#bark" },
				"west": { "uv": [ 0, 13, 15, 15 ], "texture": "#bark" },
				"east": { "uv": [ 1, 13, 16, 15 ], "texture": "#bark" }
			}
		},
		{
			"__comment": "log4",
			"from": [ 15, 1, 0 ],
			"to": [ 16, 3, 15 ],
			"faces": {
				"down": { "uv": [ 15, 1, 16, 16 ], "texture": "#bark" },
				"up": { "uv": [ 15, 0, 16, 15 ], "texture": "#bark" },
				"north": { "uv": [ 0, 13, 1, 15 ], "texture": "#bark" },
				"south": { "uv": [ 15, 13, 16, 15 ], "texture": "#bark" },
				"west": { "uv": [ 0, 13, 15, 15 ], "texture": "#bark" },
				"east": { "uv": [ 1, 13, 16, 15 ], "texture": "#bark" }
			}
		},
		{
			"__comment": "log",
			"from": [ 7.5, 1, 0.5 ],
			"to": [ 9.5, 3, 15.5 ],
			"faces": {
				"down": { "uv": [ 7.5, 0.5, 9.5, 15.5 ], "texture": "#inner" },
				"up": { "uv": [ 7.5, 0.5, 9.5, 15.5 ], "texture": "#inner" },
				"north": { "uv": [ 6.5, 13, 8.5, 15 ], "texture": "#inner" },
				"south": { "uv": [ 7.5, 13, 9.5, 15 ], "texture": "#inner" },
				"west": { "uv": [ 0.5, 13, 15.5, 15 ], "texture": "#inner" },
				"east": { "uv": [ 0.5, 13, 15.5, 15 ], "texture": "#inner" }
			}
		},
		{
			"__comment": "log1",
			"from": [ 6.5, 0, 0.5 ],
			"to": [ 10.5, 1, 15.5 ],
			"faces": {
				"down": { "uv": [ 6.5, 0.5, 10.5, 15.5 ], "texture": "#bark" },
				"up": { "uv": [ 6.5, 0.5, 10.5, 15.5 ], "texture": "#bark" },
				"north": { "uv": [ 5.5, 15, 9.5, 16 ], "texture": "#bark" },
				"south": { "uv": [ 6.5, 15, 10.5, 16 ], "texture": "#bark" },
				"west": { "uv": [ 0.5, 15, 15.5, 16 ], "texture": "#bark" },
				"east": { "uv": [ 0.5, 15, 15.5, 16 ], "texture": "#bark" }
			}
		},
		{
			"__comment": "log2",
			"from": [ 6.5, 3, 0.5 ],
			"to": [ 10.5, 4, 15.5 ],
			"faces": {
				"down": { "uv": [ 6.5, 0.5, 10.5, 15.5 ], "texture": "#bark" },
				"up": { "uv": [ 6.5, 0.5, 10.5, 15.5 ], "texture": "#bark" },
				"north": { "uv": [ 5.5, 12, 9.5, 13 ], "texture": "#bark" },
				"south": { "uv": [ 6.5, 12, 10.5, 13 ], "texture": "#bark" },
				"west": { "uv": [ 0.5, 12, 15.5, 13 ], "texture": "#bark" },
				"east": { "uv": [ 0.5, 12, 15.5, 13 ], "texture": "#bark" }
			}
		},
		{
			"__comment": "log3",
			"from": [ 6.5, 1, 0.5 ],
			"to": [ 7.5, 3, 15.5 ],
			"faces": {
				"down": { "uv": [ 6.5, 0.5, 7.5, 15.5 ], "texture": "#bark" },
				"up": { "uv": [ 6.5, 0.5, 7.5, 15.5 ], "texture": "#bark" },
				"north": { "uv": [ 8.5, 13, 9.5, 15 ], "texture": "#bark" },
				"south": { "uv": [ 6.5, 13, 7.5, 15 ], "texture": "#bark" },
				"west": { "uv": [ 0.5, 13, 15.5, 15 ], "texture": "#bark" },
				"east": { "uv": [ 0.5, 13, 15.5, 15 ], "texture": "#bark" }
			}
		},
		{
			"__comment": "log4",
			"from": [ 9.5, 1, 0.5 ],
			"to": [ 10.5, 3, 15.5 ],
			"faces": {
				"down": { "uv": [ 9.5, 0.5, 10.5, 15.5 ], "texture": "#bark" },
				"up": { "uv": [ 9.5, 0.5, 10.5, 15.5 ], "texture": "#bark" },
				"north": { "uv": [ 5.5, 13, 6.5, 15 ], "texture": "#bark" },
				"south": { "uv": [ 9.5, 13, 10.5, 15 ], "texture": "#bark" },
				"west": { "uv": [ 0.5, 13, 15.5, 15 ], "texture": "#bark" },
				"east": { "uv": [ 0.5, 13, 15.5, 15 ], "texture": "#bark" }
			}
		},
		{
			"__comment": "log",
			"from": [ 12.5, 5, 1 ],
			"to": [ 14.5, 7, 16 ],
			"faces": {
				"down": { "uv": [ 12.5, 0, 14.5, 15 ], "texture": "#inner" },
				"up": { "uv": [ 12.5, 1, 14.5, 16 ], "texture": "#inner" },
				"north": { "uv": [ 1.5, 9, 3.5, 11 ], "texture": "#inner" },
				"south": { "uv": [ 12.5, 9, 14.5, 11 ], "texture": "#inner" },
				"west": { "uv": [ 1, 9, 16, 11 ], "texture": "#inner" },
				"east": { "uv": [ 0, 9, 15, 11 ], "texture": "#inner" }
			}
		},
		{
			"__comment": "log1",
			"from": [ 11.5, 4, 1 ],
			"to": [ 15.5, 5, 16 ],
			"faces": {
				"down": { "uv": [ 11.5, 0, 15.5, 15 ], "texture": "#bark" },
				"up": { "uv": [ 11.5, 1, 15.5, 16 ], "texture": "#bark" },
				"north": { "uv": [ 0.5, 11, 4.5, 12 ], "texture": "#bark" },
				"south": { "uv": [ 11.5, 11, 15.5, 12 ], "texture": "#bark" },
				"west": { "uv": [ 1, 11, 16, 12 ], "texture": "#bark" },
				"east": { "uv": [ 0, 11, 15, 12 ], "texture": "#bark" }
			}
		},
		{
			"__comment": "log2",
			"from": [ 11.5, 7, 1 ],
			"to": [ 15.5, 8, 16 ],
			"faces": {
				"down": { "uv": [ 11.5, 0, 15.5, 15 ], "texture": "#bark" },
				"up": { "uv": [ 11.5, 1, 15.5, 16 ], "texture": "#bark" },
				"north": { "uv": [ 0.5, 8, 4.5, 9 ], "texture": "#bark" },
				"south": { "uv": [ 11.5, 8, 15.5, 9 ], "texture": "#bark" },
				"west": { "uv": [ 1, 8, 16, 9 ], "texture": "#bark" },
				"east": { "uv": [ 0, 8, 15, 9 ], "texture": "#bark" }
			}
		},
		{
			"__comment": "log3",
			"from": [ 11.5, 5, 1 ],
			"to": [ 12.5, 7, 16 ],
			"faces": {
				"down": { "uv": [ 11.5, 0, 12.5, 15 ], "texture": "#bark" },
				"up": { "uv": [ 11.5, 1, 12.5, 16 ], "texture": "#bark" },
				"north": { "uv": [ 3.5, 9, 4.5, 11 ], "texture": "#bark" },
				"south": { "uv": [ 11.5, 9, 12.5, 11 ], "texture": "#bark" },
				"west": { "uv": [ 1, 9, 16, 11 ], "texture": "#bark" },
				"east": { "uv": [ 0, 9, 15, 11 ], "texture": "#bark" }
			}
		},
		{
			"__comment": "log4",
			"from": [ 14.5, 5, 1 ],
			"to": [ 15.5, 7, 16 ],
			"faces": {
				"down": { "uv": [ 14.5, 0, 15.5, 15 ], "texture": "#bark" },
				"up": { "uv": [ 14.5, 1, 15.5, 16 ], "texture": "#bark" },
				"north": { "uv": [ 0.5, 9, 1.5, 11 ], "texture": "#bark" },
				"south": { "uv": [ 14.5, 9, 15.5, 11 ], "texture": "#bark" },
				"west": { "uv": [ 1, 9, 16, 11 ], "texture": "#bark" },
				"east": { "uv": [ 0, 9, 15, 11 ], "texture": "#bark" }
			}
		},
		{
			"__comment": "log4",
			"from": [ 3.5, 5, 1.5 ],
			"to": [ 4.5, 7, 16.5 ],
			"rotation": { "origin": [ 0.5, 5, 1.5 ], "axis": "y", "angle": 22.5 },
			"faces": {
				"down": { "uv": [ 6, 1, 7, 16 ], "texture": "#bark" },
				"up": { "uv": [ 6, 0, 7, 15 ], "texture": "#bark" },
				"north": { "uv": [ 9, 9, 10, 11 ], "texture": "#bark" },
				"south": { "uv": [ 6, 9, 7, 11 ], "texture": "#bark" },
				"west": { "uv": [ 0, 9, 15, 11 ], "texture": "#bark" },
				"east": { "uv": [ 1, 9, 16, 11 ], "texture": "#bark" }
			}
		},
		{
			"__comment": "log",
			"from": [ 1.5, 5, 1.5 ],
			"to": [ 3.5, 7, 16.5 ],
			"rotation": { "origin": [ 0.5, 5, 1.5 ], "axis": "y", "angle": 22.5 },
			"faces": {
				"down": { "uv": [ 4, 1, 6, 16 ], "texture": "#inner" },
				"up": { "uv": [ 4, 0, 6, 15 ], "texture": "#inner" },
				"north": { "uv": [ 10, 9, 12, 11 ], "texture": "#inner" },
				"south": { "uv": [ 4, 9, 6, 11 ], "texture": "#inner" },
				"west": { "uv": [ 0, 9, 15, 11 ], "texture": "#inner" },
				"east": { "uv": [ 1, 9, 16, 11 ], "texture": "#inner" }
			}
		},
		{
			"__comment": "log1",
			"from": [ 0.5, 4, 1.5 ],
			"to": [ 4.5, 5, 16.5 ],
			"rotation": { "origin": [ 0.5, 5, 1.5 ], "axis": "y", "angle": 22.5 },
			"faces": {
				"down": { "uv": [ 3, 1, 7, 16 ], "texture": "#bark" },
				"up": { "uv": [ 3, 0, 7, 15 ], "texture": "#bark" },
				"north": { "uv": [ 9, 11, 13, 12 ], "texture": "#bark" },
				"south": { "uv": [ 3, 11, 7, 12 ], "texture": "#bark" },
				"west": { "uv": [ 0, 11, 15, 12 ], "texture": "#bark" },
				"east": { "uv": [ 1, 11, 16, 12 ], "texture": "#bark" }
			}
		},
		{
			"__comment": "log2",
			"from": [ 0.5, 7, 1.5 ],
			"to": [ 4.5, 8, 16.5 ],
			"rotation": { "origin": [ 0.5, 5, 1.5 ], "axis": "y", "angle": 22.5 },
			"faces": {
				"down": { "uv": [ 3, 1, 7, 16 ], "texture": "#bark" },
				"up": { "uv": [ 3, 0, 7, 15 ], "texture": "#bark" },
				"north": { "uv": [ 9, 8, 13, 9 ], "texture": "#bark" },
				"south": { "uv": [ 3, 8, 7, 9 ], "texture": "#bark" },
				"west": { "uv": [ 0, 8, 15, 9 ], "texture": "#bark" },
				"east": { "uv": [ 1, 8, 16, 9 ], "texture": "#bark" }
			}
		},
		{
			"__comment": "log3",
			"from": [ 0.5, 5, 1.5 ],
			"to": [ 1.5, 7, 16.5 ],
			"rotation": { "origin": [ 0.5, 5, 1.5 ], "axis": "y", "angle": 22.5 },
			"faces": {
				"down": { "uv": [ 3, 1, 4, 16 ], "texture": "#bark" },
				"up": { "uv": [ 3, 0, 4, 15 ], "texture": "#bark" },
				"north": { "uv": [ 12, 9, 13, 11 ], "texture": "#bark" },
				"south": { "uv": [ 3, 9, 4, 11 ], "texture": "#bark" },
				"west": { "uv": [ 0, 9, 15, 11 ], "texture": "#bark" },
				"east": { "uv": [ 1, 9, 16, 11 ], "texture": "#bark" }
			}
		}
	]
}